DATE,Alte Pinakothek,Ausland (Tourismus),Olympiapark,Bayerisches Nationalmuseum,Bayerisches Staatsorchester,Deutsches Museum,Inland (Tourismus),Kleine Olympiahalle,Museum Brandhorst,Museum Mensch und Natur,Muenchner Kammerspiele,Muenchner Philharmoniker,Muenchner Stadtmuseum,Nationaltheater,Neue Pinakothek,Olympia-Eissportzentrum,Olympiahalle,Olympiastadion,Olympiaturm,Pinakothek der Moderne,Prinzregententheater,Residenztheater,Schackgalerie,Schauburg - Theater fuer junges Publikum,Staedtische Galerie im Lenbachhaus,Theater am Gaertnerplatz,Tierpark Hellabrunn,Kinos
01/01/2000,23178,0,57396.03004,23050,2969.1,61758,0,4600,0,0,0,19295.3,10637,51961.1,21081,53358,40500,6853,27558,0,0,18730.6,3830,3423.6,12687,19525.9,33033,554594
01/02/2000,20684,0,57396.03004,16000,658.8,59371,0,57396.03004,0,0,0,16545.4,15769,44496,17635,38532,85800,172987,32847,0,0,19830.1,1553,4783.6,13433,18896.3,39591,497041
01/03/2000,26725,0,6500,3827,4150,99024,0,300,0,0,0,29405.8,18051,50777.7,25439,39747,62600,244351,44306,0,0,19615.3,1333,3889.4,19288,19523.1,45113,405974
01/04/2000,16750,0,1600,3491,4591.4,111939,0,800,0,0,0,21083.1,10351,51246.1,14287,30436,17400,348904,81363,0,0,15786,814,3197.5,16879,17381,152503,413818
01/05/2000,21291,0,1750,2243,527.6,91902,0,450,0,0,0,14862,13844,45895.5,14405,6039,97100,230485,72293,0,0,14613.7,587,5402,14070,18199.2,82923,304364
01/06/2000,28401,0,39000,5042,6150.3,75860,0,1000,0,0,0,19453.1,14741,28653.6,18023,9668,48000,20423,73379,0,0,15231,754,3004.8,12661,15472.1,100089,291474
01/07/2000,37193,0,101500,10142,9342.8,144578,0,57396.03004,0,0,0,19343.6,26468,57351.7,23785,13580,22500,197930,98156,0,0,16956.3,1749,3811.2,18039,18930.46492,115589,429441
01/08/2000,29980,0,461000,6378,11523.11961,110022,0,57396.03004,0,0,0,11498.17614,13660,18969.56682,25509,22281,4800,293106,110355,0,0,18949.8636,1264,18940.11325,13161,18930.46492,147673,342364
01/09/2000,30711,0,121700,12439,11523.11961,81054,0,4500,0,0,0,27965.5,12039,24402.7,14703,19993,11100,264932,79041,0,0,1202.3,1123,18940.11325,12239,6599.8,87865,334245
01/10/2000,37823,0,150,17788,5229.8,99071,0,600,0,0,0,12040.8,22603,50976.5,29675,33380,122400,219020,61924,0,0,20246.9,4827,3106.7,28407,18009.5,72083,451179
01/11/2000,22069,0,2150,10539,952.7,55319,0,57396.03004,0,0,0,28479.2,13024,53944.6,23474,30655,148000,208177,45404,0,0,18496.3,1038,3757,14790,17701.2,50420,396161
01/12/2000,16812,0,2100,30894,3968.2,56429,0,57396.03004,0,0,0,30991.9,10795,48236.3,14519,45316,74900,155996,39339,0,0,20595.7,695,4282.7,13412,21360.2,32955,457936
01/01/2001,19988,0,57396.03004,21066,5549.4,64121,0,2700,0,0,0,21666.1,13857,50435.9,25520,49762,37600,39000,33775,0,0,19263.5,963,5094.6,15545,19166.8,30842,501424
01/02/2001,54045,0,5000,9018,4916.9,56968,0,3000,0,0,0,24186.6,14256,48132.6,24152,34640,84700,156504,34124,0,0,18433.7,1023,3817.8,18271,16701.6,35044,487303
01/03/2001,70567,0,57396.03004,6139,4987.5,83484,0,2300,0,0,0,29594.4,15469,47383.8,34109,33820,61100,243017,43491,0,0,22059.6,1050,4685.5,21122,19840.8,37511,528917
01/04/2001,56436,0,13800,5484,3493.2,127512,0,57396.03004,0,0,0,21119.6,11948,49767,35327,34640,47000,253221,68802,0,0,17756.1,803,3416.5,19290,17172.4,73310,484568
01/05/2001,31642,0,2150,3314,7243.8,68935,0,57396.03004,0,0,0,10392.3,9598,45355.4,27492,6607,47300,225037,60340,0,0,19894.6,980,5334.3,16457,18582.3,100689,239742
01/06/2001,32068,0,36500,3952,11523.11961,108501,0,900,0,0,0,20058.8,12112,27596.5,22297,7237,27500,149815,65574,0,0,19662.1,626,3089.7,14824,15944.8,104400,378327
01/07/2001,39101,0,43300,3612,7634.1,122411,0,57396.03004,0,0,0,14421.3,14317,62170.4,21802,8220,67100,132095,91481,0,0,4417.6,645,3776.9,15394,16975.3,125044,399228
01/08/2001,47023,0,509500,3162,11523.11961,111440,0,57396.03004,0,0,0,11498.17614,9501,18969.56682,27620,9573,57396.03004,179986,98968,0,0,18949.8636,752,18940.11325,12854,18930.46492,169785,527934
01/09/2001,24144,0,20150,4228,11523.11961,102080,0,4400,0,0,0,30824.2,23257,18969.56682,21816,22568,83000,264425,59295,0,0,18949.8636,733,18940.11325,18231,10162.8,69790,524193
01/10/2001,18936,0,6600,3305,3902.7,82346,0,57396.03004,0,0,0,20714.8,20156,5509.6,16196,22945,69200,245681,72935,0,0,16217.7,535,3417.8,22001,18160.1,110838,440781
01/11/2001,21798,0,100,8067,4843.1,54556,0,57396.03004,0,0,0,31221.6,12704,46077.1,21578,40086,140900,214867,38185,0,0,21672.2,891,5186.1,16763,21247.5,39594,466526
01/12/2001,20738,0,4800,19433,4126.2,53243,0,57396.03004,0,0,0,27726.6,14671,52169.3,12606,41421,96800,119350,30761,0,0,23092.3,651,4121.6,12483,23912,26573,519699
01/01/2002,20162,0,50,10963,669.7,49094,0,2700,0,0,0,23686.1,17788,51546.8,12570,37851,29700,29140,27823,0,16639.4,22108.7,682,4426,17210,18705.2,38342,560263
01/02/2002,25853,0,50,10567,5330.5,56223,0,2500,0,0,0,14980.2,11642,43748.6,30009,24480,94800,201519,34909,0,12427.3,20683.8,975,3294.6,20032,16931,55812,451517
01/03/2002,18848,0,10400,3906,4882.8,84049,0,57396.03004,0,0,0,22534,10460,48509.2,31668,41550,49500,229335,59718,0,16641.2,19027.5,605,4130.4,20186,16445.2,111390,470107
01/04/2002,19595,0,1950,6150,4781.3,78638,0,9500,0,0,0,23510.6,10167,50136.5,27899,23519,50030,240010,59737,0,10062.5,15721.2,727,4408.8,16895,15307.3,115294,416408
01/05/2002,24275,0,52900,6405,1202,99892,0,57396.03004,0,0,0,13751.7,11782,47288,37721,7050,28800,85595,71340,0,7561.7,17300.9,1055,3189.8,18512,14165.6,139163,399918
01/06/2002,15745,0,126400,4512,4259,60447,0,57396.03004,0,0,0,25255.2,7606,30781.2,12866,4035,73800,12438,51774,0,10979.7,14848,673,4051.7,14059,16039.2,70739,309710
01/07/2002,25704,0,133600,5277,9564.9,125888,0,57396.03004,0,0,0,7242.1,10683,58975.7,20291,4451,66200,24734,83373,0,2026.9,10585.2,757,4930.5,17821,19465.1,118947,462654
01/08/2002,34510,0,510000,3984,11523.11961,122245,0,57396.03004,0,0,0,2445.7,11016,18969.56682,25717,47403,57396.03004,465243,108885,0,18959.70111,18949.8636,898,18940.11325,15895,497.5,174589,387539
01/09/2002,22656,0,18350,3910,2117.9,82000,0,11100,0,0,0,14475,9486,21435.2,14654,5620,40300,218916,68429,302756,1460.6,18949.8636,509,18940.11325,10350,4760.9,100822,367674
01/10/2002,30314,0,26350,9316,2808.4,110665,0,900,0,0,0,21325.1,27740,46060.7,31199,10786,50100,226818,67137,128576,19841.8,4593.9,867,1900.2,16859,16371.5,72087,455152
01/11/2002,16515,0,50,6868,5895.4,61652,0,57396.03004,0,0,0,27234,35623,48619.8,16833,25226,157900,246843,41276,92259,15734.2,21387.9,583,4593.9,11026,16761.2,34932,456634
01/12/2002,18730,0,42050,17122,6591,64948,0,57396.03004,0,0,0,23478.9,4421,57583.1,19934,31308,89600,103596,37121,88113,40111.8,20876.5,499,5566.8,9734,24281.6,26101,516100
01/01/2003,17878,0,50,11192,4777.7,63117,0,2800,0,0,0,24287.2,8491,52214.6,16499,37563,27000,46679,27780,90116,17567.2,20894.3,709,3670.4,10146,19004.2,28107,488539
01/02/2003,14512,0,14000,6743,336.2,61817,0,2500,0,0,0,16143.4,8682,42527.9,14939,21507,121100,191428,27728,73706,11255.2,19337.8,749,4807.6,15793,16787.1,18896,441716
01/03/2003,20661,0,100,5830,1141.1,97317,0,9550,0,0,9034.5,30103.3,9022,53164.7,20370,23727,45500,170695,56784,83825,10366.8,20416.6,597,4201,21641,16861.4,83585,460087
01/04/2003,19212,0,12700,3433,4047.4,103067,0,900,0,0,14581.7,20991.6,9160,44699.7,18327,8588,32850,158381,66535,69181,8487.1,17346.5,566,3149.4,19924,13683,137764,391792
01/05/2003,20014,0,58650,4127,944.6,90709,0,57396.03004,0,0,10431.8,21872.4,16286,52164.3,19489,4528,55600,264676,72705,68597,8149.2,17983.2,607,5329.1,15671,13822.5,99890,380822
01/06/2003,20222,0,98300,2281,7081.3,72138,0,57396.03004,0,0,10228.3,15523.6,10630,26571.4,15999,2499,26900,194551,65471,49776,6130,15184.7,451,2521.1,10113,13024.4,96640,286372
01/07/2003,27289,0,123100,10595,9643,111745,0,57396.03004,0,0,9761,13124.2,7669,66673.1,20784,5726,57396.03004,136535,81697,74935,3684,16756.3,554,6693.4,13549,12021.8,110133,338283
01/08/2003,25495,0,484700,3787,11523.11961,125448,0,57396.03004,0,0,18979.50766,11498.17614,7005,18969.56682,23024,4972,12000,256412,100995,65611,18959.70111,18949.8636,592,18940.11325,11274,18930.46492,132755,367691
01/09/2003,20431,0,66100,2361,11523.11961,80906,0,10900,0,0,2657.2,17405.4,5350,21819.4,12269,11732,33000,194154,68263,91110,6545.3,18949.8636,420,18940.11325,10778,5653.7,104151,364003
01/10/2003,31622,0,20050,4784,4654.1,127486,0,5300,0,0,15768.5,12049,12942,50382,14653,17821,88800,213078,65970,97348,18586.1,15376.6,806,2474.9,15768,11990.6,62320,457442
01/11/2003,17587,0,150,8347,4478.6,65091,0,900,0,0,13402.6,24195,17542,52020.5,18834,23600,195600,264251,42600,55863,25369.6,21886.7,615,4614,13172,16072.8,42260,538375
01/12/2003,20984,0,17500,18063,3748.2,64693,0,57396.03004,0,0,14330.4,25123.4,12449,52600.3,18770,30919,82100,164243,33072,51260,33116.2,22181.5,537,5502.7,10040,20592.9,18833,560399
01/01/2004,21921,0,10050,14046,762.8,59128,0,3700,0,0,15203.7,25208.6,17513,56366.6,18860,35758,39600,26972,25003,59653,10400.2,21629.5,1129,4575.5,10430,18559.7,20563,531027
01/02/2004,21400,0,11450,15751,528.7,72323,0,300,0,0,14798.4,18051.9,5136,57167.7,27432,29414,132750,194551,32073,67314,20689.2,21141.3,1258,3886.1,14626,14706.5,33338,485202
01/03/2004,20441,0,240,8176,5296,85145,0,57396.03004,0,0,14612.3,25215.5,7771,49599.7,25486,22791,107200,152360,44212,64973,18545.3,23591.4,1086,4698.6,36166,15939.8,46200,420218
01/04/2004,22570,0,9950,7077,808.9,106473,0,11500,0,0,14333.7,24424.4,6964,41532.3,21980,6172,25500,211061,65785,47912,8067.8,19389.9,1042,2421.6,46871,11971.2,111821,407452
01/05/2004,26690,0,43200,4576,4305.4,91601,0,57396.03004,0,0,12842.8,14662.5,5752,46872.5,24042,57396.03004,55450,223474,63978,55832,4522.3,17533.1,2517,4171,45836,15152.4,104171,449848
01/06/2004,22825,0,34090,9381,4331.5,91179,0,2000,0,0,14179.7,10813.7,5393,24875.8,18179,3097,30400,111148,59796,47435,4633.1,20815.1,1947,3271.3,36675,14374.4,89981,424815
01/07/2004,22398,0,94500,5834,7245.1,116487,0,57396.03004,0,0,12985.3,20547.7,6769,58297.9,24195,4875,70000,85321,72458,57645,2923,18438.5,2718,4501,24852,17059.9,106203,505479
01/08/2004,32077,0,374600,4248,11523.11961,124859,0,57396.03004,0,0,18979.50766,11498.17614,2552,18969.56682,24659,7422,57396.03004,149922,96186,51054,21219.9,18949.8636,1472,18940.11325,12782,18930.46492,160751,492733
01/09/2004,21556,0,100550,4840,11523.11961,74292,0,10100,0,0,790,11976.5,7957,23433.1,19403,12527,19000,163817,71287,39414,7238,18949.8636,407,18940.11325,9902,5662.1,94355,407956
01/10/2004,23169,0,28000,6474,6540.5,104095,0,5000,0,0,15185.1,20004.1,9072,48471.6,21316,16651,58500,165322,57235,56409,13965.2,14807.1,753,3238,13739,14329.4,64146,488698
01/11/2004,17125,0,35550,9027,5401.8,75271,0,1100,0,0,14050.3,28675.5,7383,49845.5,16383,23807,109300,313208,35321,45404,24821,19912.2,683,4278.7,9515,14178.6,28529,458374
01/12/2004,17210,0,4000,15114,11523.11961,61646,0,800,0,0,14084.5,18508.8,7473,59242.3,12694,38497,123000,69843,28717,36039,32150.7,19003.9,550,4595.1,8255,21576.8,16898,440713
01/01/2005,14496,0,50,18263,3904.7,80920,0,10600,0,0,15856.3,11957.7,8267,47042.9,21075,33788,44800,47636,39048,34546,9247.9,17430.6,585,3909,10261,19195.6,35969,496249
01/02/2005,11490,0,50,9617,5339.8,58831,0,2100,0,0,13949,15563.1,6387,46590.7,22826,32201,129400,192440,20835,32866,16041.6,17947,536,3287.4,11354,13559.1,15273,436739
01/03/2005,17063,0,20800,8952,2947.4,105207,0,500,0,0,17581.8,16948.6,12080,50504.9,31669,34526,48200,153295,44693,36675,12251.3,20152.1,703,4308,14434,14286.8,77438,486330
01/04/2005,16743,0,3940,4859,4654.3,79480,0,8900,0,0,14976.8,20704.3,9680,44155.2,21263,21912,71540,238575,47700,29970,20878.5,18522.6,565,4788.6,11486,12343.8,84598,311622
01/05/2005,16669,0,145450,5369,4429.2,106014,0,500,0,0,12277.5,26522.6,12454,49400.9,19347,6150,17300,109242,56304,30115,2120.8,17870.3,437,2554.3,11818,13350.2,120469,375257
01/06/2005,16905,0,79120,7657,748.3,71074,0,2050,0,0,15112.8,27592.1,8458,28709.9,17846,5670,29500,52213,47051,29399,9710.4,18197.1,506,5692.7,18035,13947.7,61978,300111
01/07/2005,23142,0,121860,28659,5291.8,135045,0,57396.03004,0,0,15868.1,11352.3,11929,65181.1,22849,7217,57396.03004,62185,64629,42120,18959.70111,13860.7,501,5019.3,24011,14809.2,103450,417653
01/08/2005,25306,0,320540,8775,11523.11961,169640,0,57396.03004,0,0,18979.50766,11498.17614,7618,18969.56682,22345,5542,10000,97940,81562,41457,13332.8,18949.8636,603,18940.11325,29514,18930.46492,159780,433000
01/09/2005,13592,0,16840,5254,11523.11961,66418,0,8700,0,0,3458.3,4221,6459,18969.56682,11502,14629,15,14855,49200,20951,5810.4,18949.8636,333,18940.11325,31166,5630.5,83458,255120
01/10/2005,21383,0,50550,16571,4494.6,93926,0,57396.03004,0,0,13755.6,25959.6,9867,25491.8,22707,26266,92400,45282,56062,40536,18352.1,13697.6,2849,3179.5,70710,14383.3,85963,380076
01/11/2005,13756,0,9270,10017,5026.8,56327,0,800,0,0,14329.9,17006.4,7872,49064.7,11480,27329,100930,6751,22712,30686,22305.6,18967.8,485,3837.3,80157,17958.1,30419,443425
01/12/2005,17410,0,13120,17623,4457.8,58147,0,57396.03004,0,0,18067.1,16888.4,10526,51993.6,12326,39988,112200,61959,26133,23781,31559.2,19025.5,292,3595,86169,23788.5,14064,383560
01/01/2006,22009,333962,50,14000,1024.1,59370,454397,8300,0,0,15634.4,21980.9,15737,51088.5,12716,37012,49320,4438,20882,30301,18771.4,19813.5,448,3958.4,45939,19869.9,21232,1266222
01/02/2006,19897,306407,50,7998,8259,53805,470445,1000,0,0,14210.2,27254,12222,38282.9,10950,32050,152240,33417,21884,32097,29756.1,14674.5,820,4439.7,8047,10735.6,20868,1211143
01/03/2006,18214,403819,16270,7231,787.4,84276,599051,600,0,0,15683.6,18139.9,9822,50605.6,16327,32352,94800,6259,31613,37544,21164.2,13688.5,562,3981.1,10582,8935.4,25339,1462023
01/04/2006,22871,425972,30750,6391,7613.8,106502,578995,57396.03004,0,0,12910.7,18442.9,8318,38605.5,16655,19321,32900,18306,72340,36903,9358.7,18485.6,489,2858.7,13288,11563.6,112315,1503429
01/05/2006,25749,502210,25240,6566,5463.7,83455,717930,11950,0,0,14752.3,13544.9,8837,30504.5,3906,10090,68200,118845,59712,19319,9767.4,21953.2,538,4546.7,12505,12455.5,84975,1603899
01/06/2006,15922,600976,12170,5164,11523.11961,64070,469411,57396.03004,0,0,14962.9,24664,7440,28854.5,6026,7510,12400,51009,54017,18834,3640.8,18881.7,319,2870.6,8013,13474.7,96116,1259818
01/07/2006,19648,691719,1074570,5945,2895.8,88441,658581,57396.03004,0,0,11636.8,17015.6,7141,57611.7,14689,10526,17500,198562,67585,26703,437.9,18521.3,465,4121.9,9598,12678.4,100783,1678372
01/08/2006,27815,656678,320610,4406,11523.11961,153254,616925,57396.03004,0,0,18979.50766,11498.17614,6208,18969.56682,21186,10270,10500,234786,106838,42786,18959.70111,18949.8636,542,18940.11325,13988,18930.46492,160173,1792831
01/09/2006,21864,708467,24930,3532,3294.6,57446,692673,4200,0,0,1977.3,6910.5,5459,18969.56682,12195,16942,4050,17463,61511,23716,2604.5,18949.8636,336,18940.11325,9456,6594.9,104438,1720686
01/10/2006,31699,540515,12470,13217,5455.4,82883,747807,500,0,0,14205.8,18554.3,7114,10863.8,17564,29192,66100,51612,63001,38846,12318.2,11937.4,1458,2776.8,19710,15253.5,90410,1789971
01/11/2006,26964,436196,4020,9359,595.7,53201,571160,57396.03004,0,0,15066.7,20609.9,10837,51570.2,9965,34510,92100,4668,34155,29207,10740.2,16925.6,543,5420.8,11586,16490.6,33495,1510915
01/12/2006,19994,496409,7020,23221,748.1,61255,582852,57396.03004,0,0,18495.8,23493.9,5848,52346.3,10413,40458,110200,39489,39633,34110,35648.7,20882.5,555,4695.6,11322,25474.3,26329,1515682
01/01/2007,16938,348997,1240,21166,4424.6,66591,514364,1200,0,0,17210.2,12349.1,6387,51794,16571,40660,63500,5991,28564,41848,15339.4,22790.2,542,4359.1,13016,20606.9,26669,1354093
01/02/2007,13189,391463,7820,14541,6951.1,62280,495110,600,0,0,16339.4,25150.5,4388,43933,14949,31665,123300,7565,37717,38064,22845.6,21649.5,463,4238.9,11004,18616.8,56232,1294433
01/03/2007,17908,458799,6880,19030,739.6,76140,641763,800,0,0,17336,27324.3,8758,48066.1,19295,30939,78100,10831,41058,39837,22186.5,21008,572,5409.5,14151,18693.5,55259,1454949
01/04/2007,16175,561300,36440,3877,3892.2,76765,585708,57396.03004,0,0,14861.4,14877.4,5348,46941.4,15736,17453,39000,16329,71306,23445,12626.2,16955.8,359,3279.1,17419,15106.2,155328,1434072
01/05/2007,17250,504748,39860,12122,850.8,82331,664224,400,0,0,13988.8,14306.2,11356,43060.8,14707,8315,49900,22024,52451,28478,10743.5,18260.5,593,3403.4,23674,16735.5,86329,1552040
01/06/2007,15535,565293,46410,12475,3966.7,70957,636508,2400,0,0,14748.2,28146.6,5533,31852.8,13720,6880,71750,146617,49788,22296,10091.1,19507.8,475,4173,18230,15821.9,95569,1563846
01/07/2007,21900,698318,136800,14575,8065.9,122331,704893,350,0,0,14944,14924.2,7527,59493.8,22996,11295,4000,118013,67922,31642,1570.9,20939.5,461,4679.4,15885,17203.2,113977,1830977
01/08/2007,23294,751791,360970,17437,11523.11961,133217,653325,57396.03004,0,0,18979.50766,11498.17614,4052,18969.56682,28491,11139,9500,80738,89570,28442,18959.70111,18949.8636,480,18940.11325,11557,18930.46492,158867,1802084
01/09/2007,16742,728568,10010,17923,4657.7,81040,687119,57396.03004,0,0,1567.2,8102.4,6569,11629.2,14466,20129,12080,55786,55891,37136,3437.7,1542.8,349,18940.11325,9015,18930.46492,86065,1729540
01/10/2007,20063,619320,12400,6165,5151.7,84147,772868,500,0,0,13376.6,19993.3,5229,44615.4,17157,23842,54700,60584,52709,62252,13567.3,18572.4,1355,2569,13537,7503.1,67928,1792064
01/11/2007,17084,456987,3467,6551,4647.7,60698,661661,57396.03004,0,0,14553.7,10736.7,7454,47836.1,12624,30318,100800,5324,27852,48266,16122.9,20327.4,341,7511.5,9003,14236.8,26177,1481504
01/12/2007,22308,533414,8020,18707,11523.11961,63931,595166,900,0,0,16582,25236.6,6915,56607.2,13304,39130,94700,32856,36397,47276,38438.2,20414.8,541,3697.9,13653,21024.7,20686,1499963
01/01/2008,19449,410163,2470,9300,763.5,62702,494392,450,0,0,16721.9,26420,7127,48554.7,12011,36054,52220,5558,29395,49975,22115.8,17847,505,4179.9,19116,18361.7,50164,1378345
01/02/2008,16349,397516,6620,8377,4874,67305,547389,57396.03004,0,0,12988,16021.4,7254,48239.3,12096,27648,123700,7004,40788,19430,18448.6,17534.3,309,3875.5,17071,16871.6,64802,1401285
01/03/2008,20488,455893,5450,10673,11523.11961,128189,602125,500,0,0,17645,16410.6,8511,45411.3,21031,28652,58800,35912,52812,30326,21453.4,17814.5,23282.59687,2783.3,25561,15884.7,67029,1592647
01/04/2008,18125,512457,11630,8630,4965.2,85455,675558,1300,0,0,15787.5,21083.7,6491,45519.8,16274,20590,52200,12731,42683,26545,27725.9,16576.2,23282.59687,5472,12900,14791.9,64092,1470387
01/05/2008,20072,543455,65580,9146,619.9,87928,762517,57396.03004,0,0,14251.6,22613.7,8728,42677.2,14061,8195,71900,85336,69811,21976,5712,18535.9,23282.59687,3062.1,11266,14876.7,137916,1604774
01/06/2008,15900,598481,30340,4602,6193,66992,692980,1050,0,0,11473.8,22534.9,18455,27713.9,12905,7143,9700,142126,42255,22495,8002.7,18623.1,23282.59687,4634,10520,14180.2,69707,1550560
01/07/2008,24124,735037,82090,7453,6851.2,131619,750892,1050,0,0,12533,16520.3,21351,59497.9,19216,11173,57396.03004,47727,67248,37570,3817.5,21060.9,23282.59687,5001.7,15586,14482.7,117375,1855055
01/08/2008,25552,758086,390670,5457,11523.11961,113659,648151,12300,0,0,18979.50766,11498.17614,7846,18969.56682,19085,12821,8000,50643,88298,36594,18959.70111,18949.8636,23282.59687,18940.11325,12960,18930.46492,167734,1786535
01/09/2008,17788,698271,14240,8063,11523.11961,78368,772575,1100,0,0,2430,7629.5,11481,18969.56682,14604,14341,48500,12814,49314,32082,8668.7,2617.7,23282.59687,235.9,9911,1825.5,82484,1779294
01/10/2008,16624,615772,13460,11587,1825.3,93310,832910,450,0,0,15384.8,10120.7,17538,44589.6,23255,27103,51700,61200,52036,43766,13979.1,16674.5,23282.59687,4502.7,27390,12864.6,71611,1860197
01/11/2008,13325,428885,6240,7910,4694.2,63133,642464,57396.03004,0,0,16561.8,19955.1,17061,50843.8,13726,27522,98300,5169,31097,23654,25730.3,18387.4,1387,3873.4,75382,15829.1,48874,1554782
01/12/2008,17435,502567,4240,16973,4843.7,70204,600236,57396.03004,0,0,19752.1,17476.4,9303,47999.5,14468,39942,86600,11168,32208,24399,44242.4,17167.6,713,3911.6,73508,20927.3,24571,1506844
01/01/2009,16117,372149,3080,8119,4291.7,63915,562599,2500,0,17964,16184.9,7091.8,13197,43052.8,15662,41624,79400,4338,25917,30621,23571.2,17366.3,1277,4683.9,105549,18917.5,24102,1391073
01/02/2009,17460,359138,4240,5654,599.2,69136,550150,57396.03004,0,15108,16459.4,25295.9,9951,46672.8,13318,32307,136500,2815,26855,31553,19974.9,17143.7,1027,3498.7,99733,16359.5,19950,1354389
01/03/2009,21808,412789,5720,11749,4925.5,91501,658956,1150,0,18763,15784.1,22109.1,13730,47318,19628,29179,43100,5642,29533,30877,23997.4,13542.4,1134,4692.6,35564,16783.3,44112,1542493
01/04/2009,16086,463096,17690,11791,6870.8,83989,644062,650,0,11501,13565.7,26800.2,7484,39779.2,13414,34400,47500,46413,58418,23273,26912.4,16918.8,626,3157,1101,13100.8,154232,1386922
01/05/2009,16646,563922,22570,10805,4393.7,75043,806340,57396.03004,41298,13256,13776.6,23505.8,9746,43274.1,14547,7900,39300,81311,50232,23231,14177.1,15905.4,551,4287.3,1461,12893,113602,1688381
01/06/2009,15491,530671,24520,16984,223.6,90524,665203,57396.03004,39481,19729,15992,22505.3,13474,26714.8,13565,6630,19300,69559,51374,19671,8674.5,15525.6,582,2109.9,1057,12864,103792,1560068
01/07/2009,18059,734598,60840,21043,8315.5,123864,835508,57396.03004,34991,18977,14191,19271.1,14610,60682.6,16440,14138,57396.03004,252447,72807,22836,1874.2,21809.1,484,5107.1,1349,19377.3,126302,2039085
01/08/2009,18793,683866,395140,4548,11523.11961,110064,693181,57396.03004,27698,15285,18979.50766,11498.17614,8749,18969.56682,16498,9783,57396.03004,50498,84711,17468,18959.70111,18949.8636,410,18940.11325,693,18930.46492,165527,1778658
01/09/2009,12180,756291,19010,3524,3885.6,68612,763702,57396.03004,24599,10983,3750.2,8249.5,9767,20453.6,10551,15017,57396.03004,25239,54189,15212,7533.4,2741.8,182,248.7,23271.61969,2370.7,95722,1871613
01/10/2009,26234,633233,10370,9402,1628.3,102022,865952,57396.03004,33176,18941,14081.5,23769.6,10779,44568.8,19657,24939,64700,43844,50302,30440,18178.5,14536,642,3291.1,5798,13822.6,61854,1898120
01/11/2009,25088,460403,12640,6279,5066.1,65720,680345,57396.03004,25196,16012,15681.7,23494.2,12530,48801.9,12043,32715,152140,5238,33596,19920,26939.5,16947,8953,4118.2,6712,16545,47250,1566962
01/12/2009,28181,575089,5100,19672,601,75652,644360,57396.03004,20885,11112,17622.8,18968.7,9159,55263.4,12629,40508,96800,4575,32345,17595,36575.7,17614.1,2006,4046.6,5970,25807.9,30880,1676029
01/01/2010,18622,369541,51940,10387,6836,68930,523354,57396.03004,27840,16078,16152.2,10034.1,11741,47983.4,14411,40885,68010,4824,22506,21844,23601.9,16556,2946,3584.8,11800,17389.5,35863,1437662
01/02/2010,17965,467130,22820,5998,690.7,68099,614904,57396.03004,21012,16073,15374.9,11882.4,12681,46556.1,13175,35501,117750,3211,26057,18905,21186.2,14607.1,2684,3035.9,2632,15115.3,39602,1574731
01/03/2010,21638,498625,6770,7107,3712.6,94736,754724,57396.03004,20509,18518,16896.2,16962.8,16332,45736.9,19258,30806,91740,8331,39455,26330,21277.5,16694,1844,4665.1,7887,16725.6,59390,1698428
01/04/2010,18502,598479,48850,6617,5746.2,92753,719010,57396.03004,15973,16525,11993.8,17074.8,11915,40001.6,15187,27425,28900,8809,48983,29016,13724.5,16307.5,1355,3240.2,6887,14286.9,160983,1609118
01/05/2010,22128,590591,81960,10048,5227.8,109175,827875,57396.03004,20233,26146,14231,22025.3,21756,42052.4,19831,9375,43075,66747,54824,63099,12341.6,16524.1,1138,3917.1,9577,16197.5,106251,1787172
01/06/2010,21512,697363,34310,7309,536.5,86276,740763,57396.03004,13001,19852,14108.1,25151.7,11513,26005.6,13093,7632,57396.03004,97904,44997,35087,7688,17015.6,783,3514.9,3400,14572.1,99196,1703757
01/07/2010,27910,940697,66000,8800,4090.7,112739,860901,57396.03004,14098,16360,11678.2,13274.4,15337,60012.6,16702,9160,57396.03004,201817,60747,38117,3620.2,16679.2,564,4904.4,8064,15655.2,114982,2142804
01/08/2010,34235,781988,364150,5764,11523.11961,148556,795403,57396.03004,16710,23752,18979.50766,11498.17614,17777,18969.56682,19491,14656,8200,51888,82961,49022,16214,18949.8636,913,18940.11325,11976,18930.46492,166713,2038295
01/09/2010,19798,927425,30790,7092,11523.11961,69883,856955,57396.03004,11076,11626,0,9463.4,17828,18523.9,11829,25547,23490,83917,54688,17771,3146.4,3910.3,658,18940.11325,10026,4199.6,101088,2078301
01/10/2010,28243,704846,19460,16192,1262,99856,918242,57396.03004,31844,16715,13659.5,12061.3,24108,47294.9,22574,40139,50000,63279,55734,43383,16890.1,17176.7,1981,3494.4,2830,14692.5,81593,1981187
01/11/2010,18035,541726,6390,9657,9584.4,64235,709665,57396.03004,19923,14471,15616.5,24702.7,9232,41922,13321,48856,141810,5630,32171,14763,22288.8,15731.5,867,3868.4,5625,14971.8,51424,1649668
01/12/2010,25936,623568,6440,18133,315.4,63332,671142,57396.03004,15461,7692,17652.5,19258,13442,54726,11392,49632,100800,6389,24764,19459,38106.8,15567.2,814,3829.3,4425,28561.8,16453,1620601
01/01/2011,25303,461837,72890,8414,527.2,73989,659064,57396.03004,25838,21291,16823.4,19143,18752,52051.7,16868,56533,68000,4240,32499,26118,23122.8,14767.6,956,4335.7,9452,18370.5,31664,1569342
01/02/2011,21301,492252,5530,7176,4655.3,59553,637087,57396.03004,20344,23648,14277.5,7931.8,14107,40526.3,14091,33889,105430,18908,28496,22931,14920,16531.2,838,4840.1,2734,20606.6,32669,1527345
01/03/2011,26453,504521,10480,3354,11523.11961,75899,729315,57396.03004,17652,23351,17149.3,25539.4,15897,51075.7,16320,38724,61265,5384,38008,29783,23127.1,18685.1,865,4351,23271.61969,18895.1,68412,1639802
01/04/2011,33908,586656,22670,2867,4812.4,84598,770694,57396.03004,16641,10386,14079.2,27665.3,9822,44935.4,15237,18488,34160,47234,64302,23752,17105.4,18122.7,474,3276.6,4974,15054.8,181748,1631990
01/05/2011,30920,638540,22380,4704,4110.3,56775,864206,57396.03004,14765,9260,14352.5,26019.8,9230,44716.3,14317,11352,62095,9181,47336,22018,14268.6,16275.6,634,3390.9,8134,14629.8,93143,1767284
01/06/2011,35029,697088,21720,5405,11523.11961,100045,830063,57396.03004,18349,16566,13957.4,16106.2,8602,31061.9,17224,6615,84890,122733,61347,26585,7519.2,18887.9,523,2120.8,7927,15103.4,134258,1966461
01/07/2011,34452,942009,67870,5944,9830.2,128543,963396,57396.03004,22576,19400,14186.9,14939.6,11060,57424.5,23755,14249,9950,232470,71492,37517,10467.1,6402.4,727,4086.6,7813,13803,140027,2340767
01/08/2011,31191,766880,565070,3834,11523.11961,119850,821359,57396.03004,14326,15650,18979.50766,11498.17614,4301,18969.56682,23094,9457,45730,49702,78600,23771,14579.8,18949.8636,552,18940.11325,6916,18930.46492,161546,1942864
01/09/2011,20199,937645,27150,2819,11523.11961,61886,887585,57396.03004,11320,8809,869.6,13631.9,8206,18969.56682,13673,17957,11025,11042,52524,20678,7999.7,18949.8636,439,18940.11325,1333,3702.5,94028,2099549
01/10/2011,32583,731857,16750,8028,5084.7,94591,973605,57396.03004,20874,14243,16004.9,16380.5,15798,26326.8,20454,34321,94000,61953,67765,26553,20770.4,11501.8,1574,2180,13782,13142.2,88035,2032013
01/11/2011,33922,578235,7990,4960,2682.3,59030,796919,57396.03004,12253,12880,16797.5,23711.6,11348,44870.2,14732,34064,127745,6254,44694,23764,22402.1,18275.8,588,3822.2,16261,16567.7,54153,1783120
01/12/2011,33922,678446,11660,11781,8955,77245,727419,57396.03004,11554,9768,14115.7,21319.3,10513,45389.2,16014,41022,82680,6866,37630,25169,22399.6,15400.9,519,3565.8,17076,25203.2,26930,1825072
01/01/2012,33530,531163,1840,7053,4731.8,85040,604837,800,14552,18211,12944.6,13581.9,10316,39931.4,22422,46864,71500,3659,24101,32829,27101.8,16218,878,3357.3,24491,20527.7,24281,1643594
01/02/2012,17078,462185,2930,5555,428.3,73294,644986,3700,12020,14486,18023.7,22555.2,11868,46796.1,29640,47927,99000,1993,21444,26183,26177.8,15620.5,759,4173.4,26003,17304.6,27583,1531408
01/03/2012,18169,584443,18550,5537,4195.7,76814,781282,57396.03004,11895,12783,17332.6,16593.7,16252,51923.9,28642,27544,54800,4544,33913,33216,15774.8,16155.2,815,4928.7,8844,16931.9,71800,1727431
01/04/2012,22691,652116,26900,5953,1032.6,127223,794080,5700,17876,23250,15112.2,21573.6,11316,46634.4,30330,14877,37645,12730,54656,70569,34922.9,11627.7,721,2758.8,7000,14906.6,103919,1846604
01/05/2012,18402,742411,147880,7858,4445.2,73049,858267,3800,13351,11670,16734.6,9970.8,8827,35970.4,17603,14793,26300,141510,53900,48231,14585.9,10565,469,3324.8,5234,18930.46492,114221,1908545
01/06/2012,18261,785168,39730,6271,6260.9,85951,827542,1650,11070,13650,13709.4,22503.7,8471,25838.6,16598,8140,12880,89469,44951,45160,13997.4,14381.1,548,3265.7,5544,18930.46492,110031,1838414
01/07/2012,26056,941912,66100,10887,6336.5,118977,954378,57396.03004,15545,16513,13903.2,25604.9,10732,59440.6,24254,9863,200,135182,67985,49904,18846,13469.8,674,3488.3,4545,18930.46492,124978,2298341
01/08/2012,27780,876192,582240,4177,11523.11961,111397,829758,57396.03004,11671,10742,18979.50766,11498.17614,5733,18969.56682,22685,15656,57396.03004,41263,90890,24299,16781.6,18949.8636,572,18940.11325,23271.61969,18930.46492,152834,2079709
01/09/2012,18993,920434,39500,4819,4046.2,73253,945594,700,11672,11199,1380.5,24469.2,7806,13692.8,17876,20323,57396.03004,89570,51470,24627,9529.4,2100.5,764,18940.11325,23271.61969,18930.46492,91460,2168735
01/10/2012,25527,829784,20310,6778,2040.3,99354,1000032,4900,17838,14906,16084.4,19116.4,11365,42082.3,23743,35298,36740,30897,56718,28496,15308.6,14727.7,1501,3814.1,23271.61969,18930.46492,67335,2181364
01/11/2012,19751,625858,12480,5176,5066.1,66428,816922,11000,13881,11755,14056.3,25730.1,13884,42465.4,18794,62468,142080,5131,35096,25761,22447.1,18204.6,835,3665.9,3809,18930.46492,41131,1949476
01/12/2012,24296,715149,8070,10298,4086.1,75384,780363,2000,12875,13791,16061,13471.3,10778,62213.1,20289,44450,94300,5528,42324,28098,37965,20870,652,3315.9,3282,18930.46492,28598,1932349
01/01/2013,18807,543797,19510,5793,11523.11961,72065,690769,12100,11251,17876,16822.4,23266.4,14124,41416.6,17788,45275,59200,2902,22852,27926,32480.1,21207.4,1012,3620.1,2973,18930.46492,21245,1708937
01/02/2013,14828,555316,5520,4375,4895.4,69772,680158,6850,10282,21034,12323.4,19769.4,16889,40173.5,13382,40065,77920,1978,17884,20384,14462.1,16347.6,812,4085.3,1704,18930.46492,18072,1636154
01/03/2013,30519,630557,26220,4835,580.1,123501,818335,5800,15400,25800,13877.3,13847.3,35036,50401.6,23800,32999,72940,7965,45424,23282.59687,21988.6,20624.3,1102,4114.4,23271.61969,18930.46492,88842,1829833
01/04/2013,35897,749121,19930,10094,4781.9,101051,818665,6800,10137,30552,13533.1,7189.4,19725,44417.5,23066,16162,71625,12634,39147,23282.59687,19985.9,19050.7,750,3381.1,23271.61969,18930.46492,81800,1820716
01/05/2013,39783,769222,24640,20300,6113.6,133015,889088,57396.03004,10738,33810,12708.8,15336.6,19218,42458.4,30214,10145,64500,114067,54550,23282.59687,10668.9,14698.4,765,2078.8,72835,18930.46492,121958,2070928
01/06/2013,25414,818257,141410,13913,4474.7,79560,867322,57396.03004,6395,20676,16476.5,22595.6,9084,34871.1,19378,8880,35020,78018,43761,23282.59687,16218.9,14318.4,489,4251.1,41676,18930.46492,82212,1994363
01/07/2013,18658,905595,84710,12106,4677,108868,962990,1350,4977,11486,13362,15181.6,15491,53658.8,21137,6970,200,44677,66449,23282.59687,19308,14184.5,493,3839.5,39808,18930.46492,123720,2168007
01/08/2013,24708,996386,559430,18804,11523.11961,137263,875867,57396.03004,7712,11711,18979.50766,11498.17614,8916,18969.56682,28891,1749,57396.03004,90099,82672,23282.59687,12257,18949.8636,505,18940.11325,41941,18930.46492,177048,2218311
01/09/2013,15103,971590,51185,11434,3498.4,82961,876547,2400,7274,9911,2511.3,14310.6,10256,17624,17075,25260,3045,10130,48295,13792,13427.9,5057.7,386,18940.11325,40164,18930.46492,86285,2124085
01/10/2013,20091,853539,21900,16190,4559.2,117291,1000568,6500,9718,14966,16169,25937.4,13457,44525.9,15334,30175,36800,36417,54714,33709,19482.3,13169.5,522,3487.2,48753,18930.46492,87229,2198174
01/11/2013,16765,644006,7160,9572,1688,88758,796899,5800,11108,14231,16974.3,19156.1,12395,47019.3,15303,62891,92735,3565,24875,43378,32656.6,16802.4,816,4239.7,41696,18930.46492,27246,1921578
01/12/2013,16911,755836,10344,15399,756.1,84446,746661,1350,9440,8474,17183.8,17803.3,9558,56168.9,16065,47291,46885,6435,47491,31269,41944,28016.1,582,3012.2,41475,18930.46492,43466,1944297
01/01/2014,17653,625505,8210,6309,6890.7,87749,654390,1700,10244,17965,18580.8,23164.4,10702,51452.1,15885,50685,76100,3128,25341,38733,29175.3,22874.8,656,4081.2,49238,18930.46492,39983,1747640
01/02/2014,14464,521528,26640,4278,4721.6,70510,700881,2650,6917,15362,17069.2,18668.7,10926,44977.4,11405,38370,45300,3070,36514,26643,17223.3,19488.2,794,3666.2,33160,18930.46492,49757,1572793
01/03/2014,16275,651745,31190,4509,388.3,94544,812259,7000,8012,15092,17034.7,17497.7,15661,54276.8,16337,33071,115300,6715,41276,23951,31358,16012.1,755,3660.3,32570,18930.46492,137666,1857137
01/04/2014,17310,746690,57120,3338,4493.6,119301,845857,46915,8373,23155,14777.1,15589.1,9624,43669.6,16431,19736,84735,17222,61084,25408,12021.9,13943.9,681,2213.6,30424,18930.46492,206814,1921962
01/05/2014,17519,870652,35490,7628,845.2,93450,911172,55921,8349,18620,12561.2,9253.5,11747,47631.3,16368,14980,16880,10893,52843,23828,20271.2,19247.27639,556,4378.1,30643,18930.46492,139315,2081599
01/06/2014,15161,824497,26930,5793,7672.3,76042,864330,20878,6300,12237,12448.1,21552.9,7190,35391.8,13761,8440,10525,202103,57803,22993,9762.7,15530.1,329,2155.6,17475,18930.46492,124695,1887358
01/07/2014,20606,954623,118600,8873,6040.4,135716,988697,39198,10071,19248,8353.5,12494.8,10182,89218.2,17582,8955,50,102780,64536,30269,11438.4,17549.8,592,3020.7,24338,18930.46492,123304,2252710
01/08/2014,25328,1097045,503930,7594,11523.11961,168169,944562,68629,17950,26595,18979.50766,11498.17614,5682,18969.56682,23040,19417,57396.03004,46112,88914,38241,12078.4,18949.8636,620,18940.11325,30510,18930.46492,196860,2500322
01/09/2014,14164,985603,36720,5516,4296,81202,905187,58013,10882,13509,1606.1,14170.7,9097,15675.5,13638,25417,100,9955,56909,19919,8115.9,5299,416,18940.11325,18940,18930.46492,103830,2191215
01/10/2014,21913,867383,22370,14550,380,111261,1046277,13121,17007,13879,16503.4,2673.9,13846,41683.2,19157,40256,54600,41688,62326,26417,16913.3,16188.3,1579,2446.4,31622,18930.46492,101003,2261196
01/11/2014,31242,686222,12300,10491,5899.5,68539,846837,3000,12092,9730,16350.8,32556.1,17793,49383,15730,64147,113215,5187,27072,17237,31161.2,21189.7,566,5008.6,22144,18930.46492,50588,1933291
01/12/2014,31105,825154,11960,21728,1524.3,81974,837613,28500,6204,6401,16330.2,12812.9,13711,56894.2,16133,54514,62000,4152,33415,18522,43230.8,25821.3,340,3710.8,21976,18930.46492,26828,2098217
01/01/2015,54261,610359,5479,6183,4615.2,87662,723000,4050,9139,12983,15035.1,18536.8,20540,49758.3,18655,55368,94598,2549,24086,23369,33158.6,20107.5,624,3063.7,21421,18930.46492,23458,1776616
01/02/2015,28355,615875,10213,13273,4735.4,75782,729954,11600,7444,12742,17457.7,23986.1,15239,48192.9,14513,38505,58740,3421,30538,19581,21387.4,17451.9,615,1739,45477,18930.46492,33155,1748877
01/03/2015,12086,677430,17030,11621,284.6,114283,880306,10800,8852,13122,17956.4,17551,19613,47941.4,17946,33806,101557,7602,38623,22486,18430.2,17439.1,537,4304.7,55505,18930.46492,60830,1939671
01/04/2015,12749,743821,59360,9536,6457,111029,853226,29700,6850,12453,16304.3,22769.4,12844,44242.5,15399,13363,34375,15082,66901,22644,15637.4,14890.2,459,2907.8,66164,18930.46492,119437,1913830
01/05/2015,17578,858886,33420,13801,132.9,114761,961095,35300,8492,20335,15893.8,15548.4,13860,45718.9,20535,13661,41891,285540,57880,27311,20018.1,15912.9,605,3906.5,33602,18930.46492,115395,2132718
01/06/2015,15103,860022,93130,2532,4344.5,80793,960940,14200,7384,8218,14506.6,15788.2,10369,33033.1,15397,11790,29204,62906,55548,20282,8126,15381.6,424,3421.6,12765,18930.46492,95340,2142549
01/07/2015,19795,1083763,84680,10686,8093,117137,1054218,19500,13177,12700,13909,12268.4,7415,52944.6,20488,7535,24066,46494,69571,22180,17300.7,15673.8,455,3759.1,15883,18930.46492,111542,2450749
01/08/2015,23021,1184171,623910,4943,11523.11961,147273,980352,38200,14900,11615,18979.50766,11498.17614,9003,18969.56682,23672,9909,27,28303,83018,27428,12423.1,18949.8636,555,18940.11325,16071,18930.46492,164163,2470112
01/09/2015,18027,1102876,38330,4637,11523.11961,81157,901990,33750,12655,9689,1391.8,15683.6,10183,19010.2,20,25484,420,11292,58197,20586,7141,2274.3,580,505,13914,18930.46492,95655,2319151
01/10/2015,22501,927185,58610,9008,5044,117227,1060941,11350,13736,15009,16079.5,19292.8,12674,44377.5,1735,35531,63132,89647,46936,28582,21106.8,15837.3,853,3871.3,39796,18930.46492,73767,2390569
01/11/2015,13584,690156,7990,9141,4455.4,72462,891424,2400,8231,13102,14811.7,22936.7,12991,41348.4,13632,42696,89218,4865,41968,20761,30155.9,18577.3,628,4662.3,40297,18930.46492,66931,2069343
01/12/2015,15344,828076,16280,10585,135.7,79094,827886,1200,7991,8685,17118.6,16907.6,9791,54743.9,14199,38506,133914,5453,48630,21259,40057,28211.4,510,4289.4,45528,18930.46492,55848,2101344
01/01/2016,16098,635540,32210,7857,5196.8,88823,686829,3400,11711,18500,18925.3,18073.8,13605,46301,17200,56309,73066,2955,19217,28791,28665,21495.7,881,3866.9,53449,18930.46492,29281,1806866
01/02/2016,12462,579800,15238,10470,6806.7,82800,768551,3900,10294,17679,16988.8,18296.2,15615,38416.7,16960,46170,57818,3133,33328,27556,19932,18767.9,1031,3976.7,25775,18930.46492,39985,1736447
01/03/2016,17194,712782,48600,6555,4296,104897,956820,5360,10250,19141,14433.5,21510.7,19283,45262.6,20289,48662,55321,10378,53150,23264,27311.6,18221.8,659,3430.3,27577,18930.46492,93139,2039666
01/04/2016,15918,838038,62030,5507,594.9,87943,988360,5350,9119,13889,14548.2,23252.3,14229,51502.4,18140,40452,80184,8790,38999,21985,26587.8,17330.8,753,5048.1,24092,18930.46492,81730,2082372
01/05/2016,15412,811670,93140,7938,283.4,91353,975547,57396.03004,3561,16348,15038.3,1176.7,14844,48225.4,16041,13453,70997,124984,63296,0,6053.3,16805,1338,2896.9,17970,18930.46492,132450,2049708
01/06/2016,16399,869137,35520,10282,4296,87843,977093,57396.03004,8574,13362,12730.7,19801.7,12969,38977.4,17756,7980,27140,102385,46631,0,15040.2,15169,1598,4647.3,15706,18930.46492,61270,2070794
01/07/2016,19360,1017233,112350,12486,10822.9,116298,1071850,57396.03004,9618,15466,15796.6,15989.3,9631,54625,21160,8140,450,140741,55641,0,10734.8,14331.6,1129,3853.7,19381,18930.46492,119531,2400377
01/08/2016,18425,976404,348660,8891,11523.11961,103247,909459,57396.03004,6917,13320,18979.50766,11498.17614,5799,18969.56682,19210,5463,525,58198,65766,0,11632,18949.8636,711,18940.11325,15230,18930.46492,147926,2205646
01/09/2016,11871,1059580,53670,4011,4272,58146,959977,57396.03004,5021,8283,1679.2,18216.5,13313,15801.2,12636,20718,30397,38216,43659,0,12686.6,3159.3,539,18940.11325,10100,18930.46492,98041,2242254
01/10/2016,17498,848065,77900,7186,4625.8,117194,1124991,134300,9509,16955,13738,11917.9,17388,46029.4,21680,44868,107505,97100,57924,0,16876.4,14927.5,1154,2666.2,26406,18930.46492,88402,2363035
01/11/2016,13856,688721,7600,6770,1905.8,74796,913130,1300,7713,14586,14482.5,30225,21139,48072,17438,36733,111479,3204,31658,0,19117.3,20687.9,1277,3889.3,14263,18930.46492,44454,2012225
01/12/2016,15503,821309,28970,12017,4006.5,76437,881220,3000,6180,10077,16495.2,17722.9,11252,55319,16878,47125,88969,3787,40383,0,43001.4,23346.9,1017,3976.6,15383,18930.46492,44858,2086061
01/01/2017,0,608942,4050,6496,1195.7,68802,798061,5300,0,15393,13989,13828.3,11367,51611.2,0,52462,91253,1493,20166,0,35102.2,24284,0,4494.2,12727,18930.46492,21052,1814130
01/02/2017,0,662468,11350,5859,4946.9,63910,790727,2300,0,19172,15738.8,20508.7,7907,41748.8,0,54402,64966,3685,25758,0,21358,19228.8,0,5001.4,14859,18930.46492,82361,1816373
01/03/2017,0,687559,23070,6318,4492.6,84811,925156,10210,0,18811,15070.2,22378.1,19173,40650.9,0,42972,94936,4403,34635,0,30380.4,21063.3,0,6128,19725,18930.46492,97930,1969460
01/04/2017,0,825419,70320,4974,489,117329,933373,57396.03004,0,22067,13245.4,7428.8,9010,52219.5,0,39099,53714,13005,56733,0,22362.2,16830.1,0,3328.8,18009,18930.46492,123976,2082260
01/05/2017,0,892795,106990,4246,537.3,68466,1030741,57396.03004,0,10121,13659.3,17143.1,10918,50439.3,0,10835,88582,8812,38722,0,19134.7,16150.8,0,4935.2,16412,18930.46492,96386,2143204
01/06/2017,0,874987,110130,3013,4598,78381,1011476,57396.03004,0,9794,8889.4,18358.5,9332,37098.9,0,6795,46765,205737,49317,0,8277.2,16898,0,3119.8,18729,18930.46492,102915,2192130
01/07/2017,0,1171864,47660,5291,7672,120629,1176735,57396.03004,0,15136,17334.7,11678,11787,60364.3,0,8026,370,184040,51223,0,13433.8,17499.8,0,231,16521,18930.46492,116598,2645142
01/08/2017,0,1208375,394250,3271,11523.11961,111031,1048674,57396.03004,0,13586,18979.50766,11498.17614,4495,18969.56682,0,13164,500,28410,63447,0,3901.7,18949.8636,0,18940.11325,15086,18930.46492,152642,2568589
01/09/2017,0,1295176,17100,3320,11523.11961,77760,1026684,130600,0,13884,2604.4,4503.8,8210,5845.9,0,29377,26791,97006,44196,0,5423.4,3093.8,0,18940.11325,14625,18930.46492,74014,2581463
01/10/2017,0,972585,79440,9223,6565.1,118996,1187556,4969,0,18492,12801.6,23505.1,15902,45096.7,0,45937,52902,90700,52922,0,20242.3,14910.5,0,1686.7,27042,8770.5,74014,2521000
01/11/2017,0,776108,11870,8283,5425.6,79541,982274,2560,0,14694,13007.4,4125.8,16821,37038.4,0,40588,61943,3854,34730,0,26683.6,19629.3,0,2840,37940,14431.1,36894,2099620
01/12/2017,0,1000041,10400,11482,6593.9,75191,998350,2850,0,8070,13338.9,15205.8,11204,50080.7,0,52578,117160,3253,44016,0,41118.5,22120.5,0,4314.1,31843,14645.2,33051,2382130
01/01/2018,0,749782,8490,7380,419.5,84394,851040,8200,0,16754,13473.5,13444.4,11645,52919.1,0,50844,93555,2722,23751,0,34891.4,24653.9,0,3049,39463,13897.2,36453,1953734
01/02/2018,0,664841,5250,6100,981.7,82925,890094,2450,0,16439,13232,29283.6,6158,43358.1,0,31738,85172,2158,24857,0,23246.9,20290.6,0,2976.9,36773,13838.5,24509,1896417
01/03/2018,0,826467,10380,4614,4846.5,109378,1108539,6000,0,16694,12392.4,19672.2,19583,46491.1,0,51815,118339,7766,42491,0,30083.1,21193.5,0,4451,48715,18054.8,66503,2274007
01/04/2018,0,938866,91960,5798,4381.3,91672,1092468,57396.03004,0,8605,11466,17997.3,7593,41998.9,0,51761,118295,12613,55874,0,23412.3,16914.5,0,2952.6,25187,15220.9,128552,2238796
01/05/2018,0,977820,109250,7091,4634.9,78710,1097001,57396.03004,0,10876,12861,8672.4,9019,43583.8,0,6960,18920,13143,53310,0,7847.9,16325.8,0,2754.9,18045,10836.9,123823,2326691
01/06/2018,0,1047980,124850,8708,905.4,67956,1203458,57396.03004,0,7388,11053.1,26140.6,9709,40477.8,0,6805,63773,129279,45586,0,5991.8,15211.6,0,3763.7,13788,12816,83529,2444962
01/07/2018,0,1305537,71420,9522,11656.9,127181,1380808,57396.03004,0,12829,12073.4,18796.5,11427,50049.5,0,7550,90,184712,61242,0,12983.9,17167,0,3332.3,18825,15491.6,123914,2954753
01/08/2018,0,1289797,544130,4358,11523.11961,125347,1096629,57396.03004,0,10871,18979.50766,11498.17614,4509,18969.56682,0,7422,600,23509,70953,0,4644.3,18949.8636,0,18940.11325,17277,18930.46492,136179,2678619
01/09/2018,0,1258841,88930,4092,7644,69628,1130208,181400,0,10863,18979.50766,5965.4,6462,11905.8,0,31852,19760,8968,45587,0,6900.1,1861.4,0,18940.11325,15726,5782.8,95086,2612018
01/10/2018,0,1114401,23030,7514,6427.4,107231,1256887,2270,0,15028,10678,27504.5,13724,42522.4,0,35755,60068,89018,48846,0,12915.2,16279.7,0,3002.7,22710,14422.2,86191,2659209
01/11/2018,0,875771,13960,6345,955.8,75530,1118845,2900,0,14133,22322.1,12828,12375,47361.6,0,45018,85850,5184,41995,0,18667.1,18358.3,0,4427.3,20619,15095,51207,2353384
01/12/2018,0,1035656,10880,13092,1351.8,83254,1041288,1900,0,12102,14188,11122.9,9713,53632.6,0,63652,66910,3582,47662,0,37964,19261.1,0,3405.8,18583,20799.1,53370,2418781
01/01/2019,0,755715,3360,6935,5285.8,72230,981256,2800,0,13306,13194.6,14303.6,8745,42778,0,67191,203880,2193,18137,0,31000,21308.8,0,5260.2,18813,21690.2,19121,2064805
01/02/2019,0,745767,12290,5964,7136.9,58158,959486,4350,0,11634,13533.8,15327.7,7053,45509.2,0,41931,80360,2932,25311,0,30069.7,18671.8,0,3590.3,17494,15122.7,46584,1985042
01/03/2019,0,829240,17580,5930,0,88327,1114533,12750,0,17705,11814.8,21786.1,19959,53390.1,0,43827,109710,6354,35861,0,25467.3,20433.6,0,4065.9,20267,18767,80733,2260406
01/04/2019,0,1037575,52400,3861,4337.3,98837,1224277,200,0,15333,12809,17537.3,9501,49959.7,0,50463,45680,14289,50849,0,19868,18971,0,1673.9,15278,13196.4,126832,2570737
01/05/2019,0,1084059,101080,7049,508.1,81372,1274759,57396.03004,0,19199,13637.1,24670.1,13863,42455.9,0,12215,117300,16711,38133,0,22326.1,13281.4,0,4244.2,19534,14638.5,90829,2648628
01/06/2019,0,1089453,108950,4129,218.1,70497,1238180,57396.03004,0,9197,9989.2,14289.5,9231,42535.6,0,5965,80293,255364,50289,0,6064.1,18949.8636,0,2151,13746,14809.5,106618,2539391
01/07/2019,0,1372349,42750,5962,2956.9,121971,1435597,57396.03004,0,16360,9282.5,16855.2,11231,52085.9,0,6515,42066,231773,52491,0,9665.5,18949.8636,0,3192,25882,12854.7,105185,3158743
01/08/2019,0,1306898,468300,3550,11523.11961,116523,1197050,57396.03004,0,13328,18979.50766,11498.17614,5878,18969.56682,0,12740,400,73006,70142,0,5618.6,18949.8636,0,18940.11325,16255,18930.46492,160870,2856479
01/09/2019,0,1276701,77540,3193,2198,68137,1203158,32573,0,9116,18979.50766,5678.7,8401,15960.4,0,23447,1700,35045,42178,0,6460.5,18949.8636,0,18940.11325,13258,5408.7,90226,2708801
01/10/2019,0,1174594,19550,6999,2600,117285,1354204,6300,0,16581,16372.9,19872,7909,46714.1,0,37397,65415,90312,48100,0,12783.7,5235.9,0,2495.6,27894,13615.8,88136,2885163
01/11/2019,0,894143,3510,7907,1904.9,72569,1207227,4300,0,14458,14191.9,19416.4,13095,38907.1,0,50800,133055,5409,28264,0,27875.7,21196.2,0,4343.9,29346,15304,35884,2477008
01/12/2019,0,1128301,20830,14699,5790.7,81378,1157922,1400,0,9835,18135.1,17357.3,9173,47872.5,0,65194,90958,5514,46477,0,37805.8,19955.6,0,3438.6,25450,23985.4,28908,2655916
01/01/2020,0,811898,7727,11014,6959.4,73907,981845,5900,0,14826,16562.5,14936.7,9644,44135.3,0,62129,72086,4340,28332,0,29096.9,18320.2,0,4220.1,33087,16844.2,45912,1793743
01/02/2020,0,701073,16770,8289,4539.6,75971,1019041,0,0,14738,15867.9,21669.3,10798,45537,0,42223,97855,4841,28379,0,26508.9,15655.2,0,3444.7,33089,17227.3,53431,1720114
01/03/2020,0,0,1290,3169,0,19761,0,0,0,3732,5885.7,0,7886,17525.1,0,21321,22840,1677,9936,0,6528.7,4501,0,740.8,4693,5971.6,22092,0
01/04/2020,0,0,0,0,0,0,0,0,0,0,0,0,0,0,0,0,0,0,0,0,0,0,0,0,0,0,0,0
01/05/2020,0,0,0,0,0,0,0,0,0,0,0,0,0,0,0,0,0,251,0,0,0,0,0,0,0,0,32507,0
01/06/2020,0,0,0,0,0,0,0,0,0,0,0,0,0,0,0,0,11,3243,0,0,0,0,0,0,0,0,49930,0
