AUSPRAEGUNG,WERT,VORJAHRESWERT,VERAEND_VORMONAT_PROZENT,VERAEND_VORJAHRESMONAT_PROZENT,ZWOELF_MONATE_MITTELWERT,DATE
Münchner Kammerspiele,16415.0,13078.0,-8.81,25.52,13508.0,2020-01-01
Münchner Kammerspiele,15734.0,13416.0,-4.15,17.28,13740.0,2020-02-01
Münchner Kammerspiele,5779.0,11701.0,-63.27,-50.61,13147.0,2020-03-01
Münchner Kammerspiele,0.0,12694.0,,,,2020-04-01
Münchner Kammerspiele,0.0,13509.0,,,,2020-05-01
Münchner Kammerspiele,13078.0,13356.0,-7.07,-2.08,13217.0,2019-01-01
Münchner Kammerspiele,13416.0,13110.0,2.58,2.33,13248.0,2019-02-01
Münchner Kammerspiele,11701.0,12277.0,-12.78,-4.69,13190.0,2019-03-01
Münchner Kammerspiele,12694.0,11350.0,8.49,11.84,13325.0,2019-04-01
Münchner Kammerspiele,13509.0,12746.0,6.42,5.99,13401.0,2019-05-01
Münchner Kammerspiele,9869.0,10943.0,-26.94,-9.81,13294.0,2019-06-01
Münchner Kammerspiele,9169.0,11957.0,-7.09,-23.32,13015.0,2019-07-01
Münchner Kammerspiele,,,,,,2019-08-01
Münchner Kammerspiele,,,,,,2019-09-01
Münchner Kammerspiele,16241.0,10564.0,,53.74,13583.0,2019-10-01
Münchner Kammerspiele,14062.0,22076.0,-13.42,-36.3,12781.0,2019-11-01
Münchner Kammerspiele,18001.0,14073.0,28.01,27.91,13174.0,2019-12-01
Münchner Kammerspiele,13356.0,13867.0,1.01,-3.69,12531.0,2018-01-01
Münchner Kammerspiele,13110.0,15586.0,-1.84,-15.89,12306.0,2018-02-01
Münchner Kammerspiele,12277.0,14939.0,-6.35,-17.82,12064.0,2018-03-01
Münchner Kammerspiele,11350.0,13111.0,-7.55,-13.43,11904.0,2018-04-01
Münchner Kammerspiele,12746.0,13536.0,12.3,-5.84,11832.0,2018-05-01
Münchner Kammerspiele,10943.0,8792.0,-14.15,24.47,12028.0,2018-06-01
Münchner Kammerspiele,11957.0,17198.0,9.27,-30.47,11551.0,2018-07-01
Münchner Kammerspiele,,,,,,2018-08-01
Münchner Kammerspiele,,2527.0,,,,2018-09-01
Münchner Kammerspiele,10564.0,12692.0,,-16.77,12241.0,2018-10-01
Münchner Kammerspiele,22076.0,12885.0,108.97,71.33,13160.0,2018-11-01
Münchner Kammerspiele,14073.0,13223.0,-36.25,6.43,13245.0,2018-12-01
Münchner Kammerspiele,13867.0,18787.0,-15.23,-26.19,13500.0,2017-01-01
Münchner Kammerspiele,15586.0,16833.0,12.4,-7.41,13387.0,2017-02-01
Münchner Kammerspiele,14939.0,14311.0,-4.15,4.39,13444.0,2017-03-01
Münchner Kammerspiele,13111.0,14413.0,-12.24,-9.03,13325.0,2017-04-01
Münchner Kammerspiele,13536.0,14911.0,3.24,-9.22,13200.0,2017-05-01
Münchner Kammerspiele,8792.0,12605.0,-35.05,-30.25,12854.0,2017-06-01
Münchner Kammerspiele,17198.0,15639.0,95.61,9.97,12995.0,2017-07-01
Münchner Kammerspiele,,,,,,2017-08-01
Münchner Kammerspiele,2527.0,1605.0,,57.45,13079.0,2017-09-01
Münchner Kammerspiele,12692.0,13606.0,402.26,-6.72,12996.0,2017-10-01
Münchner Kammerspiele,12885.0,14352.0,1.52,-10.22,12863.0,2017-11-01
Münchner Kammerspiele,13223.0,16358.0,2.62,-19.16,12578.0,2017-12-01
Münchner Kammerspiele,18787.0,14913.0,10.6,25.98,14814.0,2016-01-01
Münchner Kammerspiele,16833.0,17327.0,-10.4,-2.85,14769.0,2016-02-01
Münchner Kammerspiele,14311.0,17822.0,-14.98,-19.7,14450.0,2016-03-01
Münchner Kammerspiele,14413.0,16179.0,0.71,-10.92,14289.0,2016-04-01
Münchner Kammerspiele,14911.0,15775.0,3.46,-5.48,14211.0,2016-05-01
Münchner Kammerspiele,12605.0,14386.0,-15.47,-12.38,14049.0,2016-06-01
Münchner Kammerspiele,15639.0,13793.0,24.07,13.38,14217.0,2016-07-01
Münchner Kammerspiele,,,,,,2016-08-01
Münchner Kammerspiele,1605.0,1293.0,,24.13,14245.0,2016-09-01
Münchner Kammerspiele,13606.0,15922.0,747.73,-14.55,14034.0,2016-10-01
Münchner Kammerspiele,14352.0,14681.0,5.48,-2.24,14004.0,2016-11-01
Münchner Kammerspiele,16358.0,16987.0,13.98,-3.7,13947.0,2016-12-01
Münchner Kammerspiele,14913.0,18447.0,-7.93,-19.16,13344.0,2015-01-01
Münchner Kammerspiele,17327.0,16945.0,16.19,2.25,13378.0,2015-02-01
Münchner Kammerspiele,17822.0,16910.0,2.86,5.39,13461.0,2015-03-01
Münchner Kammerspiele,16179.0,14654.0,-9.22,10.41,13600.0,2015-04-01
Münchner Kammerspiele,15775.0,12445.0,-2.5,26.76,13903.0,2015-05-01
Münchner Kammerspiele,14386.0,12314.0,-8.81,16.83,14091.0,2015-06-01
Münchner Kammerspiele,13793.0,8270.0,-4.12,66.78,14593.0,2015-07-01
Münchner Kammerspiele,,,,,,2015-08-01
Münchner Kammerspiele,1293.0,1541.0,,-16.09,14571.0,2015-09-01
Münchner Kammerspiele,15922.0,16374.0,1131.4,-2.76,14530.0,2015-10-01
Münchner Kammerspiele,14681.0,16217.0,-7.79,-9.47,14390.0,2015-11-01
Münchner Kammerspiele,16987.0,16198.0,15.71,4.87,14462.0,2015-12-01
Münchner Kammerspiele,18447.0,16703.0,8.19,10.44,13852.0,2014-01-01
Münchner Kammerspiele,16945.0,12215.0,-8.14,38.72,14282.0,2014-02-01
Münchner Kammerspiele,16910.0,13762.0,-0.21,22.87,14568.0,2014-03-01
Münchner Kammerspiele,14654.0,13422.0,-13.34,9.18,14680.0,2014-04-01
Münchner Kammerspiele,12445.0,12600.0,-15.07,-1.23,14666.0,2014-05-01
Münchner Kammerspiele,12314.0,16340.0,-1.05,-24.64,14300.0,2014-06-01
Münchner Kammerspiele,8270.0,13247.0,-32.84,-37.57,13847.0,2014-07-01
Münchner Kammerspiele,,,,,,2014-08-01
Münchner Kammerspiele,1541.0,2435.0,,-36.71,13766.0,2014-09-01
Münchner Kammerspiele,16374.0,16047.0,962.56,2.04,13796.0,2014-10-01
Münchner Kammerspiele,16217.0,16804.0,-0.96,-3.49,13743.0,2014-11-01
Münchner Kammerspiele,16198.0,17051.0,-0.12,-5.0,13665.0,2014-12-01
Münchner Kammerspiele,16703.0,12838.0,4.84,30.11,14355.0,2013-01-01
Münchner Kammerspiele,12215.0,17895.0,-26.87,-31.74,13839.0,2013-02-01
Münchner Kammerspiele,13762.0,17206.0,12.66,-20.02,13526.0,2013-03-01
Münchner Kammerspiele,13422.0,14993.0,-2.47,-10.48,13383.0,2013-04-01
Münchner Kammerspiele,12600.0,16607.0,-6.12,-24.13,13019.0,2013-05-01
Münchner Kammerspiele,16340.0,13595.0,29.68,20.19,13268.0,2013-06-01
Münchner Kammerspiele,13247.0,13786.0,-18.93,-3.91,13219.0,2013-07-01
Münchner Kammerspiele,,,,,,2013-08-01
Münchner Kammerspiele,2435.0,1289.0,,88.91,13324.0,2013-09-01
Münchner Kammerspiele,16047.0,15961.0,559.01,0.54,13331.0,2013-10-01
Münchner Kammerspiele,16804.0,13943.0,4.72,20.52,13592.0,2013-11-01
Münchner Kammerspiele,17051.0,15932.0,1.47,7.02,13693.0,2013-12-01
Münchner Kammerspiele,12838.0,16703.0,-8.29,-23.14,13404.0,2012-01-01
Münchner Kammerspiele,17895.0,14158.0,39.39,26.39,13744.0,2012-02-01
Münchner Kammerspiele,17206.0,17024.0,-3.85,1.07,13760.0,2012-03-01
Münchner Kammerspiele,14993.0,13961.0,-12.86,7.39,13854.0,2012-04-01
Münchner Kammerspiele,16607.0,14234.0,10.77,16.67,14070.0,2012-05-01
Münchner Kammerspiele,13595.0,13845.0,-18.14,-1.81,14047.0,2012-06-01
Münchner Kammerspiele,13786.0,14074.0,1.4,-2.05,14021.0,2012-07-01
Münchner Kammerspiele,,,,,,2012-08-01
Münchner Kammerspiele,1289.0,770.0,,67.4,14068.0,2012-09-01
Münchner Kammerspiele,15961.0,15871.0,1138.25,0.57,14076.0,2012-10-01
Münchner Kammerspiele,13943.0,16669.0,-12.64,-16.35,13828.0,2012-11-01
Münchner Kammerspiele,15932.0,13999.0,14.27,13.81,14004.0,2012-12-01
Münchner Kammerspiele,16703.0,16028.0,-4.71,4.21,13351.0,2011-01-01
Münchner Kammerspiele,14158.0,15257.0,-15.24,-7.2,13251.0,2011-02-01
Münchner Kammerspiele,17024.0,16772.0,20.24,1.5,13274.0,2011-03-01
Münchner Kammerspiele,13961.0,11880.0,-17.99,17.52,13463.0,2011-04-01
Münchner Kammerspiele,14234.0,14121.0,1.96,0.8,13473.0,2011-05-01
Münchner Kammerspiele,13845.0,13965.0,-2.73,-0.86,13462.0,2011-06-01
Münchner Kammerspiele,14074.0,11580.0,1.65,21.54,13689.0,2011-07-01
Münchner Kammerspiele,,,,,,2011-08-01
Münchner Kammerspiele,770.0,0.0,,,13759.0,2011-09-01
Münchner Kammerspiele,15871.0,13549.0,1961.17,17.14,13970.0,2011-10-01
Münchner Kammerspiele,16669.0,15503.0,5.03,7.52,14076.0,2011-11-01
Münchner Kammerspiele,13999.0,17529.0,-16.02,-20.14,13755.0,2011-12-01
Münchner Kammerspiele,16028.0,16066.0,-8.38,-0.24,14162.0,2010-01-01
Münchner Kammerspiele,15257.0,16327.0,-4.81,-6.55,14065.0,2010-02-01
Münchner Kammerspiele,16772.0,15668.0,9.93,7.05,14165.0,2010-03-01
Münchner Kammerspiele,11880.0,13454.0,-29.17,-11.7,14022.0,2010-04-01
Münchner Kammerspiele,14121.0,13671.0,18.86,3.29,14063.0,2010-05-01
Münchner Kammerspiele,13965.0,15874.0,-1.1,-12.03,13889.0,2010-06-01
Münchner Kammerspiele,11580.0,14077.0,-17.08,-17.74,13662.0,2010-07-01
Münchner Kammerspiele,,,,,,2010-08-01
Münchner Kammerspiele,0.0,3659.0,,-100.0,,2010-09-01
Münchner Kammerspiele,13549.0,13968.0,,-3.0,13292.0,2010-10-01
Münchner Kammerspiele,15503.0,15561.0,14.42,-0.37,13286.0,2010-11-01
Münchner Kammerspiele,17529.0,17494.0,13.07,0.2,13289.0,2010-12-01
Münchner Kammerspiele,16066.0,16596.0,-18.09,-3.19,13975.0,2009-01-01
Münchner Kammerspiele,16327.0,12870.0,1.62,26.86,14290.0,2009-02-01
Münchner Kammerspiele,15668.0,17521.0,-4.04,-10.58,14121.0,2009-03-01
Münchner Kammerspiele,13454.0,15662.0,-14.13,-14.1,13921.0,2009-04-01
Münchner Kammerspiele,13671.0,14138.0,1.61,-3.3,13878.0,2009-05-01
Münchner Kammerspiele,15874.0,11370.0,16.11,39.61,14288.0,2009-06-01
Münchner Kammerspiele,14077.0,12425.0,-11.32,13.3,14438.0,2009-07-01
Münchner Kammerspiele,,,,,,2009-08-01
Münchner Kammerspiele,3659.0,2356.0,,55.31,14556.0,2009-09-01
Münchner Kammerspiele,13968.0,15271.0,281.74,-8.53,14438.0,2009-10-01
Münchner Kammerspiele,15561.0,16436.0,11.4,-5.32,14358.0,2009-11-01
Münchner Kammerspiele,17494.0,19615.0,12.42,-10.81,14165.0,2009-12-01
Münchner Kammerspiele,16596.0,17080.0,0.84,-2.83,13973.0,2008-01-01
Münchner Kammerspiele,12870.0,16214.0,-22.45,-20.62,13669.0,2008-02-01
Münchner Kammerspiele,17521.0,17202.0,36.14,1.85,13698.0,2008-03-01
Münchner Kammerspiele,15662.0,14742.0,-10.61,6.24,13782.0,2008-04-01
Münchner Kammerspiele,14138.0,13874.0,-9.73,1.9,13806.0,2008-05-01
Münchner Kammerspiele,11370.0,14624.0,-19.58,-22.25,13510.0,2008-06-01
Münchner Kammerspiele,12425.0,14824.0,9.28,-16.18,13292.0,2008-07-01
Münchner Kammerspiele,,,,,,2008-08-01
Münchner Kammerspiele,2356.0,1468.0,,60.49,13372.0,2008-09-01
Münchner Kammerspiele,15271.0,13265.0,548.17,15.12,13555.0,2008-10-01
Münchner Kammerspiele,16436.0,14436.0,7.63,13.85,13737.0,2008-11-01
Münchner Kammerspiele,19615.0,16458.0,19.34,19.18,14024.0,2008-12-01
Münchner Kammerspiele,17080.0,15517.0,-6.98,10.07,13622.0,2007-01-01
Münchner Kammerspiele,16214.0,14092.0,-5.07,15.06,13815.0,2007-02-01
Münchner Kammerspiele,17202.0,15567.0,6.09,10.5,13964.0,2007-03-01
Münchner Kammerspiele,14742.0,12806.0,-14.3,15.12,14140.0,2007-04-01
Münchner Kammerspiele,13874.0,14630.0,-5.89,-5.17,14071.0,2007-05-01
Münchner Kammerspiele,14624.0,14849.0,5.41,-1.52,14051.0,2007-06-01
Münchner Kammerspiele,14824.0,11537.0,1.37,28.49,14349.0,2007-07-01
Münchner Kammerspiele,,,,,,2007-08-01
Münchner Kammerspiele,1468.0,1880.0,,-21.91,14312.0,2007-09-01
Münchner Kammerspiele,13265.0,14095.0,803.61,-5.89,14237.0,2007-10-01
Münchner Kammerspiele,14436.0,14948.0,8.83,-3.43,14190.0,2007-11-01
Münchner Kammerspiele,16458.0,18361.0,14.01,-10.36,14017.0,2007-12-01
Münchner Kammerspiele,15517.0,15734.0,-13.49,-1.38,13977.0,2006-01-01
Münchner Kammerspiele,14092.0,13834.0,-9.18,1.86,14000.0,2006-02-01
Münchner Kammerspiele,15567.0,17455.0,10.47,-10.82,13828.0,2006-03-01
Münchner Kammerspiele,12806.0,14855.0,-17.74,-13.79,13642.0,2006-04-01
Münchner Kammerspiele,14630.0,12168.0,14.24,20.23,13866.0,2006-05-01
Münchner Kammerspiele,14849.0,14980.0,1.5,-0.87,13854.0,2006-06-01
Münchner Kammerspiele,11537.0,15749.0,-22.3,-26.74,13471.0,2006-07-01
Münchner Kammerspiele,,,,,,2006-08-01
Münchner Kammerspiele,1880.0,3386.0,,-44.48,13334.0,2006-09-01
Münchner Kammerspiele,14095.0,13645.0,649.73,3.3,13375.0,2006-10-01
Münchner Kammerspiele,14948.0,14217.0,6.05,5.14,13442.0,2006-11-01
Münchner Kammerspiele,18361.0,17936.0,22.83,2.37,13480.0,2006-12-01
Münchner Kammerspiele,15734.0,15088.0,12.67,4.28,12951.0,2005-01-01
Münchner Kammerspiele,13834.0,14685.0,-12.08,-5.8,12874.0,2005-02-01
Münchner Kammerspiele,17455.0,14497.0,26.17,20.4,13143.0,2005-03-01
Münchner Kammerspiele,14855.0,14221.0,-14.9,4.46,13201.0,2005-04-01
Münchner Kammerspiele,12168.0,12736.0,-18.09,-4.46,13149.0,2005-05-01
Münchner Kammerspiele,14980.0,14066.0,23.11,6.5,13232.0,2005-06-01
Münchner Kammerspiele,15749.0,12879.0,5.13,22.28,13493.0,2005-07-01
Münchner Kammerspiele,,,,,,2005-08-01
Münchner Kammerspiele,3386.0,689.0,,391.44,13738.0,2005-09-01
Münchner Kammerspiele,13645.0,15068.0,302.98,-9.44,13609.0,2005-10-01
Münchner Kammerspiele,14217.0,13926.0,4.19,2.09,13635.0,2005-11-01
Münchner Kammerspiele,17936.0,13965.0,26.16,28.44,13996.0,2005-12-01
Münchner Kammerspiele,15088.0,,6.14,,11434.0,2004-01-01
Münchner Kammerspiele,14685.0,,-2.67,,11729.0,2004-02-01
Münchner Kammerspiele,14497.0,8921.0,-1.28,62.5,12236.0,2004-03-01
Münchner Kammerspiele,14221.0,14458.0,-1.9,-1.64,12215.0,2004-04-01
Münchner Kammerspiele,12736.0,10331.0,-10.44,23.28,12433.0,2004-05-01
Münchner Kammerspiele,14066.0,10127.0,10.44,38.9,12791.0,2004-06-01
Münchner Kammerspiele,12879.0,9668.0,-8.44,33.21,13083.0,2004-07-01
Münchner Kammerspiele,,,,,,2004-08-01
Münchner Kammerspiele,689.0,2584.0,,-73.34,12911.0,2004-09-01
Münchner Kammerspiele,15068.0,15653.0,2086.94,-3.74,12858.0,2004-10-01
Münchner Kammerspiele,13926.0,13293.0,-7.58,4.76,12915.0,2004-11-01
Münchner Kammerspiele,13965.0,14215.0,0.28,-1.76,12893.0,2004-12-01
Münchner Kammerspiele,8921.0,,,,8921.0,2003-03-01
Münchner Kammerspiele,14458.0,,62.07,,11690.0,2003-04-01
Münchner Kammerspiele,10331.0,,-28.54,,11237.0,2003-05-01
Münchner Kammerspiele,10127.0,,-1.97,,10959.0,2003-06-01
Münchner Kammerspiele,9668.0,,-4.53,,10701.0,2003-07-01
Münchner Kammerspiele,,,,,,2003-08-01
Münchner Kammerspiele,2584.0,,,,9348.0,2003-09-01
Münchner Kammerspiele,15653.0,,505.77,,10249.0,2003-10-01
Münchner Kammerspiele,13293.0,,-15.08,,10629.0,2003-11-01
Münchner Kammerspiele,14215.0,,6.94,,11028.0,2003-12-01
Nationaltheater,44015.0,42658.0,-7.83,3.18,43475.0,2020-01-01
Nationaltheater,45416.0,45388.0,3.18,0.06,43478.0,2020-02-01
Nationaltheater,17417.0,53264.0,-61.65,-67.3,40219.0,2020-03-01
Nationaltheater,0.0,49837.0,,,,2020-04-01
Nationaltheater,0.0,42338.0,,,,2020-05-01
Nationaltheater,42658.0,52795.0,-20.28,-19.2,42077.0,2019-01-01
Nationaltheater,45388.0,43238.0,6.4,4.97,42273.0,2019-02-01
Nationaltheater,53264.0,46371.0,17.35,14.86,42899.0,2019-03-01
Nationaltheater,49837.0,41880.0,-6.43,19.0,43623.0,2019-04-01
Nationaltheater,42338.0,43466.0,-15.05,-2.6,43520.0,2019-05-01
Nationaltheater,42418.0,40362.0,0.19,5.09,43707.0,2019-06-01
Nationaltheater,51967.0,49926.0,22.51,4.09,43893.0,2019-07-01
Nationaltheater,,,,,,2019-08-01
Nationaltheater,15857.0,11802.0,,34.36,44261.0,2019-09-01
Nationaltheater,46593.0,42397.0,193.83,9.9,44643.0,2019-10-01
Nationaltheater,38799.0,47241.0,-16.73,-17.87,43875.0,2019-11-01
Nationaltheater,47752.0,53508.0,23.08,-10.76,43352.0,2019-12-01
Nationaltheater,52795.0,51487.0,5.68,2.54,42927.0,2018-01-01
Nationaltheater,43238.0,41630.0,-18.1,3.86,43073.0,2018-02-01
Nationaltheater,46371.0,40533.0,7.25,14.4,43603.0,2018-03-01
Nationaltheater,41880.0,52095.0,-9.68,-19.61,42675.0,2018-04-01
Nationaltheater,43466.0,50316.0,3.79,-13.61,42052.0,2018-05-01
Nationaltheater,40362.0,36984.0,-7.14,9.13,42359.0,2018-06-01
Nationaltheater,49926.0,60236.0,23.7,-17.12,41422.0,2018-07-01
Nationaltheater,,,,,,2018-08-01
Nationaltheater,11802.0,5748.0,,105.32,41972.0,2018-09-01
Nationaltheater,42397.0,44976.0,259.24,-5.73,41738.0,2018-10-01
Nationaltheater,47241.0,36922.0,11.43,27.95,42676.0,2018-11-01
Nationaltheater,53508.0,49957.0,13.27,7.11,42999.0,2018-12-01
Nationaltheater,51487.0,46182.0,-6.71,11.49,44775.0,2017-01-01
Nationaltheater,41630.0,38301.0,-19.14,8.69,45078.0,2017-02-01
Nationaltheater,40533.0,45142.0,-2.64,-10.21,44659.0,2017-03-01
Nationaltheater,52095.0,51380.0,28.52,1.39,44724.0,2017-04-01
Nationaltheater,50316.0,48105.0,-3.41,4.6,44925.0,2017-05-01
Nationaltheater,36984.0,38860.0,-26.5,-4.83,44754.0,2017-06-01
Nationaltheater,60236.0,54499.0,62.87,10.53,45276.0,2017-07-01
Nationaltheater,,,,,,2017-08-01
Nationaltheater,5748.0,15697.0,,-63.38,44371.0,2017-09-01
Nationaltheater,44976.0,45913.0,682.46,-2.04,44286.0,2017-10-01
Nationaltheater,36922.0,47949.0,-17.91,-23.0,43284.0,2017-11-01
Nationaltheater,49957.0,55193.0,35.3,-9.49,42808.0,2017-12-01
Nationaltheater,46182.0,49635.0,-15.45,-6.96,43324.0,2016-01-01
Nationaltheater,38301.0,48072.0,-17.07,-20.33,42436.0,2016-02-01
Nationaltheater,45142.0,47821.0,17.86,-5.6,42192.0,2016-03-01
Nationaltheater,51380.0,44126.0,13.82,16.44,42852.0,2016-04-01
Nationaltheater,48105.0,45600.0,-6.37,5.49,43079.0,2016-05-01
Nationaltheater,38860.0,32923.0,-19.22,18.03,43619.0,2016-06-01
Nationaltheater,54499.0,52821.0,40.24,3.18,43772.0,2016-07-01
Nationaltheater,,,,,,2016-08-01
Nationaltheater,15697.0,18909.0,,-16.99,43480.0,2016-09-01
Nationaltheater,45913.0,44261.0,192.5,3.73,43630.0,2016-10-01
Nationaltheater,47949.0,41230.0,4.43,16.3,44241.0,2016-11-01
Nationaltheater,55193.0,54619.0,15.11,1.05,44293.0,2016-12-01
Nationaltheater,49635.0,51328.0,-12.57,-3.3,47931.0,2015-01-01
Nationaltheater,48072.0,44863.0,-3.15,7.15,48223.0,2015-02-01
Nationaltheater,47821.0,54154.0,-0.52,-11.69,47647.0,2015-03-01
Nationaltheater,44126.0,43551.0,-7.73,1.32,47699.0,2015-04-01
Nationaltheater,45600.0,47512.0,3.34,-4.02,47526.0,2015-05-01
Nationaltheater,32923.0,35280.0,-27.8,-6.68,47311.0,2015-06-01
Nationaltheater,52821.0,89077.0,60.44,-40.7,44015.0,2015-07-01
Nationaltheater,,,,,,2015-08-01
Nationaltheater,18909.0,15574.0,,21.41,44319.0,2015-09-01
Nationaltheater,44261.0,41567.0,134.07,6.48,44563.0,2015-10-01
Nationaltheater,41230.0,49262.0,-6.85,-16.3,43833.0,2015-11-01
Nationaltheater,54619.0,56768.0,32.47,-3.79,43638.0,2015-12-01
Nationaltheater,51328.0,41297.0,-8.41,24.29,43770.0,2014-01-01
Nationaltheater,44863.0,40054.0,-12.6,12.01,44207.0,2014-02-01
Nationaltheater,54154.0,50281.0,20.71,7.7,44559.0,2014-03-01
Nationaltheater,43551.0,44298.0,-19.58,-1.69,44491.0,2014-04-01
Nationaltheater,47512.0,42341.0,9.1,12.21,44961.0,2014-05-01
Nationaltheater,35280.0,34760.0,-25.75,1.5,45008.0,2014-06-01
Nationaltheater,89077.0,53534.0,152.49,66.39,48240.0,2014-07-01
Nationaltheater,,,,,,2014-08-01
Nationaltheater,15574.0,17521.0,,-11.11,48063.0,2014-09-01
Nationaltheater,41567.0,44409.0,166.9,-6.4,47804.0,2014-10-01
Nationaltheater,49262.0,46898.0,18.51,5.04,48019.0,2014-11-01
Nationaltheater,56768.0,56042.0,15.24,1.3,48085.0,2014-12-01
Nationaltheater,41297.0,39812.0,-33.48,3.73,42471.0,2013-01-01
Nationaltheater,40054.0,46678.0,-3.01,-14.19,41869.0,2013-02-01
Nationaltheater,50281.0,51801.0,25.53,-2.93,41731.0,2013-03-01
Nationaltheater,44298.0,46513.0,-11.9,-4.76,41529.0,2013-04-01
Nationaltheater,42341.0,35857.0,-4.42,18.08,42119.0,2013-05-01
Nationaltheater,34760.0,25730.0,-17.9,35.1,42940.0,2013-06-01
Nationaltheater,53534.0,59318.0,54.01,-9.75,42414.0,2013-07-01
Nationaltheater,,,,,,2013-08-01
Nationaltheater,17521.0,13591.0,,28.92,42771.0,2013-09-01
Nationaltheater,44409.0,41964.0,153.46,5.83,42993.0,2013-10-01
Nationaltheater,46898.0,42347.0,5.6,10.75,43407.0,2013-11-01
Nationaltheater,56042.0,62084.0,19.5,-9.73,42858.0,2013-12-01
Nationaltheater,39812.0,51934.0,-12.06,-23.34,42509.0,2012-01-01
Nationaltheater,46678.0,40409.0,17.25,15.51,43136.0,2012-02-01
Nationaltheater,51801.0,50956.0,10.98,1.66,43221.0,2012-03-01
Nationaltheater,46513.0,44818.0,-10.21,3.78,43390.0,2012-04-01
Nationaltheater,35857.0,44599.0,-22.91,-19.6,42516.0,2012-05-01
Nationaltheater,25730.0,30949.0,-28.24,-16.86,41994.0,2012-06-01
Nationaltheater,59318.0,57298.0,130.54,3.53,42196.0,2012-07-01
Nationaltheater,,,,,,2012-08-01
Nationaltheater,13591.0,,,,39596.0,2012-09-01
Nationaltheater,41964.0,26223.0,208.76,60.03,41027.0,2012-10-01
Nationaltheater,42347.0,44754.0,0.91,-5.38,40808.0,2012-11-01
Nationaltheater,62084.0,45274.0,46.61,37.13,42336.0,2012-12-01
Nationaltheater,51934.0,47862.0,-4.89,8.51,43056.0,2011-01-01
Nationaltheater,40409.0,46438.0,-22.19,-12.98,42508.0,2011-02-01
Nationaltheater,50956.0,45620.0,26.1,11.7,42993.0,2011-03-01
Nationaltheater,44818.0,39889.0,-12.05,12.36,43441.0,2011-04-01
Nationaltheater,44599.0,41937.0,-0.49,6.35,43683.0,2011-05-01
Nationaltheater,30949.0,25898.0,-30.61,19.5,44142.0,2011-06-01
Nationaltheater,57298.0,59887.0,85.14,-4.32,43907.0,2011-07-01
Nationaltheater,,,,,,2011-08-01
Nationaltheater,,18426.0,,,,2011-09-01
Nationaltheater,26223.0,47179.0,,-44.42,44360.0,2011-10-01
Nationaltheater,44754.0,41808.0,70.67,7.05,44654.0,2011-11-01
Nationaltheater,45274.0,54602.0,1.16,-17.08,43721.0,2011-12-01
Nationaltheater,47862.0,42936.0,-13.2,11.47,43657.0,2010-01-01
Nationaltheater,46438.0,46553.0,-2.98,-0.25,43646.0,2010-02-01
Nationaltheater,45620.0,47199.0,-1.76,-3.35,43503.0,2010-03-01
Nationaltheater,39889.0,39664.0,-12.56,0.57,43523.0,2010-04-01
Nationaltheater,41937.0,43155.0,5.13,-2.82,43412.0,2010-05-01
Nationaltheater,25898.0,26607.0,-38.25,-2.66,43348.0,2010-06-01
Nationaltheater,59887.0,60554.0,131.24,-1.1,43287.0,2010-07-01
Nationaltheater,,,,,,2010-08-01
Nationaltheater,18426.0,20352.0,,-9.46,43112.0,2010-09-01
Nationaltheater,47179.0,44454.0,156.05,6.13,43360.0,2010-10-01
Nationaltheater,41808.0,48684.0,-11.38,-14.12,42735.0,2010-11-01
Nationaltheater,54602.0,55138.0,30.6,-0.97,42686.0,2010-12-01
Nationaltheater,42936.0,48436.0,-10.32,-11.36,45437.0,2009-01-01
Nationaltheater,46553.0,48121.0,8.42,-3.26,45281.0,2009-02-01
Nationaltheater,47199.0,45293.0,1.39,4.21,45471.0,2009-03-01
Nationaltheater,39664.0,45401.0,-15.96,-12.64,44898.0,2009-04-01
Nationaltheater,43155.0,42567.0,8.8,1.38,44956.0,2009-05-01
Nationaltheater,26607.0,27608.0,-38.35,-3.63,44856.0,2009-06-01
Nationaltheater,60554.0,59371.0,127.59,1.99,44975.0,2009-07-01
Nationaltheater,,,,,,2009-08-01
Nationaltheater,20352.0,,,,42736.0,2009-09-01
Nationaltheater,44454.0,44474.0,118.43,-0.04,42734.0,2009-10-01
Nationaltheater,48684.0,50724.0,9.52,-4.02,42549.0,2009-11-01
Nationaltheater,55138.0,47879.0,13.26,15.16,43209.0,2009-12-01
Nationaltheater,48436.0,51672.0,-14.25,-6.26,43755.0,2008-01-01
Nationaltheater,48121.0,43818.0,-0.65,9.82,44147.0,2008-02-01
Nationaltheater,45293.0,47948.0,-5.88,-5.54,43905.0,2008-03-01
Nationaltheater,45401.0,46823.0,0.24,-3.04,43776.0,2008-04-01
Nationaltheater,42567.0,42944.0,-6.24,-0.88,43742.0,2008-05-01
Nationaltheater,27608.0,31741.0,-35.14,-13.02,43366.0,2008-06-01
Nationaltheater,59371.0,59367.0,115.05,0.01,43366.0,2008-07-01
Nationaltheater,,,,,,2008-08-01
Nationaltheater,,11530.0,,,,2008-09-01
Nationaltheater,44474.0,44499.0,,-0.06,46547.0,2008-10-01
Nationaltheater,50724.0,47719.0,14.05,6.3,46848.0,2008-11-01
Nationaltheater,47879.0,56484.0,-5.61,-15.23,45987.0,2008-12-01
Nationaltheater,51672.0,50970.0,-1.06,1.38,40990.0,2007-01-01
Nationaltheater,43818.0,38171.0,-15.2,14.79,41555.0,2007-02-01
Nationaltheater,47948.0,50488.0,9.43,-5.03,41301.0,2007-03-01
Nationaltheater,46823.0,38498.0,-2.35,21.62,42133.0,2007-04-01
Nationaltheater,42944.0,30401.0,-8.28,41.26,43388.0,2007-05-01
Nationaltheater,31741.0,28747.0,-26.09,10.41,43687.0,2007-06-01
Nationaltheater,59367.0,57486.0,87.04,3.27,43875.0,2007-07-01
Nationaltheater,,,,,,2007-08-01
Nationaltheater,11530.0,,,,40935.0,2007-09-01
Nationaltheater,44499.0,10762.0,285.94,313.48,44002.0,2007-10-01
Nationaltheater,47719.0,51451.0,7.24,-7.25,43662.0,2007-11-01
Nationaltheater,56484.0,52225.0,18.37,8.16,44050.0,2007-12-01
Nationaltheater,50970.0,46927.0,-1.74,8.62,46102.0,2006-01-01
Nationaltheater,38171.0,46473.0,-25.11,-17.86,45272.0,2006-02-01
Nationaltheater,50488.0,50385.0,32.27,0.2,45282.0,2006-03-01
Nationaltheater,38498.0,44042.0,-23.75,-12.59,44728.0,2006-04-01
Nationaltheater,30401.0,49283.0,-21.03,-38.31,42840.0,2006-05-01
Nationaltheater,28747.0,28607.0,-5.44,0.49,42854.0,2006-06-01
Nationaltheater,57486.0,65054.0,99.97,-11.63,42097.0,2006-07-01
Nationaltheater,,,,,,2006-08-01
Nationaltheater,,,,,,2006-09-01
Nationaltheater,10762.0,25385.0,,-57.6,40635.0,2006-10-01
Nationaltheater,51451.0,48948.0,378.08,5.11,40885.0,2006-11-01
Nationaltheater,52225.0,51874.0,1.5,0.68,40920.0,2006-12-01
Nationaltheater,46927.0,56244.0,-20.62,-16.57,45919.0,2005-01-01
Nationaltheater,46473.0,57042.0,-0.97,-18.53,44958.0,2005-02-01
Nationaltheater,50385.0,49481.0,8.42,1.83,45040.0,2005-03-01
Nationaltheater,44042.0,41420.0,-12.59,6.33,45278.0,2005-04-01
Nationaltheater,49283.0,46757.0,11.9,5.4,45508.0,2005-05-01
Nationaltheater,28607.0,24771.0,-41.95,15.49,45857.0,2005-06-01
Nationaltheater,65054.0,58173.0,127.41,11.83,46482.0,2005-07-01
Nationaltheater,,,,,,2005-08-01
Nationaltheater,,23334.0,,,,2005-09-01
Nationaltheater,25385.0,48358.0,,-47.51,46500.0,2005-10-01
Nationaltheater,48948.0,49725.0,92.82,-1.56,46422.0,2005-11-01
Nationaltheater,51874.0,59117.0,5.98,-12.25,45698.0,2005-12-01
Nationaltheater,56244.0,52094.0,7.18,7.97,47063.0,2004-01-01
Nationaltheater,57042.0,42410.0,1.42,34.5,48393.0,2004-02-01
Nationaltheater,49481.0,53042.0,-13.26,-6.71,48070.0,2004-03-01
Nationaltheater,41420.0,44586.0,-16.29,-7.1,47782.0,2004-04-01
Nationaltheater,46757.0,52042.0,12.89,-10.16,47301.0,2004-05-01
Nationaltheater,24771.0,26466.0,-47.02,-6.4,47147.0,2004-06-01
Nationaltheater,58173.0,66543.0,134.84,-12.58,46386.0,2004-07-01
Nationaltheater,,,,,,2004-08-01
Nationaltheater,23334.0,21720.0,,7.43,46533.0,2004-09-01
Nationaltheater,48358.0,50265.0,107.24,-3.79,46360.0,2004-10-01
Nationaltheater,49725.0,51901.0,2.83,-4.19,46162.0,2004-11-01
Nationaltheater,59117.0,52477.0,18.89,12.65,46766.0,2004-12-01
Nationaltheater,52094.0,51428.0,-9.34,1.3,45825.0,2003-01-01
Nationaltheater,42410.0,43631.0,-18.59,-2.8,45714.0,2003-02-01
Nationaltheater,53042.0,48390.0,25.07,9.61,46137.0,2003-03-01
Nationaltheater,44586.0,50020.0,-15.94,-10.86,45643.0,2003-04-01
Nationaltheater,52042.0,47174.0,16.72,10.32,46085.0,2003-05-01
Nationaltheater,26466.0,30673.0,-49.14,-13.72,45703.0,2003-06-01
Nationaltheater,66543.0,58852.0,151.43,13.07,46402.0,2003-07-01
Nationaltheater,,,,,,2003-08-01
Nationaltheater,21720.0,21331.0,,1.82,46437.0,2003-09-01
Nationaltheater,50265.0,45947.0,131.42,9.4,46830.0,2003-10-01
Nationaltheater,51901.0,48501.0,3.25,7.01,47139.0,2003-11-01
Nationaltheater,52477.0,57458.0,1.11,-8.67,46686.0,2003-12-01
Nationaltheater,51428.0,50316.0,-1.19,2.21,43456.0,2002-01-01
Nationaltheater,43631.0,48015.0,-15.16,-9.13,43017.0,2002-02-01
Nationaltheater,48390.0,47265.0,10.91,2.38,43130.0,2002-03-01
Nationaltheater,50020.0,49648.0,3.37,0.75,43167.0,2002-04-01
Nationaltheater,47174.0,45240.0,-5.69,4.27,43360.0,2002-05-01
Nationaltheater,30673.0,27488.0,-34.98,11.59,43679.0,2002-06-01
Nationaltheater,58852.0,62042.0,91.87,-5.14,43360.0,2002-07-01
Nationaltheater,,,,,,2002-08-01
Nationaltheater,21331.0,,,,41357.0,2002-09-01
Nationaltheater,45947.0,5419.0,115.4,747.89,45041.0,2002-10-01
Nationaltheater,48501.0,45961.0,5.56,5.53,45272.0,2002-11-01
Nationaltheater,57458.0,52049.0,18.47,10.39,45764.0,2002-12-01
Nationaltheater,50316.0,51845.0,4.57,-2.95,45923.0,2001-01-01
Nationaltheater,48015.0,44384.0,-4.57,8.18,46253.0,2001-02-01
Nationaltheater,47265.0,50659.0,-1.56,-6.7,45944.0,2001-03-01
Nationaltheater,49648.0,51129.0,5.04,-2.9,45809.0,2001-04-01
Nationaltheater,45240.0,45784.0,-8.88,-1.19,45760.0,2001-05-01
Nationaltheater,27488.0,28548.0,-39.24,-3.71,45664.0,2001-06-01
Nationaltheater,62042.0,57229.0,125.71,8.41,46101.0,2001-07-01
Nationaltheater,,,,,,2001-08-01
Nationaltheater,,24300.0,,,,2001-09-01
Nationaltheater,5419.0,50857.0,,-89.34,43738.0,2001-10-01
Nationaltheater,45961.0,53824.0,748.15,-14.61,42951.0,2001-11-01
Nationaltheater,52049.0,48118.0,13.25,8.17,43344.0,2001-12-01
Nationaltheater,51845.0,,,,51845.0,2000-01-01
Nationaltheater,44384.0,,-14.39,,48115.0,2000-02-01
Nationaltheater,50659.0,,14.14,,48963.0,2000-03-01
Nationaltheater,51129.0,,0.93,,49504.0,2000-04-01
Nationaltheater,45784.0,,-10.45,,48760.0,2000-05-01
Nationaltheater,28548.0,,-37.65,,45392.0,2000-06-01
Nationaltheater,57229.0,,100.47,,47083.0,2000-07-01
Nationaltheater,,,,,,2000-08-01
Nationaltheater,24300.0,,,,44235.0,2000-09-01
Nationaltheater,50857.0,,109.29,,44971.0,2000-10-01
Nationaltheater,53824.0,,5.83,,45856.0,2000-11-01
Nationaltheater,48118.0,,-10.6,,46062.0,2000-12-01
Prinzregententheater (Großes Haus),28982.0,30887.0,-23.1,-6.17,19325.0,2020-01-01
Prinzregententheater (Großes Haus),26400.0,29952.0,-8.91,-11.86,19029.0,2020-02-01
Prinzregententheater (Großes Haus),6447.0,25360.0,-75.58,-74.58,17453.0,2020-03-01
Prinzregententheater (Großes Haus),0.0,19771.0,,,,2020-04-01
Prinzregententheater (Großes Haus),0.0,22218.0,,,,2020-05-01
Prinzregententheater (Großes Haus),30887.0,34770.0,-18.38,-11.17,17872.0,2019-01-01
Prinzregententheater (Großes Haus),29952.0,23137.0,-3.03,29.45,18440.0,2019-02-01
Prinzregententheater (Großes Haus),25360.0,29970.0,-15.33,-15.38,18056.0,2019-03-01
Prinzregententheater (Großes Haus),19771.0,23310.0,-22.04,-15.18,17761.0,2019-04-01
Prinzregententheater (Großes Haus),22218.0,7760.0,12.38,186.31,18966.0,2019-05-01
Prinzregententheater (Großes Haus),5979.0,5890.0,-73.09,1.51,18973.0,2019-06-01
Prinzregententheater (Großes Haus),9558.0,12886.0,59.86,-25.83,18696.0,2019-07-01
Prinzregententheater (Großes Haus),5560.0,4560.0,-41.83,21.93,18779.0,2019-08-01
Prinzregententheater (Großes Haus),6392.0,6836.0,14.96,-6.5,18742.0,2019-09-01
Prinzregententheater (Großes Haus),12685.0,12822.0,98.45,-1.07,18731.0,2019-10-01
Prinzregententheater (Großes Haus),27757.0,18563.0,118.82,49.53,19497.0,2019-11-01
Prinzregententheater (Großes Haus),37686.0,37842.0,35.77,-0.41,19484.0,2019-12-01
Prinzregententheater (Großes Haus),34770.0,34976.0,-15.17,-0.59,20499.0,2018-01-01
Prinzregententheater (Großes Haus),23137.0,21253.0,-33.46,8.86,20656.0,2018-02-01
Prinzregententheater (Großes Haus),29970.0,30249.0,29.53,-0.92,20632.0,2018-03-01
Prinzregententheater (Großes Haus),23310.0,22263.0,-22.22,4.7,20720.0,2018-04-01
Prinzregententheater (Großes Haus),7760.0,19036.0,-66.71,-59.24,19780.0,2018-05-01
Prinzregententheater (Großes Haus),5890.0,8198.0,-24.1,-28.15,19588.0,2018-06-01
Prinzregententheater (Großes Haus),12886.0,13327.0,118.78,-3.31,19551.0,2018-07-01
Prinzregententheater (Großes Haus),4560.0,3840.0,-64.61,18.75,19611.0,2018-08-01
Prinzregententheater (Großes Haus),6836.0,5336.0,49.91,28.11,19736.0,2018-09-01
Prinzregententheater (Großes Haus),12822.0,20146.0,87.57,-36.35,19126.0,2018-10-01
Prinzregententheater (Großes Haus),18563.0,26575.0,44.77,-30.15,18458.0,2018-11-01
Prinzregententheater (Großes Haus),37842.0,40990.0,103.86,-7.68,18196.0,2018-12-01
Prinzregententheater (Großes Haus),34976.0,28550.0,-18.42,22.51,20236.0,2017-01-01
Prinzregententheater (Großes Haus),21253.0,19830.0,-39.24,7.18,20355.0,2017-02-01
Prinzregententheater (Großes Haus),30249.0,27198.0,42.33,11.22,20609.0,2017-03-01
Prinzregententheater (Großes Haus),22263.0,26471.0,-26.4,-15.9,20258.0,2017-04-01
Prinzregententheater (Großes Haus),19036.0,5968.0,-14.49,218.97,21347.0,2017-05-01
Prinzregententheater (Großes Haus),8198.0,14928.0,-56.93,-45.08,20787.0,2017-06-01
Prinzregententheater (Großes Haus),13327.0,10635.0,62.56,25.31,21011.0,2017-07-01
Prinzregententheater (Großes Haus),3840.0,11550.0,-71.19,-66.75,20368.0,2017-08-01
Prinzregententheater (Großes Haus),5336.0,12600.0,38.96,-57.65,19763.0,2017-09-01
Prinzregententheater (Großes Haus),20146.0,16780.0,277.55,20.06,20044.0,2017-10-01
Prinzregententheater (Großes Haus),26575.0,19026.0,31.91,39.68,20673.0,2017-11-01
Prinzregententheater (Großes Haus),40990.0,42872.0,54.24,-4.39,20516.0,2017-12-01
Prinzregententheater (Großes Haus),28550.0,33040.0,-28.5,-13.59,19937.0,2016-01-01
Prinzregententheater (Großes Haus),19830.0,21282.0,-30.54,-6.82,19816.0,2016-02-01
Prinzregententheater (Großes Haus),27198.0,18336.0,37.16,48.33,20555.0,2016-03-01
Prinzregententheater (Großes Haus),26471.0,15546.0,-2.67,70.28,21465.0,2016-04-01
Prinzregententheater (Großes Haus),5968.0,19910.0,-77.45,-70.03,20303.0,2016-05-01
Prinzregententheater (Großes Haus),14928.0,8052.0,150.13,85.39,20876.0,2016-06-01
Prinzregententheater (Großes Haus),10635.0,17200.0,-28.76,-38.17,20329.0,2016-07-01
Prinzregententheater (Großes Haus),11550.0,12340.0,8.6,-6.4,20263.0,2016-08-01
Prinzregententheater (Großes Haus),12600.0,7060.0,9.09,78.47,20725.0,2016-09-01
Prinzregententheater (Großes Haus),16780.0,21000.0,33.17,-20.1,20373.0,2016-10-01
Prinzregententheater (Großes Haus),19026.0,30041.0,13.38,-36.67,19456.0,2016-11-01
Prinzregententheater (Großes Haus),42872.0,39930.0,125.33,7.37,19701.0,2016-12-01
Prinzregententheater (Großes Haus),33040.0,29060.0,-23.34,13.7,20459.0,2015-01-01
Prinzregententheater (Großes Haus),21282.0,17122.0,-35.59,24.3,20805.0,2015-02-01
Prinzregententheater (Großes Haus),18336.0,31243.0,-13.84,-41.31,19730.0,2015-03-01
Prinzregententheater (Großes Haus),15546.0,11930.0,-15.22,30.31,20031.0,2015-04-01
Prinzregententheater (Großes Haus),19910.0,20165.0,28.07,-1.26,20010.0,2015-05-01
Prinzregententheater (Großes Haus),8052.0,9671.0,-59.56,-16.74,19875.0,2015-06-01
Prinzregententheater (Großes Haus),17200.0,11350.0,113.61,51.54,20363.0,2015-07-01
Prinzregententheater (Großes Haus),12340.0,12000.0,-28.26,2.83,20391.0,2015-08-01
Prinzregententheater (Großes Haus),7060.0,8025.0,-42.79,-12.02,20310.0,2015-09-01
Prinzregententheater (Großes Haus),21000.0,16813.0,197.45,24.9,20659.0,2015-10-01
Prinzregententheater (Großes Haus),30041.0,31046.0,43.05,-3.24,20576.0,2015-11-01
Prinzregententheater (Großes Haus),39930.0,43100.0,32.92,-7.35,20311.0,2015-12-01
Prinzregententheater (Großes Haus),29060.0,32360.0,-30.5,-10.2,20861.0,2014-01-01
Prinzregententheater (Großes Haus),17122.0,14368.0,-41.08,19.17,21090.0,2014-02-01
Prinzregententheater (Großes Haus),31243.0,21885.0,82.47,42.76,21870.0,2014-03-01
Prinzregententheater (Großes Haus),11930.0,19886.0,-61.82,-40.01,21207.0,2014-04-01
Prinzregententheater (Großes Haus),20165.0,10576.0,69.03,90.67,22006.0,2014-05-01
Prinzregententheater (Großes Haus),9671.0,16122.0,-52.04,-40.01,21468.0,2014-06-01
Prinzregententheater (Großes Haus),11350.0,19197.0,17.36,-40.88,20815.0,2014-07-01
Prinzregententheater (Großes Haus),12000.0,12150.0,5.73,-1.23,20802.0,2014-08-01
Prinzregententheater (Großes Haus),8025.0,13350.0,-33.13,-39.89,20358.0,2014-09-01
Prinzregententheater (Großes Haus),16813.0,19380.0,109.51,-13.25,20144.0,2014-10-01
Prinzregententheater (Großes Haus),31046.0,32540.0,84.65,-4.59,20020.0,2014-11-01
Prinzregententheater (Großes Haus),43100.0,41813.0,38.83,3.08,20127.0,2014-12-01
Prinzregententheater (Großes Haus),32360.0,26990.0,-14.48,19.9,21463.0,2013-01-01
Prinzregententheater (Großes Haus),14368.0,26070.0,-55.6,-44.89,20488.0,2013-02-01
Prinzregententheater (Großes Haus),21885.0,15680.0,52.32,39.57,21005.0,2013-03-01
Prinzregententheater (Großes Haus),19886.0,34800.0,-9.13,-42.86,19762.0,2013-04-01
Prinzregententheater (Großes Haus),10576.0,14494.0,-46.82,-27.03,19436.0,2013-05-01
Prinzregententheater (Großes Haus),16122.0,13906.0,52.44,15.94,19620.0,2013-06-01
Prinzregententheater (Großes Haus),19197.0,18740.0,19.07,2.44,19659.0,2013-07-01
Prinzregententheater (Großes Haus),12150.0,16670.0,-36.71,-27.11,19282.0,2013-08-01
Prinzregententheater (Großes Haus),13350.0,9440.0,9.88,41.42,19608.0,2013-09-01
Prinzregententheater (Großes Haus),19380.0,15210.0,45.17,27.42,19955.0,2013-10-01
Prinzregententheater (Großes Haus),32540.0,22348.0,67.91,45.61,20805.0,2013-11-01
Prinzregententheater (Großes Haus),41813.0,37840.0,28.5,10.5,21136.0,2013-12-01
Prinzregententheater (Großes Haus),26990.0,23010.0,21.03,17.3,16789.0,2012-01-01
Prinzregententheater (Großes Haus),26070.0,14819.0,-3.41,75.92,17726.0,2012-02-01
Prinzregententheater (Großes Haus),15680.0,23030.0,-39.85,-31.91,17114.0,2012-03-01
Prinzregententheater (Großes Haus),34800.0,17000.0,121.94,104.71,18597.0,2012-04-01
Prinzregententheater (Großes Haus),14494.0,14175.0,-58.35,2.25,18624.0,2012-05-01
Prinzregententheater (Großes Haus),13906.0,7426.0,-4.06,87.26,19164.0,2012-06-01
Prinzregententheater (Großes Haus),18740.0,10370.0,34.76,80.71,19861.0,2012-07-01
Prinzregententheater (Großes Haus),16670.0,14470.0,-11.05,15.2,20044.0,2012-08-01
Prinzregententheater (Großes Haus),9440.0,7910.0,-43.37,19.34,20172.0,2012-09-01
Prinzregententheater (Großes Haus),15210.0,20670.0,61.12,-26.42,19717.0,2012-10-01
Prinzregententheater (Großes Haus),22348.0,22301.0,46.93,0.21,19721.0,2012-11-01
Prinzregententheater (Großes Haus),37840.0,22301.0,69.32,69.68,21016.0,2012-12-01
Prinzregententheater (Großes Haus),23010.0,23495.0,-39.42,-2.06,16536.0,2011-01-01
Prinzregententheater (Großes Haus),14819.0,21089.0,-35.6,-29.73,16014.0,2011-02-01
Prinzregententheater (Großes Haus),23030.0,21180.0,55.41,8.73,16168.0,2011-03-01
Prinzregententheater (Großes Haus),17000.0,13647.0,-26.18,24.57,16447.0,2011-04-01
Prinzregententheater (Großes Haus),14175.0,12267.0,-16.62,15.55,16606.0,2011-05-01
Prinzregententheater (Großes Haus),7426.0,7584.0,-47.61,-2.08,16593.0,2011-06-01
Prinzregententheater (Großes Haus),10370.0,3550.0,39.64,192.11,17162.0,2011-07-01
Prinzregententheater (Großes Haus),14470.0,16100.0,39.54,-10.12,17026.0,2011-08-01
Prinzregententheater (Großes Haus),7910.0,3050.0,-45.34,159.34,17431.0,2011-09-01
Prinzregententheater (Großes Haus),20670.0,16790.0,161.31,23.11,17754.0,2011-10-01
Prinzregententheater (Großes Haus),22301.0,22188.0,7.89,0.51,17763.0,2011-11-01
Prinzregententheater (Großes Haus),22301.0,37980.0,0.0,-41.28,16457.0,2011-12-01
Prinzregententheater (Großes Haus),23495.0,23460.0,-35.55,0.15,18851.0,2010-01-01
Prinzregententheater (Großes Haus),21089.0,19870.0,-10.24,6.13,18962.0,2010-02-01
Prinzregententheater (Großes Haus),21180.0,23891.0,0.43,-11.35,18715.0,2010-03-01
Prinzregententheater (Großes Haus),13647.0,26840.0,-35.57,-49.15,17516.0,2010-04-01
Prinzregententheater (Großes Haus),12267.0,14090.0,-10.11,-12.94,17350.0,2010-05-01
Prinzregententheater (Großes Haus),7584.0,8578.0,-38.18,-11.59,17260.0,2010-06-01
Prinzregententheater (Großes Haus),3550.0,1790.0,-53.19,98.32,17420.0,2010-07-01
Prinzregententheater (Großes Haus),16100.0,,353.52,,17310.0,2010-08-01
Prinzregententheater (Großes Haus),3050.0,7440.0,-81.06,-59.01,16944.0,2010-09-01
Prinzregententheater (Großes Haus),16790.0,18081.0,450.49,-7.14,16836.0,2010-10-01
Prinzregententheater (Großes Haus),22188.0,26829.0,32.15,-17.3,16450.0,2010-11-01
Prinzregententheater (Großes Haus),37980.0,36454.0,71.17,4.19,16577.0,2010-12-01
Prinzregententheater (Großes Haus),23460.0,22010.0,-46.81,6.59,18208.0,2009-01-01
Prinzregententheater (Großes Haus),19870.0,18350.0,-15.3,8.28,18346.0,2009-02-01
Prinzregententheater (Großes Haus),23891.0,21352.0,20.24,11.89,18577.0,2009-03-01
Prinzregententheater (Großes Haus),26840.0,27605.0,12.34,-2.77,18507.0,2009-04-01
Prinzregententheater (Großes Haus),14090.0,5620.0,-47.5,150.71,19277.0,2009-05-01
Prinzregententheater (Großes Haus),8578.0,7920.0,-39.12,8.31,19337.0,2009-06-01
Prinzregententheater (Großes Haus),1790.0,3754.0,-79.13,-52.32,19158.0,2009-07-01
Prinzregententheater (Großes Haus),,,,,,2009-08-01
Prinzregententheater (Großes Haus),7440.0,8595.0,,-13.44,19053.0,2009-09-01
Prinzregententheater (Großes Haus),18081.0,13893.0,143.02,30.14,19434.0,2009-10-01
Prinzregententheater (Großes Haus),26829.0,25626.0,48.38,4.69,19544.0,2009-11-01
Prinzregententheater (Großes Haus),36454.0,44110.0,35.88,-17.36,18848.0,2009-12-01
Prinzregententheater (Großes Haus),22010.0,15236.0,-42.56,44.46,15700.0,2008-01-01
Prinzregententheater (Großes Haus),18350.0,22743.0,-16.63,-19.32,15301.0,2008-02-01
Prinzregententheater (Großes Haus),21352.0,22075.0,16.36,-3.28,15235.0,2008-03-01
Prinzregententheater (Großes Haus),27605.0,12530.0,29.29,120.31,16605.0,2008-04-01
Prinzregententheater (Großes Haus),5620.0,10650.0,-79.64,-47.23,16148.0,2008-05-01
Prinzregententheater (Großes Haus),7920.0,9989.0,40.93,-20.71,15960.0,2008-06-01
Prinzregententheater (Großes Haus),3754.0,1500.0,-52.6,150.27,16165.0,2008-07-01
Prinzregententheater (Großes Haus),,,,,,2008-08-01
Prinzregententheater (Großes Haus),8595.0,3380.0,,154.29,16639.0,2008-09-01
Prinzregententheater (Großes Haus),13893.0,13474.0,61.64,3.11,16677.0,2008-10-01
Prinzregententheater (Großes Haus),25626.0,16034.0,84.45,59.82,17549.0,2008-11-01
Prinzregententheater (Großes Haus),44110.0,38315.0,72.13,15.12,18076.0,2008-12-01
Prinzregententheater (Großes Haus),15236.0,18662.0,-57.12,-18.36,13619.0,2007-01-01
Prinzregententheater (Großes Haus),22743.0,29640.0,49.27,-23.27,12992.0,2007-02-01
Prinzregententheater (Großes Haus),22075.0,21059.0,-2.94,4.82,13084.0,2007-03-01
Prinzregententheater (Großes Haus),12530.0,9270.0,-43.24,35.17,13380.0,2007-04-01
Prinzregententheater (Großes Haus),10650.0,9683.0,-15.0,9.99,13468.0,2007-05-01
Prinzregententheater (Großes Haus),9989.0,3570.0,-6.21,179.8,14052.0,2007-06-01
Prinzregententheater (Großes Haus),1500.0,400.0,-84.98,275.0,14152.0,2007-07-01
Prinzregententheater (Großes Haus),,,,,,2007-08-01
Prinzregententheater (Großes Haus),3380.0,2524.0,,33.91,14230.0,2007-09-01
Prinzregententheater (Großes Haus),13474.0,12232.0,298.64,10.15,14343.0,2007-10-01
Prinzregententheater (Großes Haus),16034.0,10663.0,19.0,50.37,14831.0,2007-11-01
Prinzregententheater (Großes Haus),38315.0,35528.0,138.96,7.84,15084.0,2007-12-01
Prinzregententheater (Großes Haus),18662.0,9178.0,-40.64,103.33,15462.0,2006-01-01
Prinzregententheater (Großes Haus),29640.0,15945.0,58.83,85.89,16707.0,2006-02-01
Prinzregententheater (Großes Haus),21059.0,12164.0,-28.95,73.13,17516.0,2006-03-01
Prinzregententheater (Großes Haus),9270.0,20777.0,-55.98,-55.38,16470.0,2006-04-01
Prinzregententheater (Großes Haus),9683.0,2030.0,4.46,377.0,17166.0,2006-05-01
Prinzregententheater (Großes Haus),3570.0,9633.0,-63.13,-62.94,16614.0,2006-06-01
Prinzregententheater (Großes Haus),400.0,,-88.8,,15263.0,2006-07-01
Prinzregententheater (Großes Haus),,13247.0,,,,2006-08-01
Prinzregententheater (Großes Haus),2524.0,5728.0,,-55.94,15155.0,2006-09-01
Prinzregententheater (Großes Haus),12232.0,18253.0,384.63,-32.99,14608.0,2006-10-01
Prinzregententheater (Großes Haus),10663.0,22206.0,-12.83,-51.98,13558.0,2006-11-01
Prinzregententheater (Großes Haus),35528.0,31440.0,233.19,13.0,13930.0,2006-12-01
Prinzregententheater (Großes Haus),9178.0,10309.0,-71.35,-10.97,13911.0,2005-01-01
Prinzregententheater (Großes Haus),15945.0,20589.0,73.73,-22.56,13524.0,2005-02-01
Prinzregententheater (Großes Haus),12164.0,18445.0,-23.71,-34.05,13000.0,2005-03-01
Prinzregententheater (Großes Haus),20777.0,7968.0,70.81,160.76,14068.0,2005-04-01
Prinzregententheater (Großes Haus),2030.0,4448.0,-90.23,-54.36,13866.0,2005-05-01
Prinzregententheater (Großes Haus),9633.0,4566.0,374.53,110.97,14289.0,2005-06-01
Prinzregententheater (Großes Haus),,2833.0,,,,2005-07-01
Prinzregententheater (Großes Haus),13247.0,21117.0,,-37.27,14614.0,2005-08-01
Prinzregententheater (Großes Haus),5728.0,7162.0,-56.76,-20.02,14484.0,2005-09-01
Prinzregententheater (Großes Haus),18253.0,13873.0,218.66,31.57,14882.0,2005-10-01
Prinzregententheater (Großes Haus),22206.0,24715.0,21.66,-10.15,14654.0,2005-11-01
Prinzregententheater (Großes Haus),31440.0,32035.0,41.58,-1.86,14600.0,2005-12-01
Prinzregententheater (Großes Haus),10309.0,17466.0,-68.76,-40.98,12829.0,2004-01-01
Prinzregententheater (Großes Haus),20589.0,11177.0,99.72,84.21,13684.0,2004-02-01
Prinzregententheater (Großes Haus),18445.0,10288.0,-10.41,79.29,14426.0,2004-03-01
Prinzregententheater (Großes Haus),7968.0,8405.0,-56.8,-5.2,14386.0,2004-04-01
Prinzregententheater (Großes Haus),4448.0,8070.0,-44.18,-44.88,14057.0,2004-05-01
Prinzregententheater (Großes Haus),4566.0,6043.0,2.65,-24.44,13923.0,2004-06-01
Prinzregententheater (Großes Haus),2833.0,3603.0,-37.95,-21.37,13853.0,2004-07-01
Prinzregententheater (Großes Haus),21117.0,,645.39,,14458.0,2004-08-01
Prinzregententheater (Großes Haus),7162.0,6470.0,-66.08,10.7,14516.0,2004-09-01
Prinzregententheater (Großes Haus),13873.0,18489.0,93.7,-24.97,14131.0,2004-10-01
Prinzregententheater (Großes Haus),24715.0,25266.0,78.15,-2.18,14085.0,2004-11-01
Prinzregententheater (Großes Haus),32035.0,32997.0,29.62,-2.92,14005.0,2004-12-01
Prinzregententheater (Großes Haus),17466.0,16537.0,-56.32,5.62,13948.0,2003-01-01
Prinzregententheater (Großes Haus),11177.0,12321.0,-36.01,-9.28,13844.0,2003-02-01
Prinzregententheater (Großes Haus),10288.0,16540.0,-7.95,-37.8,13276.0,2003-03-01
Prinzregententheater (Großes Haus),8405.0,9968.0,-18.3,-15.68,13134.0,2003-04-01
Prinzregententheater (Großes Haus),8070.0,7492.0,-3.99,7.71,13186.0,2003-05-01
Prinzregententheater (Großes Haus),6043.0,10903.0,-25.12,-44.57,12745.0,2003-06-01
Prinzregententheater (Großes Haus),3603.0,1935.0,-40.38,86.2,12896.0,2003-07-01
Prinzregententheater (Großes Haus),,,,,,2003-08-01
Prinzregententheater (Großes Haus),6470.0,1429.0,,352.76,13355.0,2003-09-01
Prinzregententheater (Großes Haus),18489.0,19746.0,185.77,-6.37,13240.0,2003-10-01
Prinzregententheater (Großes Haus),25266.0,15647.0,36.65,61.48,14115.0,2003-11-01
Prinzregententheater (Großes Haus),32997.0,39985.0,30.6,-17.48,13479.0,2003-12-01
Prinzregententheater (Großes Haus),16537.0,,,,16537.0,2002-01-01
Prinzregententheater (Großes Haus),12321.0,,-25.49,,14429.0,2002-02-01
Prinzregententheater (Großes Haus),16540.0,,34.24,,15133.0,2002-03-01
Prinzregententheater (Großes Haus),9968.0,,-39.73,,13842.0,2002-04-01
Prinzregententheater (Großes Haus),7492.0,,-24.84,,12572.0,2002-05-01
Prinzregententheater (Großes Haus),10903.0,,45.53,,12294.0,2002-06-01
Prinzregententheater (Großes Haus),1935.0,,-82.25,,10814.0,2002-07-01
Prinzregententheater (Großes Haus),,,,,,2002-08-01
Prinzregententheater (Großes Haus),1429.0,,,,9641.0,2002-09-01
Prinzregententheater (Großes Haus),19746.0,,1281.81,,10763.0,2002-10-01
Prinzregententheater (Großes Haus),15647.0,,-20.76,,11252.0,2002-11-01
Prinzregententheater (Großes Haus),39985.0,,155.54,,13864.0,2002-12-01
Residenztheater,18208.0,21193.0,-8.22,-14.08,16899.0,2020-01-01
Residenztheater,15553.0,18558.0,-14.58,-16.19,16523.0,2020-02-01
Residenztheater,4429.0,20320.0,-71.52,-78.2,14537.0,2020-03-01
Residenztheater,0.0,18864.0,,,,2020-04-01
Residenztheater,0.0,13177.0,,,,2020-05-01
Residenztheater,21193.0,24531.0,10.65,-13.61,16641.0,2019-01-01
Residenztheater,18558.0,20176.0,-12.43,-8.02,16494.0,2019-02-01
Residenztheater,20320.0,21084.0,9.49,-3.62,16424.0,2019-03-01
Residenztheater,18864.0,16814.0,-7.17,12.19,16611.0,2019-04-01
Residenztheater,13177.0,16228.0,-30.15,-18.8,16333.0,2019-05-01
Residenztheater,,15117.0,,,,2019-06-01
Residenztheater,,17065.0,,,,2019-07-01
Residenztheater,,,,,,2019-08-01
Residenztheater,,1787.0,,,,2019-09-01
Residenztheater,5141.0,16180.0,,-68.23,16833.0,2019-10-01
Residenztheater,21081.0,18253.0,310.06,15.49,17186.0,2019-11-01
Residenztheater,19839.0,19154.0,-5.89,3.58,17272.0,2019-12-01
Residenztheater,24531.0,24164.0,11.47,1.52,17356.0,2018-01-01
Residenztheater,20176.0,19114.0,-17.75,5.56,17453.0,2018-02-01
Residenztheater,21084.0,20953.0,4.5,0.63,17465.0,2018-03-01
Residenztheater,16814.0,16728.0,-20.25,0.51,17473.0,2018-04-01
Residenztheater,16228.0,16049.0,-3.49,1.12,17489.0,2018-05-01
Residenztheater,15117.0,16798.0,-6.85,-10.01,17336.0,2018-06-01
Residenztheater,17065.0,17393.0,12.89,-1.89,17306.0,2018-07-01
Residenztheater,,,,,,2018-08-01
Residenztheater,1787.0,3018.0,,-40.79,17194.0,2018-09-01
Residenztheater,16180.0,14814.0,805.43,9.22,17319.0,2018-10-01
Residenztheater,18253.0,19517.0,12.81,-6.48,17204.0,2018-11-01
Residenztheater,19154.0,22006.0,4.94,-12.96,16944.0,2018-12-01
Residenztheater,24164.0,21382.0,4.04,13.01,16900.0,2017-01-01
Residenztheater,19114.0,18657.0,-20.9,2.45,16941.0,2017-02-01
Residenztheater,20953.0,18116.0,9.62,15.66,17199.0,2017-03-01
Residenztheater,16728.0,17227.0,-20.16,-2.9,17154.0,2017-04-01
Residenztheater,16049.0,16705.0,-4.06,-3.93,17094.0,2017-05-01
Residenztheater,16798.0,15076.0,4.67,11.42,17251.0,2017-06-01
Residenztheater,17393.0,14238.0,3.54,22.16,17538.0,2017-07-01
Residenztheater,,,,,,2017-08-01
Residenztheater,3018.0,3081.0,,-2.04,17532.0,2017-09-01
Residenztheater,14814.0,14833.0,390.85,-0.13,17530.0,2017-10-01
Residenztheater,19517.0,20576.0,31.75,-5.15,17434.0,2017-11-01
Residenztheater,22006.0,23226.0,12.75,-5.25,17323.0,2017-12-01
Residenztheater,21382.0,19995.0,-23.87,6.94,16546.0,2016-01-01
Residenztheater,18657.0,17345.0,-12.74,7.56,16666.0,2016-02-01
Residenztheater,18116.0,17336.0,-2.9,4.5,16737.0,2016-03-01
Residenztheater,17227.0,14795.0,-4.91,16.44,16958.0,2016-04-01
Residenztheater,16705.0,15811.0,-3.03,5.65,17039.0,2016-05-01
Residenztheater,15076.0,15286.0,-9.75,-1.37,17020.0,2016-06-01
Residenztheater,14238.0,15578.0,-5.56,-8.6,16898.0,2016-07-01
Residenztheater,,,,,,2016-08-01
Residenztheater,3081.0,2185.0,,41.01,16979.0,2016-09-01
Residenztheater,14833.0,15739.0,381.43,-5.76,16897.0,2016-10-01
Residenztheater,20576.0,18467.0,38.72,11.42,17089.0,2016-11-01
Residenztheater,23226.0,28086.0,12.88,-17.3,16647.0,2016-12-01
Residenztheater,19995.0,22761.0,-22.2,-12.15,16635.0,2015-01-01
Residenztheater,17345.0,19382.0,-13.25,-10.51,16450.0,2015-02-01
Residenztheater,17336.0,15918.0,-0.05,8.91,16579.0,2015-03-01
Residenztheater,14795.0,13847.0,-14.66,6.85,16665.0,2015-04-01
Residenztheater,15811.0,12889.0,6.87,22.67,16931.0,2015-05-01
Residenztheater,15286.0,15434.0,-3.32,-0.96,16917.0,2015-06-01
Residenztheater,15578.0,17448.0,1.91,-10.72,16747.0,2015-07-01
Residenztheater,,,,,,2015-08-01
Residenztheater,2185.0,5213.0,,-58.09,16472.0,2015-09-01
Residenztheater,15739.0,16087.0,620.32,-2.16,16441.0,2015-10-01
Residenztheater,18467.0,21075.0,17.33,-12.37,16203.0,2015-11-01
Residenztheater,28086.0,25701.0,52.09,9.28,16420.0,2015-12-01
Residenztheater,22761.0,21097.0,-18.4,7.89,16730.0,2014-01-01
Residenztheater,19382.0,16241.0,-14.85,19.34,17016.0,2014-02-01
Residenztheater,15918.0,20513.0,-17.87,-22.4,16598.0,2014-03-01
Residenztheater,13847.0,18944.0,-13.01,-26.91,16135.0,2014-04-01
Residenztheater,12889.0,14599.0,-6.92,-11.71,15979.0,2014-05-01
Residenztheater,15434.0,14230.0,19.75,8.46,16089.0,2014-06-01
Residenztheater,17448.0,14093.0,13.05,23.81,16394.0,2014-07-01
Residenztheater,,,,,,2014-08-01
Residenztheater,5213.0,4977.0,,4.74,16415.0,2014-09-01
Residenztheater,16087.0,13077.0,208.59,23.02,16689.0,2014-10-01
Residenztheater,21075.0,16703.0,31.01,26.17,17086.0,2014-11-01
Residenztheater,25701.0,27893.0,21.95,-7.86,16887.0,2014-12-01
Residenztheater,21097.0,16117.0,1.65,30.9,14355.0,2013-01-01
Residenztheater,16241.0,15526.0,-23.02,4.61,14420.0,2013-02-01
Residenztheater,20513.0,16062.0,26.3,27.71,14825.0,2013-03-01
Residenztheater,18944.0,11546.0,-7.65,64.07,15498.0,2013-04-01
Residenztheater,14599.0,10481.0,-22.94,39.29,15872.0,2013-05-01
Residenztheater,14230.0,14292.0,-2.53,-0.43,15866.0,2013-06-01
Residenztheater,14093.0,13383.0,-0.96,5.31,15931.0,2013-07-01
Residenztheater,,,,,,2013-08-01
Residenztheater,4977.0,2036.0,,144.45,16198.0,2013-09-01
Residenztheater,13077.0,14635.0,162.75,-10.65,16057.0,2013-10-01
Residenztheater,16703.0,18097.0,27.73,-7.7,15930.0,2013-11-01
Residenztheater,27893.0,20754.0,66.99,34.4,16579.0,2013-12-01
Residenztheater,16117.0,14666.0,5.34,9.89,15526.0,2012-01-01
Residenztheater,15526.0,16420.0,-3.67,-5.44,15436.0,2012-02-01
Residenztheater,16062.0,18577.0,3.45,-13.54,15185.0,2012-03-01
Residenztheater,11546.0,18015.0,-28.12,-35.91,14538.0,2012-04-01
Residenztheater,10481.0,16179.0,-9.22,-35.22,13968.0,2012-05-01
Residenztheater,14292.0,18777.0,36.36,-23.89,13520.0,2012-06-01
Residenztheater,13383.0,6295.0,-6.36,112.6,14228.0,2012-07-01
Residenztheater,,,,,,2012-08-01
Residenztheater,2036.0,,,,13120.0,2012-09-01
Residenztheater,14635.0,11405.0,618.81,28.32,13414.0,2012-10-01
Residenztheater,18097.0,18171.0,23.66,-0.41,13407.0,2012-11-01
Residenztheater,20754.0,15300.0,14.68,35.65,13903.0,2012-12-01
Residenztheater,14666.0,16455.0,-5.21,-10.87,14901.0,2011-01-01
Residenztheater,16420.0,14513.0,11.96,13.14,15074.0,2011-02-01
Residenztheater,18577.0,16592.0,13.14,11.96,15255.0,2011-03-01
Residenztheater,18015.0,16209.0,-3.03,11.14,15419.0,2011-04-01
Residenztheater,16179.0,16421.0,-10.19,-1.47,15397.0,2011-05-01
Residenztheater,18777.0,16911.0,16.06,11.03,15567.0,2011-06-01
Residenztheater,6295.0,16576.0,-66.47,-62.02,14632.0,2011-07-01
Residenztheater,,,,,,2011-08-01
Residenztheater,,3836.0,,,,2011-09-01
Residenztheater,11405.0,17078.0,,-33.22,15144.0,2011-10-01
Residenztheater,18171.0,15637.0,59.32,16.21,15398.0,2011-11-01
Residenztheater,15300.0,15472.0,-15.8,-1.11,15381.0,2011-12-01
Residenztheater,16455.0,17262.0,-6.02,-4.68,15287.0,2010-01-01
Residenztheater,14513.0,17042.0,-11.8,-14.84,15057.0,2010-02-01
Residenztheater,16592.0,13443.0,14.33,23.42,15343.0,2010-03-01
Residenztheater,16209.0,16819.0,-2.31,-3.63,15288.0,2010-04-01
Residenztheater,16421.0,15810.0,1.31,3.86,15344.0,2010-05-01
Residenztheater,16911.0,15426.0,2.98,9.63,15479.0,2010-06-01
Residenztheater,16576.0,21691.0,-1.98,-23.58,15014.0,2010-07-01
Residenztheater,,,,,,2010-08-01
Residenztheater,3836.0,2672.0,,43.56,15119.0,2010-09-01
Residenztheater,17078.0,14445.0,345.2,18.23,15359.0,2010-10-01
Residenztheater,15637.0,16846.0,-8.44,-7.18,15249.0,2010-11-01
Residenztheater,15472.0,17509.0,-1.06,-11.63,15064.0,2010-12-01
Residenztheater,17262.0,17743.0,1.14,-2.71,16474.0,2009-01-01
Residenztheater,17042.0,17429.0,-1.27,-2.22,16439.0,2009-02-01
Residenztheater,13443.0,17709.0,-21.12,-24.09,16051.0,2009-03-01
Residenztheater,16819.0,16473.0,25.11,2.1,16082.0,2009-04-01
Residenztheater,15810.0,18424.0,-6.0,-14.19,15845.0,2009-05-01
Residenztheater,15426.0,18514.0,-2.43,-16.68,15564.0,2009-06-01
Residenztheater,21691.0,20947.0,40.61,3.55,15632.0,2009-07-01
Residenztheater,,,,,,2009-08-01
Residenztheater,2672.0,2530.0,,5.61,15645.0,2009-09-01
Residenztheater,14445.0,16576.0,440.61,-12.86,15451.0,2009-10-01
Residenztheater,16846.0,18282.0,16.62,-7.85,15320.0,2009-11-01
Residenztheater,17509.0,17067.0,3.94,2.59,15360.0,2009-12-01
Residenztheater,17743.0,22668.0,-12.62,-21.73,17803.0,2008-01-01
Residenztheater,17429.0,21533.0,-1.77,-19.06,17430.0,2008-02-01
Residenztheater,17709.0,20894.0,1.61,-15.24,17140.0,2008-03-01
Residenztheater,16473.0,16853.0,-6.98,-2.25,17106.0,2008-04-01
Residenztheater,18424.0,18151.0,11.84,1.5,17131.0,2008-05-01
Residenztheater,18514.0,19397.0,0.49,-4.55,17050.0,2008-06-01
Residenztheater,20947.0,20821.0,13.14,0.61,17062.0,2008-07-01
Residenztheater,,,,,,2008-08-01
Residenztheater,2530.0,1455.0,,73.88,17160.0,2008-09-01
Residenztheater,16576.0,18467.0,555.18,-10.24,16988.0,2008-10-01
Residenztheater,18282.0,20215.0,10.29,-9.56,16812.0,2008-11-01
Residenztheater,17067.0,20305.0,-6.65,-15.95,16518.0,2008-12-01
Residenztheater,22668.0,19700.0,9.14,15.07,17765.0,2007-01-01
Residenztheater,21533.0,14576.0,-5.01,47.73,18460.0,2007-02-01
Residenztheater,20894.0,13591.0,-2.97,53.73,19191.0,2007-03-01
Residenztheater,16853.0,18371.0,-19.34,-8.26,19039.0,2007-04-01
Residenztheater,18151.0,21836.0,7.7,-16.88,18670.0,2007-05-01
Residenztheater,19397.0,18776.0,6.86,3.31,18732.0,2007-06-01
Residenztheater,20821.0,18409.0,7.34,13.1,18974.0,2007-07-01
Residenztheater,,,,,,2007-08-01
Residenztheater,1455.0,,,,17381.0,2007-09-01
Residenztheater,18467.0,11830.0,1169.21,56.1,17984.0,2007-10-01
Residenztheater,20215.0,16819.0,9.47,20.19,18293.0,2007-11-01
Residenztheater,20305.0,20769.0,0.45,-2.23,18251.0,2007-12-01
Residenztheater,19700.0,17319.0,4.15,13.75,17697.0,2006-01-01
Residenztheater,14576.0,17833.0,-26.01,-18.26,17371.0,2006-02-01
Residenztheater,13591.0,20040.0,-6.76,-32.18,16726.0,2006-03-01
Residenztheater,18371.0,18412.0,35.17,-0.22,16722.0,2006-04-01
Residenztheater,21836.0,17765.0,18.86,22.92,17129.0,2006-05-01
Residenztheater,18776.0,18092.0,-14.01,3.78,17198.0,2006-06-01
Residenztheater,18409.0,13757.0,-1.95,33.82,17663.0,2006-07-01
Residenztheater,,,,,,2006-08-01
Residenztheater,,,,,,2006-09-01
Residenztheater,11830.0,13595.0,,-12.98,17486.0,2006-10-01
Residenztheater,16819.0,18858.0,42.17,-10.81,17282.0,2006-11-01
Residenztheater,20769.0,18915.0,23.49,9.8,17468.0,2006-12-01
Residenztheater,17319.0,21510.0,-8.33,-19.48,19092.0,2005-01-01
Residenztheater,17833.0,21020.0,2.97,-15.16,18773.0,2005-02-01
Residenztheater,20040.0,23469.0,12.38,-14.61,18430.0,2005-03-01
Residenztheater,18412.0,19273.0,-8.12,-4.47,18344.0,2005-04-01
Residenztheater,17765.0,17415.0,-3.51,2.01,18379.0,2005-05-01
Residenztheater,18092.0,20698.0,1.84,-12.59,18118.0,2005-06-01
Residenztheater,13757.0,18327.0,-23.96,-24.94,17661.0,2005-07-01
Residenztheater,,,,,,2005-08-01
Residenztheater,,,,,,2005-09-01
Residenztheater,13595.0,14703.0,,-7.54,17551.0,2005-10-01
Residenztheater,18858.0,19800.0,38.71,-4.76,17456.0,2005-11-01
Residenztheater,18915.0,18893.0,0.3,0.12,17459.0,2005-12-01
Residenztheater,21510.0,20775.0,-2.5,3.54,18698.0,2004-01-01
Residenztheater,21020.0,19224.0,-2.28,9.34,18878.0,2004-02-01
Residenztheater,23469.0,20304.0,11.65,15.59,19194.0,2004-03-01
Residenztheater,19273.0,17237.0,-17.88,11.81,19398.0,2004-04-01
Residenztheater,17415.0,17872.0,-9.64,-2.56,19352.0,2004-05-01
Residenztheater,20698.0,15088.0,18.85,37.18,19913.0,2004-06-01
Residenztheater,18327.0,16651.0,-11.46,10.07,20081.0,2004-07-01
Residenztheater,,,,,,2004-08-01
Residenztheater,,,,,,2004-09-01
Residenztheater,14703.0,15267.0,,-3.69,20024.0,2004-10-01
Residenztheater,19800.0,21766.0,34.67,-9.03,19828.0,2004-11-01
Residenztheater,18893.0,22062.0,-4.58,-14.36,19511.0,2004-12-01
Residenztheater,20775.0,21990.0,0.09,-5.53,16482.0,2003-01-01
Residenztheater,19224.0,20564.0,-7.47,-6.52,16348.0,2003-02-01
Residenztheater,20304.0,18915.0,5.62,7.34,16486.0,2003-03-01
Residenztheater,17237.0,15617.0,-15.11,10.37,16648.0,2003-04-01
Residenztheater,17872.0,17201.0,3.68,3.9,16716.0,2003-05-01
Residenztheater,15088.0,14745.0,-15.58,2.33,16750.0,2003-06-01
Residenztheater,16651.0,10479.0,10.36,58.9,17367.0,2003-07-01
Residenztheater,,,,,,2003-08-01
Residenztheater,,,,,,2003-09-01
Residenztheater,15267.0,4494.0,,239.72,18444.0,2003-10-01
Residenztheater,21766.0,21268.0,42.57,2.34,18494.0,2003-11-01
Residenztheater,22062.0,20757.0,1.36,6.29,18625.0,2003-12-01
Residenztheater,21990.0,19158.0,-4.26,14.78,18420.0,2002-01-01
Residenztheater,20564.0,18328.0,-6.48,12.2,18644.0,2002-02-01
Residenztheater,18915.0,21948.0,-8.02,-13.82,18341.0,2002-03-01
Residenztheater,15617.0,17655.0,-17.44,-11.54,18137.0,2002-04-01
Residenztheater,17201.0,19790.0,10.14,-13.08,17878.0,2002-05-01
Residenztheater,14745.0,19554.0,-14.28,-24.59,17397.0,2002-06-01
Residenztheater,10479.0,4313.0,-28.93,142.96,18014.0,2002-07-01
Residenztheater,,,,,,2002-08-01
Residenztheater,,,,,,2002-09-01
Residenztheater,4494.0,16104.0,,-72.09,16853.0,2002-10-01
Residenztheater,21268.0,21553.0,373.25,-1.32,16824.0,2002-11-01
Residenztheater,20757.0,22969.0,-2.4,-9.63,16603.0,2002-12-01
Residenztheater,19158.0,18624.0,-6.48,2.87,16431.0,2001-01-01
Residenztheater,18328.0,19720.0,-4.33,-7.06,16305.0,2001-02-01
Residenztheater,21948.0,19507.0,19.75,12.51,16527.0,2001-03-01
Residenztheater,17655.0,15693.0,-19.56,12.5,16705.0,2001-04-01
Residenztheater,19790.0,14524.0,12.09,36.26,17184.0,2001-05-01
Residenztheater,19554.0,15140.0,-1.19,29.15,17585.0,2001-06-01
Residenztheater,4313.0,16855.0,-77.94,-74.41,16445.0,2001-07-01
Residenztheater,,,,,,2001-08-01
Residenztheater,,1134.0,,,,2001-09-01
Residenztheater,16104.0,20140.0,,-20.04,17572.0,2001-10-01
Residenztheater,21553.0,18389.0,33.84,17.21,17889.0,2001-11-01
Residenztheater,22969.0,20485.0,6.57,12.13,18137.0,2001-12-01
Residenztheater,18624.0,,,,18624.0,2000-01-01
Residenztheater,19720.0,,5.88,,19172.0,2000-02-01
Residenztheater,19507.0,,-1.08,,19284.0,2000-03-01
Residenztheater,15693.0,,-19.55,,18386.0,2000-04-01
Residenztheater,14524.0,,-7.45,,17614.0,2000-05-01
Residenztheater,15140.0,,4.24,,17201.0,2000-06-01
Residenztheater,16855.0,,11.33,,17152.0,2000-07-01
Residenztheater,,,,,,2000-08-01
Residenztheater,1134.0,,,,15150.0,2000-09-01
Residenztheater,20140.0,,1676.01,,15704.0,2000-10-01
Residenztheater,18389.0,,-8.69,,15973.0,2000-11-01
Residenztheater,20485.0,,11.4,,16383.0,2000-12-01
Schauburg - Theater für junges Publikum,4062.0,5087.0,23.28,-20.15,3195.0,2020-01-01
Schauburg - Theater für junges Publikum,3292.0,3437.0,-18.96,-4.22,3180.0,2020-02-01
Schauburg - Theater für junges Publikum,632.0,3911.0,-80.8,-83.84,2853.0,2020-03-01
Schauburg - Theater für junges Publikum,0.0,1551.0,,,,2020-04-01
Schauburg - Theater für junges Publikum,0.0,4074.0,,,,2020-05-01
Schauburg - Theater für junges Publikum,5087.0,2914.0,55.85,74.57,3484.0,2019-01-01
Schauburg - Theater für junges Publikum,3437.0,2830.0,-32.44,21.45,3544.0,2019-02-01
Schauburg - Theater für junges Publikum,3911.0,4281.0,13.79,-8.64,3507.0,2019-03-01
Schauburg - Theater für junges Publikum,1551.0,2807.0,-60.34,-44.75,3382.0,2019-04-01
Schauburg - Theater für junges Publikum,4074.0,2624.0,162.67,55.26,3527.0,2019-05-01
Schauburg - Theater für junges Publikum,2021.0,3612.0,-50.39,-44.05,3368.0,2019-06-01
Schauburg - Theater für junges Publikum,3045.0,3182.0,50.67,-4.31,3354.0,2019-07-01
Schauburg - Theater für junges Publikum,,,,,,2019-08-01
Schauburg - Theater für junges Publikum,,,,,,2019-09-01
Schauburg - Theater für junges Publikum,2371.0,2868.0,,-17.33,3304.0,2019-10-01
Schauburg - Theater für junges Publikum,4182.0,4281.0,76.38,-2.31,3294.0,2019-11-01
Schauburg - Theater für junges Publikum,3295.0,3264.0,-21.21,0.95,3297.0,2019-12-01
Schauburg - Theater für junges Publikum,2914.0,4353.0,-30.19,-33.06,3333.0,2018-01-01
Schauburg - Theater für junges Publikum,2830.0,4862.0,-2.88,-41.79,3130.0,2018-02-01
Schauburg - Theater für junges Publikum,4281.0,5976.0,51.27,-28.36,2961.0,2018-03-01
Schauburg - Theater für junges Publikum,2807.0,3196.0,-34.43,-12.17,2922.0,2018-04-01
Schauburg - Theater für junges Publikum,2624.0,4793.0,-6.52,-45.25,2705.0,2018-05-01
Schauburg - Theater für junges Publikum,3612.0,2996.0,37.65,20.56,2767.0,2018-06-01
Schauburg - Theater für junges Publikum,3182.0,130.0,-11.9,2347.69,3072.0,2018-07-01
Schauburg - Theater für junges Publikum,,,,,,2018-08-01
Schauburg - Theater für junges Publikum,,,,,,2018-09-01
Schauburg - Theater für junges Publikum,2868.0,1583.0,,81.17,3200.0,2018-10-01
Schauburg - Theater für junges Publikum,4281.0,2710.0,49.27,57.97,3357.0,2018-11-01
Schauburg - Theater für junges Publikum,3264.0,4174.0,-23.76,-21.8,3266.0,2018-12-01
Schauburg - Theater für junges Publikum,4353.0,3736.0,13.21,16.51,3757.0,2017-01-01
Schauburg - Theater für junges Publikum,4862.0,3845.0,11.69,26.45,3859.0,2017-02-01
Schauburg - Theater für junges Publikum,5976.0,3310.0,22.91,80.54,4126.0,2017-03-01
Schauburg - Theater für junges Publikum,3196.0,4911.0,-46.52,-34.92,3954.0,2017-04-01
Schauburg - Theater für junges Publikum,4793.0,2776.0,49.97,72.66,4156.0,2017-05-01
Schauburg - Theater für junges Publikum,2996.0,4512.0,-37.49,-33.6,4004.0,2017-06-01
Schauburg - Theater für junges Publikum,130.0,3729.0,-95.66,-96.51,3644.0,2017-07-01
Schauburg - Theater für junges Publikum,,,,,,2017-08-01
Schauburg - Theater für junges Publikum,,,,,,2017-09-01
Schauburg - Theater für junges Publikum,1583.0,2541.0,,-37.7,3548.0,2017-10-01
Schauburg - Theater für junges Publikum,2710.0,3750.0,71.19,-27.73,3444.0,2017-11-01
Schauburg - Theater für junges Publikum,4174.0,3845.0,54.02,8.56,3477.0,2017-12-01
Schauburg - Theater für junges Publikum,3736.0,2941.0,-10.19,27.03,3263.0,2016-01-01
Schauburg - Theater für junges Publikum,3845.0,1637.0,2.92,134.88,3464.0,2016-02-01
Schauburg - Theater für junges Publikum,3310.0,4176.0,-13.91,-20.74,3385.0,2016-03-01
Schauburg - Theater für junges Publikum,4911.0,2793.0,48.37,75.83,3578.0,2016-04-01
Schauburg - Theater für junges Publikum,2776.0,3779.0,-43.47,-26.54,3486.0,2016-05-01
Schauburg - Theater für junges Publikum,4512.0,3308.0,62.54,36.4,3596.0,2016-06-01
Schauburg - Theater für junges Publikum,3729.0,3640.0,-17.35,2.45,3604.0,2016-07-01
Schauburg - Theater für junges Publikum,,,,,,2016-08-01
Schauburg - Theater für junges Publikum,,400.0,,,,2016-09-01
Schauburg - Theater für junges Publikum,2541.0,3740.0,,-32.06,3805.0,2016-10-01
Schauburg - Theater für junges Publikum,3750.0,4525.0,47.58,-17.13,3727.0,2016-11-01
Schauburg - Theater für junges Publikum,3845.0,4160.0,2.53,-7.57,3696.0,2016-12-01
Schauburg - Theater für junges Publikum,2941.0,3947.0,-17.92,-25.49,3212.0,2015-01-01
Schauburg - Theater für junges Publikum,1637.0,3541.0,-44.34,-53.77,3021.0,2015-02-01
Schauburg - Theater für junges Publikum,4176.0,3538.0,155.1,18.03,3085.0,2015-03-01
Schauburg - Theater für junges Publikum,2793.0,2104.0,-33.12,32.75,3154.0,2015-04-01
Schauburg - Theater für junges Publikum,3779.0,4247.0,35.3,-11.02,3107.0,2015-05-01
Schauburg - Theater für junges Publikum,3308.0,2051.0,-12.46,61.29,3233.0,2015-06-01
Schauburg - Theater für junges Publikum,3640.0,2907.0,10.04,25.21,3306.0,2015-07-01
Schauburg - Theater für junges Publikum,,,,,,2015-08-01
Schauburg - Theater für junges Publikum,400.0,,,,3042.0,2015-09-01
Schauburg - Theater für junges Publikum,3740.0,2333.0,835.0,60.31,3170.0,2015-10-01
Schauburg - Theater für junges Publikum,4525.0,4871.0,20.99,-7.1,3138.0,2015-11-01
Schauburg - Theater für junges Publikum,4160.0,3583.0,-8.07,16.1,3191.0,2015-12-01
Schauburg - Theater für junges Publikum,3947.0,3483.0,36.67,13.32,3530.0,2014-01-01
Schauburg - Theater für junges Publikum,3541.0,3953.0,-10.29,-10.42,3488.0,2014-02-01
Schauburg - Theater für junges Publikum,3538.0,3982.0,-0.08,-11.15,3444.0,2014-03-01
Schauburg - Theater für junges Publikum,2104.0,3262.0,-40.53,-35.5,3328.0,2014-04-01
Schauburg - Theater für junges Publikum,4247.0,1966.0,101.85,116.02,3556.0,2014-05-01
Schauburg - Theater für junges Publikum,2051.0,4124.0,-51.71,-50.27,3349.0,2014-06-01
Schauburg - Theater für junges Publikum,2907.0,3713.0,41.74,-21.71,3268.0,2014-07-01
Schauburg - Theater für junges Publikum,,,,,,2014-08-01
Schauburg - Theater für junges Publikum,,,,,,2014-09-01
Schauburg - Theater für junges Publikum,2333.0,3355.0,,-30.46,3166.0,2014-10-01
Schauburg - Theater für junges Publikum,4871.0,4106.0,108.79,18.63,3243.0,2014-11-01
Schauburg - Theater für junges Publikum,3583.0,2888.0,-26.44,24.07,3312.0,2014-12-01
Schauburg - Theater für junges Publikum,3483.0,3233.0,9.32,7.73,3508.0,2013-01-01
Schauburg - Theater für junges Publikum,3953.0,4042.0,13.49,-2.2,3499.0,2013-02-01
Schauburg - Theater für junges Publikum,3982.0,4789.0,0.73,-16.85,3418.0,2013-03-01
Schauburg - Theater für junges Publikum,3262.0,2634.0,-18.08,23.84,3481.0,2013-04-01
Schauburg - Theater für junges Publikum,1966.0,3205.0,-39.73,-38.66,3357.0,2013-05-01
Schauburg - Theater für junges Publikum,4124.0,3146.0,109.77,31.09,3455.0,2013-06-01
Schauburg - Theater für junges Publikum,3713.0,3360.0,-9.97,10.51,3490.0,2013-07-01
Schauburg - Theater für junges Publikum,,,,,,2013-08-01
Schauburg - Theater für junges Publikum,,,,,,2013-09-01
Schauburg - Theater für junges Publikum,3355.0,3689.0,,-9.05,3457.0,2013-10-01
Schauburg - Theater für junges Publikum,4106.0,3543.0,22.38,15.89,3513.0,2013-11-01
Schauburg - Theater für junges Publikum,2888.0,3186.0,-29.66,-9.35,3483.0,2013-12-01
Schauburg - Theater für junges Publikum,3233.0,4203.0,-5.85,-23.08,3373.0,2012-01-01
Schauburg - Theater für junges Publikum,4042.0,4705.0,25.02,-14.09,3306.0,2012-02-01
Schauburg - Theater für junges Publikum,4789.0,4219.0,18.48,13.51,3363.0,2012-03-01
Schauburg - Theater für junges Publikum,2634.0,3151.0,-45.0,-16.41,3312.0,2012-04-01
Schauburg - Theater für junges Publikum,3205.0,3264.0,21.68,-1.81,3306.0,2012-05-01
Schauburg - Theater für junges Publikum,3146.0,2007.0,-1.84,56.75,3420.0,2012-06-01
Schauburg - Theater für junges Publikum,3360.0,3961.0,6.8,-15.17,3360.0,2012-07-01
Schauburg - Theater für junges Publikum,,,,,,2012-08-01
Schauburg - Theater für junges Publikum,,,,,,2012-09-01
Schauburg - Theater für junges Publikum,3689.0,2064.0,,78.73,3522.0,2012-10-01
Schauburg - Theater für junges Publikum,3543.0,3689.0,-3.96,-3.96,3508.0,2012-11-01
Schauburg - Theater für junges Publikum,3186.0,3434.0,-10.08,-7.22,3483.0,2012-12-01
Schauburg - Theater für junges Publikum,4203.0,3454.0,13.53,21.69,3751.0,2011-01-01
Schauburg - Theater für junges Publikum,4705.0,2918.0,11.94,61.24,3930.0,2011-02-01
Schauburg - Theater für junges Publikum,4219.0,4522.0,-10.33,-6.7,3900.0,2011-03-01
Schauburg - Theater für junges Publikum,3151.0,3114.0,-25.31,1.19,3903.0,2011-04-01
Schauburg - Theater für junges Publikum,3264.0,3790.0,3.59,-13.88,3851.0,2011-05-01
Schauburg - Theater für junges Publikum,2007.0,3393.0,-38.51,-40.85,3712.0,2011-06-01
Schauburg - Theater für junges Publikum,3961.0,4769.0,97.36,-16.94,3631.0,2011-07-01
Schauburg - Theater für junges Publikum,,,,,,2011-08-01
Schauburg - Theater für junges Publikum,,,,,,2011-09-01
Schauburg - Theater für junges Publikum,2064.0,3363.0,,-38.63,3501.0,2011-10-01
Schauburg - Theater für junges Publikum,3689.0,3737.0,78.73,-1.28,3497.0,2011-11-01
Schauburg - Theater für junges Publikum,3434.0,3702.0,-6.91,-7.24,3470.0,2011-12-01
Schauburg - Theater für junges Publikum,3454.0,4542.0,-11.73,-23.95,3340.0,2010-01-01
Schauburg - Theater für junges Publikum,2918.0,3375.0,-15.52,-13.54,3299.0,2010-02-01
Schauburg - Theater für junges Publikum,4522.0,4554.0,54.97,-0.7,3296.0,2010-03-01
Schauburg - Theater für junges Publikum,3114.0,3034.0,-31.14,2.64,3303.0,2010-04-01
Schauburg - Theater für junges Publikum,3790.0,4154.0,21.71,-8.76,3270.0,2010-05-01
Schauburg - Theater für junges Publikum,3393.0,1997.0,-10.47,69.9,3397.0,2010-06-01
Schauburg - Theater für junges Publikum,4769.0,4967.0,40.55,-3.99,3379.0,2010-07-01
Schauburg - Theater für junges Publikum,,,,,,2010-08-01
Schauburg - Theater für junges Publikum,,153.0,,,,2010-09-01
Schauburg - Theater für junges Publikum,3363.0,3158.0,,6.49,3722.0,2010-10-01
Schauburg - Theater für junges Publikum,3737.0,3986.0,11.12,-6.25,3697.0,2010-11-01
Schauburg - Theater für junges Publikum,3702.0,3913.0,-0.94,-5.39,3676.0,2010-12-01
Schauburg - Theater für junges Publikum,4542.0,4046.0,20.35,12.26,3690.0,2009-01-01
Schauburg - Theater für junges Publikum,3375.0,3735.0,-25.69,-9.64,3658.0,2009-02-01
Schauburg - Theater für junges Publikum,4554.0,2665.0,34.93,70.88,3829.0,2009-03-01
Schauburg - Theater für junges Publikum,3034.0,5329.0,-33.38,-43.07,3621.0,2009-04-01
Schauburg - Theater für junges Publikum,4154.0,2940.0,36.91,41.29,3731.0,2009-05-01
Schauburg - Theater für junges Publikum,1997.0,4491.0,-51.93,-55.53,3504.0,2009-06-01
Schauburg - Theater für junges Publikum,4967.0,4863.0,148.72,2.14,3514.0,2009-07-01
Schauburg - Theater für junges Publikum,,,,,,2009-08-01
Schauburg - Theater für junges Publikum,153.0,145.0,,5.52,3515.0,2009-09-01
Schauburg - Theater für junges Publikum,3158.0,4365.0,1964.05,-27.65,3405.0,2009-10-01
Schauburg - Theater für junges Publikum,3986.0,3746.0,26.22,6.41,3427.0,2009-11-01
Schauburg - Theater für junges Publikum,3913.0,3774.0,-1.83,3.68,3439.0,2009-12-01
Schauburg - Theater für junges Publikum,4046.0,4229.0,13.49,-4.33,4183.0,2008-01-01
Schauburg - Theater für junges Publikum,3735.0,4113.0,-7.69,-9.19,4145.0,2008-02-01
Schauburg - Theater für junges Publikum,2665.0,5270.0,-28.65,-49.43,3885.0,2008-03-01
Schauburg - Theater für junges Publikum,5329.0,3150.0,99.96,69.17,4103.0,2008-04-01
Schauburg - Theater für junges Publikum,2940.0,3277.0,-44.83,-10.28,4069.0,2008-05-01
Schauburg - Theater für junges Publikum,4491.0,4044.0,52.76,11.05,4114.0,2008-06-01
Schauburg - Theater für junges Publikum,4863.0,4548.0,8.28,6.93,4145.0,2008-07-01
Schauburg - Theater für junges Publikum,,,,,,2008-08-01
Schauburg - Theater für junges Publikum,145.0,,,,3782.0,2008-09-01
Schauburg - Theater für junges Publikum,4365.0,2448.0,2910.34,78.31,3956.0,2008-10-01
Schauburg - Theater für junges Publikum,3746.0,7370.0,-14.18,-49.17,3626.0,2008-11-01
Schauburg - Theater für junges Publikum,3774.0,3565.0,0.75,5.86,3645.0,2008-12-01
Schauburg - Theater für junges Publikum,4229.0,3826.0,-7.26,10.53,3876.0,2007-01-01
Schauburg - Theater für junges Publikum,4113.0,4307.0,-2.74,-4.5,3857.0,2007-02-01
Schauburg - Theater für junges Publikum,5270.0,3849.0,28.13,36.92,3999.0,2007-03-01
Schauburg - Theater für junges Publikum,3150.0,2731.0,-40.23,15.34,4041.0,2007-04-01
Schauburg - Theater für junges Publikum,3277.0,4407.0,4.03,-25.64,3928.0,2007-05-01
Schauburg - Theater für junges Publikum,4044.0,2758.0,23.41,46.63,4057.0,2007-06-01
Schauburg - Theater für junges Publikum,4548.0,3992.0,12.46,13.93,4112.0,2007-07-01
Schauburg - Theater für junges Publikum,,,,,,2007-08-01
Schauburg - Theater für junges Publikum,,,,,,2007-09-01
Schauburg - Theater für junges Publikum,2448.0,2650.0,,-7.62,4092.0,2007-10-01
Schauburg - Theater für junges Publikum,7370.0,5281.0,201.06,39.56,4301.0,2007-11-01
Schauburg - Theater für junges Publikum,3565.0,4560.0,-51.63,-21.82,4201.0,2007-12-01
Schauburg - Theater für junges Publikum,3826.0,3766.0,10.16,1.59,3891.0,2006-01-01
Schauburg - Theater für junges Publikum,4307.0,3161.0,12.57,36.25,4006.0,2006-02-01
Schauburg - Theater für junges Publikum,3849.0,4171.0,-10.63,-7.72,3974.0,2006-03-01
Schauburg - Theater für junges Publikum,2731.0,4651.0,-29.05,-41.28,3782.0,2006-04-01
Schauburg - Theater für junges Publikum,4407.0,2440.0,61.37,80.61,3978.0,2006-05-01
Schauburg - Theater für junges Publikum,2758.0,5542.0,-37.42,-50.23,3700.0,2006-06-01
Schauburg - Theater für junges Publikum,3992.0,4880.0,44.74,-18.2,3611.0,2006-07-01
Schauburg - Theater für junges Publikum,,,,,,2006-08-01
Schauburg - Theater für junges Publikum,,,,,,2006-09-01
Schauburg - Theater für junges Publikum,2650.0,3055.0,,-13.26,3571.0,2006-10-01
Schauburg - Theater für junges Publikum,5281.0,3714.0,99.28,42.19,3727.0,2006-11-01
Schauburg - Theater für junges Publikum,4560.0,3473.0,-13.65,31.3,3836.0,2006-12-01
Schauburg - Theater für junges Publikum,3766.0,4443.0,-15.43,-15.24,3763.0,2005-01-01
Schauburg - Theater für junges Publikum,3161.0,3761.0,-16.06,-15.95,3703.0,2005-02-01
Schauburg - Theater für junges Publikum,4171.0,4566.0,31.95,-8.65,3664.0,2005-03-01
Schauburg - Theater für junges Publikum,4651.0,2303.0,11.51,101.95,3899.0,2005-04-01
Schauburg - Theater für junges Publikum,2440.0,4028.0,-47.54,-39.42,3740.0,2005-05-01
Schauburg - Theater für junges Publikum,5542.0,3149.0,127.13,75.99,3979.0,2005-06-01
Schauburg - Theater für junges Publikum,4880.0,4357.0,-11.95,12.0,4031.0,2005-07-01
Schauburg - Theater für junges Publikum,,,,,,2005-08-01
Schauburg - Theater für junges Publikum,,,,,,2005-09-01
Schauburg - Theater für junges Publikum,3055.0,3110.0,,-1.77,4026.0,2005-10-01
Schauburg - Theater für junges Publikum,3714.0,4140.0,21.57,-10.29,3983.0,2005-11-01
Schauburg - Theater für junges Publikum,3473.0,4453.0,-6.49,-22.01,3885.0,2005-12-01
Schauburg - Theater für junges Publikum,4443.0,3533.0,-17.17,25.76,4253.0,2004-01-01
Schauburg - Theater für junges Publikum,3761.0,4669.0,-15.35,-19.45,4162.0,2004-02-01
Schauburg - Theater für junges Publikum,4566.0,4061.0,21.4,12.44,4212.0,2004-03-01
Schauburg - Theater für junges Publikum,2303.0,3016.0,-49.56,-23.64,4141.0,2004-04-01
Schauburg - Theater für junges Publikum,4028.0,5190.0,74.9,-22.39,4025.0,2004-05-01
Schauburg - Theater für junges Publikum,3149.0,2401.0,-21.82,31.15,4100.0,2004-06-01
Schauburg - Theater für junges Publikum,4357.0,6544.0,38.36,-33.42,3881.0,2004-07-01
Schauburg - Theater für junges Publikum,,,,,,2004-08-01
Schauburg - Theater für junges Publikum,,,,,,2004-09-01
Schauburg - Theater für junges Publikum,3110.0,2357.0,,31.95,3956.0,2004-10-01
Schauburg - Theater für junges Publikum,4140.0,4480.0,33.12,-7.59,3922.0,2004-11-01
Schauburg - Theater für junges Publikum,4453.0,5364.0,7.56,-16.98,3831.0,2004-12-01
Schauburg - Theater für junges Publikum,3533.0,4292.0,-34.88,-17.68,3837.0,2003-01-01
Schauburg - Theater für junges Publikum,4669.0,3159.0,32.15,47.8,3988.0,2003-02-01
Schauburg - Theater für junges Publikum,4061.0,3986.0,-13.02,1.88,3996.0,2003-03-01
Schauburg - Theater für junges Publikum,3016.0,4263.0,-25.73,-29.25,3871.0,2003-04-01
Schauburg - Theater für junges Publikum,5190.0,3061.0,72.08,69.55,4084.0,2003-05-01
Schauburg - Theater für junges Publikum,2401.0,3923.0,-53.74,-38.8,3932.0,2003-06-01
Schauburg - Theater für junges Publikum,6544.0,4781.0,172.55,36.88,4108.0,2003-07-01
Schauburg - Theater für junges Publikum,,,,,,2003-08-01
Schauburg - Theater für junges Publikum,,,,,,2003-09-01
Schauburg - Theater für junges Publikum,2357.0,1780.0,,32.42,4166.0,2003-10-01
Schauburg - Theater für junges Publikum,4480.0,4460.0,90.07,0.45,4168.0,2003-11-01
Schauburg - Theater für junges Publikum,5364.0,5425.0,19.73,-1.12,4162.0,2003-12-01
Schauburg - Theater für junges Publikum,4292.0,4952.0,7.41,-13.33,3993.0,2002-01-01
Schauburg - Theater für junges Publikum,3159.0,3684.0,-26.4,-14.25,3941.0,2002-02-01
Schauburg - Theater für junges Publikum,3986.0,4544.0,26.18,-12.28,3885.0,2002-03-01
Schauburg - Theater für junges Publikum,4263.0,3292.0,6.95,29.5,3982.0,2002-04-01
Schauburg - Theater für junges Publikum,3061.0,5188.0,-28.2,-41.0,3769.0,2002-05-01
Schauburg - Theater für junges Publikum,3923.0,2960.0,28.16,32.53,3866.0,2002-06-01
Schauburg - Theater für junges Publikum,4781.0,3642.0,21.87,31.27,3979.0,2002-07-01
Schauburg - Theater für junges Publikum,,,,,,2002-08-01
Schauburg - Theater für junges Publikum,,,,,,2002-09-01
Schauburg - Theater für junges Publikum,1780.0,3294.0,,-45.96,3828.0,2002-10-01
Schauburg - Theater für junges Publikum,4460.0,5039.0,150.56,-11.49,3770.0,2002-11-01
Schauburg - Theater für junges Publikum,5425.0,3996.0,21.64,35.76,3913.0,2002-12-01
Schauburg - Theater für junges Publikum,4952.0,3300.0,19.12,50.06,3902.0,2001-01-01
Schauburg - Theater für junges Publikum,3684.0,4642.0,-25.61,-20.64,3806.0,2001-02-01
Schauburg - Theater für junges Publikum,4544.0,3760.0,23.34,20.85,3884.0,2001-03-01
Schauburg - Theater für junges Publikum,3292.0,3070.0,-27.55,7.23,3907.0,2001-04-01
Schauburg - Theater für junges Publikum,5188.0,5258.0,57.59,-1.33,3900.0,2001-05-01
Schauburg - Theater für junges Publikum,2960.0,2880.0,-42.95,2.78,3908.0,2001-06-01
Schauburg - Theater für junges Publikum,3642.0,3687.0,23.04,-1.22,3903.0,2001-07-01
Schauburg - Theater für junges Publikum,,,,,,2001-08-01
Schauburg - Theater für junges Publikum,,,,,,2001-09-01
Schauburg - Theater für junges Publikum,3294.0,2981.0,,10.5,3934.0,2001-10-01
Schauburg - Theater für junges Publikum,5039.0,3630.0,52.98,38.82,4075.0,2001-11-01
Schauburg - Theater für junges Publikum,3996.0,4157.0,-20.7,-3.87,4059.0,2001-12-01
Schauburg - Theater für junges Publikum,3300.0,,,,3300.0,2000-01-01
Schauburg - Theater für junges Publikum,4642.0,,40.67,,3971.0,2000-02-01
Schauburg - Theater für junges Publikum,3760.0,,-19.0,,3901.0,2000-03-01
Schauburg - Theater für junges Publikum,3070.0,,-18.35,,3693.0,2000-04-01
Schauburg - Theater für junges Publikum,5258.0,,71.27,,4006.0,2000-05-01
Schauburg - Theater für junges Publikum,2880.0,,-45.23,,3818.0,2000-06-01
Schauburg - Theater für junges Publikum,3687.0,,28.02,,3800.0,2000-07-01
Schauburg - Theater für junges Publikum,,,,,,2000-08-01
Schauburg - Theater für junges Publikum,,,,,,2000-09-01
Schauburg - Theater für junges Publikum,2981.0,,,,3697.0,2000-10-01
Schauburg - Theater für junges Publikum,3630.0,,21.77,,3690.0,2000-11-01
Schauburg - Theater für junges Publikum,4157.0,,14.52,,3737.0,2000-12-01
Theater am Gärtnerplatz,16726.0,21566.0,-29.9,-22.44,14849.0,2020-01-01
Theater am Gärtnerplatz,17108.0,15010.0,2.28,13.98,15040.0,2020-02-01
Theater am Gärtnerplatz,5876.0,18648.0,-65.65,-68.49,13879.0,2020-03-01
Theater am Gärtnerplatz,0.0,13091.0,,,,2020-04-01
Theater am Gärtnerplatz,0.0,14530.0,,,,2020-05-01
Theater am Gärtnerplatz,21566.0,13782.0,4.29,56.48,14803.0,2019-01-01
Theater am Gärtnerplatz,15010.0,13723.0,-30.4,9.38,14920.0,2019-02-01
Theater am Gärtnerplatz,18648.0,17935.0,24.24,3.98,14984.0,2019-03-01
Theater am Gärtnerplatz,13091.0,15104.0,-29.8,-13.33,14801.0,2019-04-01
Theater am Gärtnerplatz,14530.0,10736.0,10.99,35.34,15146.0,2019-05-01
Theater am Gärtnerplatz,14703.0,12712.0,1.19,15.66,15327.0,2019-06-01
Theater am Gärtnerplatz,12747.0,15379.0,-13.3,-17.11,15088.0,2019-07-01
Theater am Gärtnerplatz,,,,,,2019-08-01
Theater am Gärtnerplatz,5324.0,5693.0,,-6.48,15054.0,2019-09-01
Theater am Gärtnerplatz,13512.0,14319.0,153.79,-5.64,14981.0,2019-10-01
Theater am Gärtnerplatz,15194.0,14983.0,12.45,1.41,15000.0,2019-11-01
Theater am Gärtnerplatz,23859.0,20678.0,57.03,15.38,15289.0,2019-12-01
Theater am Gärtnerplatz,13782.0,,-5.13,,12823.0,2018-01-01
Theater am Gärtnerplatz,13723.0,,-0.43,,13003.0,2018-02-01
Theater am Gärtnerplatz,17935.0,,30.69,,13825.0,2018-03-01
Theater am Gärtnerplatz,15104.0,,-15.78,,14007.0,2018-04-01
Theater am Gärtnerplatz,10736.0,,-28.92,,13599.0,2018-05-01
Theater am Gärtnerplatz,12712.0,,18.41,,13500.0,2018-06-01
Theater am Gärtnerplatz,15379.0,,20.98,,13688.0,2018-07-01
Theater am Gärtnerplatz,,,,,,2018-08-01
Theater am Gärtnerplatz,5693.0,,,,12961.0,2018-09-01
Theater am Gärtnerplatz,14319.0,8662.0,151.52,65.31,13475.0,2018-10-01
Theater am Gärtnerplatz,14983.0,14318.0,4.64,4.64,13536.0,2018-11-01
Theater am Gärtnerplatz,20678.0,14528.0,38.01,42.33,14095.0,2018-12-01
Theater am Gärtnerplatz,,,,,,2017-01-01
Theater am Gärtnerplatz,,,,,,2017-02-01
Theater am Gärtnerplatz,,,,,,2017-03-01
Theater am Gärtnerplatz,,,,,,2017-04-01
Theater am Gärtnerplatz,,,,,,2017-05-01
Theater am Gärtnerplatz,,,,,,2017-06-01
Theater am Gärtnerplatz,,,,,,2017-07-01
Theater am Gärtnerplatz,,,,,,2017-08-01
Theater am Gärtnerplatz,,,,,,2017-09-01
Theater am Gärtnerplatz,8662.0,,,,8662.0,2017-10-01
Theater am Gärtnerplatz,14318.0,,65.3,,11490.0,2017-11-01
Theater am Gärtnerplatz,14528.0,,1.47,,12503.0,2017-12-01
Theater am Gärtnerplatz,,,,,,2016-01-01
Theater am Gärtnerplatz,,,,,,2016-02-01
Theater am Gärtnerplatz,,,,,,2016-03-01
Theater am Gärtnerplatz,,,,,,2016-04-01
Theater am Gärtnerplatz,,,,,,2016-05-01
Theater am Gärtnerplatz,,,,,,2016-06-01
Theater am Gärtnerplatz,,,,,,2016-07-01
Theater am Gärtnerplatz,,,,,,2016-08-01
Theater am Gärtnerplatz,,,,,,2016-09-01
Theater am Gärtnerplatz,,,,,,2016-10-01
Theater am Gärtnerplatz,,,,,,2016-11-01
Theater am Gärtnerplatz,,,,,,2016-12-01
Theater am Gärtnerplatz,,,,,,2015-01-01
Theater am Gärtnerplatz,,,,,,2015-02-01
Theater am Gärtnerplatz,,,,,,2015-03-01
Theater am Gärtnerplatz,,,,,,2015-04-01
Theater am Gärtnerplatz,,,,,,2015-05-01
Theater am Gärtnerplatz,,,,,,2015-06-01
Theater am Gärtnerplatz,,,,,,2015-07-01
Theater am Gärtnerplatz,,,,,,2015-08-01
Theater am Gärtnerplatz,,,,,,2015-09-01
Theater am Gärtnerplatz,,,,,,2015-10-01
Theater am Gärtnerplatz,,,,,,2015-11-01
Theater am Gärtnerplatz,,,,,,2015-12-01
Theater am Gärtnerplatz,,,,,,2014-01-01
Theater am Gärtnerplatz,,,,,,2014-02-01
Theater am Gärtnerplatz,,,,,,2014-03-01
Theater am Gärtnerplatz,,,,,,2014-04-01
Theater am Gärtnerplatz,,,,,,2014-05-01
Theater am Gärtnerplatz,,,,,,2014-06-01
Theater am Gärtnerplatz,,,,,,2014-07-01
Theater am Gärtnerplatz,,,,,,2014-08-01
Theater am Gärtnerplatz,,,,,,2014-09-01
Theater am Gärtnerplatz,,,,,,2014-10-01
Theater am Gärtnerplatz,,,,,,2014-11-01
Theater am Gärtnerplatz,,,,,,2014-12-01
Theater am Gärtnerplatz,,20412.0,,,,2013-01-01
Theater am Gärtnerplatz,,17191.0,,,,2013-02-01
Theater am Gärtnerplatz,,16828.0,,,,2013-03-01
Theater am Gärtnerplatz,,14798.0,,,,2013-04-01
Theater am Gärtnerplatz,,,,,,2013-05-01
Theater am Gärtnerplatz,,,,,,2013-06-01
Theater am Gärtnerplatz,,,,,,2013-07-01
Theater am Gärtnerplatz,,,,,,2013-08-01
Theater am Gärtnerplatz,,,,,,2013-09-01
Theater am Gärtnerplatz,,,,,,2013-10-01
Theater am Gärtnerplatz,,,,,,2013-11-01
Theater am Gärtnerplatz,,,,,,2013-12-01
Theater am Gärtnerplatz,20412.0,18254.0,-18.62,11.82,16010.0,2012-01-01
Theater am Gärtnerplatz,17191.0,20494.0,-15.78,-16.12,15710.0,2012-02-01
Theater am Gärtnerplatz,16828.0,18784.0,-2.11,-10.41,15532.0,2012-03-01
Theater am Gärtnerplatz,14798.0,14957.0,-12.06,-1.06,15517.0,2012-04-01
Theater am Gärtnerplatz,,14531.0,,,,2012-05-01
Theater am Gärtnerplatz,,15003.0,,,,2012-06-01
Theater am Gärtnerplatz,,13707.0,,,,2012-07-01
Theater am Gärtnerplatz,,,,,,2012-08-01
Theater am Gärtnerplatz,,3630.0,,,,2012-09-01
Theater am Gärtnerplatz,,13046.0,,,,2012-10-01
Theater am Gärtnerplatz,,16463.0,,,,2012-11-01
Theater am Gärtnerplatz,,25081.0,,,,2012-12-01
Theater am Gärtnerplatz,18254.0,17281.0,-35.8,5.63,15654.0,2011-01-01
Theater am Gärtnerplatz,20494.0,15010.0,12.27,36.54,16153.0,2011-02-01
Theater am Gärtnerplatz,18784.0,16621.0,-8.34,13.01,16349.0,2011-03-01
Theater am Gärtnerplatz,14957.0,14189.0,-20.37,5.41,16419.0,2011-04-01
Theater am Gärtnerplatz,14531.0,16092.0,-2.85,-9.7,16277.0,2011-05-01
Theater am Gärtnerplatz,15003.0,14470.0,3.25,3.68,16326.0,2011-06-01
Theater am Gärtnerplatz,13707.0,15551.0,-8.64,-11.86,16158.0,2011-07-01
Theater am Gärtnerplatz,,,,,,2011-08-01
Theater am Gärtnerplatz,3630.0,4118.0,,-11.85,16114.0,2011-09-01
Theater am Gärtnerplatz,13046.0,14595.0,259.39,-10.61,15973.0,2011-10-01
Theater am Gärtnerplatz,16463.0,14860.0,26.19,10.79,16118.0,2011-11-01
Theater am Gärtnerplatz,25081.0,28434.0,52.35,-11.79,15814.0,2011-12-01
Theater am Gärtnerplatz,17281.0,18809.0,-32.72,-8.12,15112.0,2010-01-01
Theater am Gärtnerplatz,15010.0,16253.0,-13.14,-7.65,14999.0,2010-02-01
Theater am Gärtnerplatz,16621.0,16681.0,10.73,-0.36,14993.0,2010-03-01
Theater am Gärtnerplatz,14189.0,13006.0,-14.63,9.1,15101.0,2010-04-01
Theater am Gärtnerplatz,16092.0,12811.0,13.41,25.61,15399.0,2010-05-01
Theater am Gärtnerplatz,14470.0,12769.0,-10.08,13.32,15554.0,2010-06-01
Theater am Gärtnerplatz,15551.0,19269.0,7.47,-19.3,15216.0,2010-07-01
Theater am Gärtnerplatz,,,,,,2010-08-01
Theater am Gärtnerplatz,4118.0,2310.0,,78.27,15380.0,2010-09-01
Theater am Gärtnerplatz,14595.0,13729.0,254.42,6.31,15459.0,2010-10-01
Theater am Gärtnerplatz,14860.0,16436.0,1.82,-9.59,15316.0,2010-11-01
Theater am Gärtnerplatz,28434.0,25686.0,91.35,10.7,15566.0,2010-12-01
Theater am Gärtnerplatz,18809.0,18254.0,-9.62,3.04,14580.0,2009-01-01
Theater am Gärtnerplatz,16253.0,16771.0,-13.59,-3.09,14533.0,2009-02-01
Theater am Gärtnerplatz,16681.0,15780.0,2.63,5.71,14615.0,2009-03-01
Theater am Gärtnerplatz,13006.0,14694.0,-22.03,-11.49,14461.0,2009-04-01
Theater am Gärtnerplatz,12811.0,14782.0,-1.5,-13.33,14282.0,2009-05-01
Theater am Gärtnerplatz,12769.0,14087.0,-0.33,-9.36,14162.0,2009-06-01
Theater am Gärtnerplatz,19269.0,14390.0,50.9,33.91,14606.0,2009-07-01
Theater am Gärtnerplatz,,,,,,2009-08-01
Theater am Gärtnerplatz,2310.0,1751.0,,31.92,14657.0,2009-09-01
Theater am Gärtnerplatz,13729.0,12777.0,494.33,7.45,14743.0,2009-10-01
Theater am Gärtnerplatz,16436.0,15728.0,19.72,4.5,14808.0,2009-11-01
Theater am Gärtnerplatz,25686.0,20811.0,56.28,23.43,15251.0,2009-12-01
Theater am Gärtnerplatz,18254.0,20500.0,-12.7,-10.96,16232.0,2008-01-01
Theater am Gärtnerplatz,16771.0,18517.0,-8.12,-9.43,16057.0,2008-02-01
Theater am Gärtnerplatz,15780.0,18591.0,-5.91,-15.12,15776.0,2008-03-01
Theater am Gärtnerplatz,14694.0,15012.0,-6.88,-2.12,15744.0,2008-04-01
Theater am Gärtnerplatz,14782.0,16640.0,0.6,-11.17,15558.0,2008-05-01
Theater am Gärtnerplatz,14087.0,15730.0,-4.7,-10.45,15394.0,2008-06-01
Theater am Gärtnerplatz,14390.0,17099.0,2.15,-15.84,15123.0,2008-07-01
Theater am Gärtnerplatz,,,,,,2008-08-01
Theater am Gärtnerplatz,1751.0,,,,13908.0,2008-09-01
Theater am Gärtnerplatz,12777.0,7419.0,629.7,72.22,14395.0,2008-10-01
Theater am Gärtnerplatz,15728.0,14145.0,23.1,11.19,14539.0,2008-11-01
Theater am Gärtnerplatz,20811.0,20910.0,32.32,-0.47,14530.0,2008-12-01
Theater am Gärtnerplatz,20500.0,19763.0,-19.15,3.73,13937.0,2007-01-01
Theater am Gärtnerplatz,18517.0,10660.0,-9.67,73.71,14652.0,2007-02-01
Theater am Gärtnerplatz,18591.0,8871.0,0.4,109.57,15535.0,2007-03-01
Theater am Gärtnerplatz,15012.0,11487.0,-19.25,30.69,15856.0,2007-04-01
Theater am Gärtnerplatz,16640.0,12377.0,10.84,34.44,16243.0,2007-05-01
Theater am Gärtnerplatz,15730.0,13388.0,-5.47,17.49,16456.0,2007-06-01
Theater am Gärtnerplatz,17099.0,12589.0,8.7,35.82,16866.0,2007-07-01
Theater am Gärtnerplatz,,,,,,2007-08-01
Theater am Gärtnerplatz,,6524.0,,,,2007-09-01
Theater am Gärtnerplatz,7419.0,15163.0,,-51.07,17126.0,2007-10-01
Theater am Gärtnerplatz,14145.0,16395.0,90.66,-13.72,16901.0,2007-11-01
Theater am Gärtnerplatz,20910.0,25356.0,47.83,-17.53,16456.0,2007-12-01
Theater am Gärtnerplatz,19763.0,19089.0,-16.51,3.53,14808.0,2006-01-01
Theater am Gärtnerplatz,10660.0,13463.0,-46.06,-20.82,14553.0,2006-02-01
Theater am Gärtnerplatz,8871.0,14196.0,-16.78,-37.51,14069.0,2006-03-01
Theater am Gärtnerplatz,11487.0,12257.0,29.49,-6.28,13999.0,2006-04-01
Theater am Gärtnerplatz,12377.0,13257.0,7.75,-6.64,13919.0,2006-05-01
Theater am Gärtnerplatz,13388.0,13858.0,8.17,-3.39,13877.0,2006-06-01
Theater am Gärtnerplatz,12589.0,14711.0,-5.97,-14.42,13684.0,2006-07-01
Theater am Gärtnerplatz,,,,,,2006-08-01
Theater am Gärtnerplatz,6524.0,5562.0,,17.3,13771.0,2006-09-01
Theater am Gärtnerplatz,15163.0,14292.0,132.42,6.09,13850.0,2006-10-01
Theater am Gärtnerplatz,16395.0,17860.0,8.13,-8.2,13717.0,2006-11-01
Theater am Gärtnerplatz,25356.0,23672.0,54.66,7.11,13870.0,2006-12-01
Theater am Gärtnerplatz,19089.0,18458.0,-11.07,3.42,14827.0,2005-01-01
Theater am Gärtnerplatz,13463.0,14613.0,-29.47,-7.87,14722.0,2005-02-01
Theater am Gärtnerplatz,14196.0,15841.0,5.44,-10.38,14573.0,2005-03-01
Theater am Gärtnerplatz,12257.0,11881.0,-13.66,3.16,14607.0,2005-04-01
Theater am Gärtnerplatz,13257.0,15059.0,8.16,-11.97,14443.0,2005-05-01
Theater am Gärtnerplatz,13858.0,14282.0,4.53,-2.97,14405.0,2005-06-01
Theater am Gärtnerplatz,14711.0,16960.0,6.16,-13.26,14200.0,2005-07-01
Theater am Gärtnerplatz,,,,,,2005-08-01
Theater am Gärtnerplatz,5562.0,5597.0,,-0.63,14197.0,2005-09-01
Theater am Gärtnerplatz,14292.0,14236.0,156.96,0.39,14202.0,2005-10-01
Theater am Gärtnerplatz,17860.0,14074.0,24.97,26.9,14546.0,2005-11-01
Theater am Gärtnerplatz,23672.0,21465.0,32.54,10.28,14747.0,2005-12-01
Theater am Gärtnerplatz,18458.0,18901.0,-9.9,-2.34,14370.0,2004-01-01
Theater am Gärtnerplatz,14613.0,16690.0,-20.83,-12.44,14181.0,2004-02-01
Theater am Gärtnerplatz,15841.0,16758.0,8.4,-5.47,14098.0,2004-03-01
Theater am Gärtnerplatz,11881.0,13590.0,-25.0,-12.58,13942.0,2004-04-01
Theater am Gärtnerplatz,15059.0,13735.0,26.75,9.64,14063.0,2004-05-01
Theater am Gärtnerplatz,14282.0,12942.0,-5.16,10.35,14184.0,2004-06-01
Theater am Gärtnerplatz,16960.0,11936.0,18.75,42.09,14641.0,2004-07-01
Theater am Gärtnerplatz,,,,,,2004-08-01
Theater am Gärtnerplatz,5597.0,5586.0,,0.2,14642.0,2004-09-01
Theater am Gärtnerplatz,14236.0,11909.0,154.35,19.54,14854.0,2004-10-01
Theater am Gärtnerplatz,14074.0,15977.0,-1.14,-11.91,14681.0,2004-11-01
Theater am Gärtnerplatz,21465.0,20486.0,52.52,4.78,14770.0,2004-12-01
Theater am Gärtnerplatz,18901.0,18601.0,-21.78,1.61,14908.0,2003-01-01
Theater am Gärtnerplatz,16690.0,16828.0,-11.7,-0.82,14897.0,2003-02-01
Theater am Gärtnerplatz,16758.0,16348.0,0.41,2.51,14931.0,2003-03-01
Theater am Gärtnerplatz,13590.0,15213.0,-18.9,-10.67,14796.0,2003-04-01
Theater am Gärtnerplatz,13735.0,14076.0,1.07,-2.42,14767.0,2003-05-01
Theater am Gärtnerplatz,12942.0,15943.0,-5.77,-18.82,14517.0,2003-06-01
Theater am Gärtnerplatz,11936.0,19361.0,-7.77,-38.35,13898.0,2003-07-01
Theater am Gärtnerplatz,,446.0,,,,2003-08-01
Theater am Gärtnerplatz,5586.0,4686.0,,19.21,15203.0,2003-09-01
Theater am Gärtnerplatz,11909.0,16273.0,113.19,-26.82,14806.0,2003-10-01
Theater am Gärtnerplatz,15977.0,16660.0,34.16,-4.1,14744.0,2003-11-01
Theater am Gärtnerplatz,20486.0,24164.0,28.22,-15.22,14410.0,2003-12-01
Theater am Gärtnerplatz,18601.0,19059.0,-21.82,-2.4,17842.0,2002-01-01
Theater am Gärtnerplatz,16828.0,16599.0,-9.53,1.38,17863.0,2002-02-01
Theater am Gärtnerplatz,16348.0,19733.0,-2.85,-17.15,17555.0,2002-03-01
Theater am Gärtnerplatz,15213.0,17068.0,-6.94,-10.87,17387.0,2002-04-01
Theater am Gärtnerplatz,14076.0,18481.0,-7.47,-23.84,16986.0,2002-05-01
Theater am Gärtnerplatz,15943.0,15848.0,13.26,0.6,16995.0,2002-06-01
Theater am Gärtnerplatz,19361.0,16873.0,21.44,14.75,17221.0,2002-07-01
Theater am Gärtnerplatz,446.0,,-97.7,,15823.0,2002-08-01
Theater am Gärtnerplatz,4686.0,10076.0,950.67,-53.49,15374.0,2002-09-01
Theater am Gärtnerplatz,16273.0,18057.0,247.27,-9.88,15225.0,2002-10-01
Theater am Gärtnerplatz,16660.0,21136.0,2.38,-21.18,14852.0,2002-11-01
Theater am Gärtnerplatz,24164.0,23792.0,45.04,1.56,14883.0,2002-12-01
Theater am Gärtnerplatz,19059.0,19413.0,-10.3,-1.82,17130.0,2001-01-01
Theater am Gärtnerplatz,16599.0,18788.0,-12.91,-11.65,16911.0,2001-02-01
Theater am Gärtnerplatz,19733.0,19417.0,18.88,1.63,16942.0,2001-03-01
Theater am Gärtnerplatz,17068.0,17278.0,-13.51,-1.22,16921.0,2001-04-01
Theater am Gärtnerplatz,18481.0,18097.0,8.28,2.12,16960.0,2001-05-01
Theater am Gärtnerplatz,15848.0,15381.0,-14.25,3.04,17006.0,2001-06-01
Theater am Gärtnerplatz,16873.0,,6.47,,16994.0,2001-07-01
Theater am Gärtnerplatz,,,,,,2001-08-01
Theater am Gärtnerplatz,10076.0,6521.0,,54.52,17317.0,2001-09-01
Theater am Gärtnerplatz,18057.0,17909.0,79.21,0.83,17331.0,2001-10-01
Theater am Gärtnerplatz,21136.0,17599.0,17.05,20.1,17652.0,2001-11-01
Theater am Gärtnerplatz,23792.0,21247.0,12.57,11.98,17884.0,2001-12-01
Theater am Gärtnerplatz,19413.0,,,,19413.0,2000-01-01
Theater am Gärtnerplatz,18788.0,,-3.22,,19101.0,2000-02-01
Theater am Gärtnerplatz,19417.0,,3.35,,19206.0,2000-03-01
Theater am Gärtnerplatz,17278.0,,-11.02,,18724.0,2000-04-01
Theater am Gärtnerplatz,18097.0,,4.74,,18599.0,2000-05-01
Theater am Gärtnerplatz,15381.0,,-15.01,,18062.0,2000-06-01
Theater am Gärtnerplatz,,,,,,2000-07-01
Theater am Gärtnerplatz,,,,,,2000-08-01
Theater am Gärtnerplatz,6521.0,,,,16414.0,2000-09-01
Theater am Gärtnerplatz,17909.0,,174.64,,16601.0,2000-10-01
Theater am Gärtnerplatz,17599.0,,-1.73,,16711.0,2000-11-01
Theater am Gärtnerplatz,21247.0,,20.73,,17165.0,2000-12-01
