DATE,Alte Pinakothek,Olympiapark,Bayerisches Nationalmuseum,Bayerisches Staatsoper,Deutsches Museum,Kleine Olympiahalle,Museum Brandhorst,Museum Mensch und Natur,Muenchner Kammerspiele,Muenchner Stadtmuseum,Nationaltheater,Neue Pinakothek,Olympia-Eissportzentrum,Olympiahalle,Olympiastadion,Olympiaturm,Pinakothek der Moderne,Prinzregententheater,Residenztheater,Schack galerie,Lenbachhaus,Staatstheater am Gaertnerplatz,Tierpark Hellabrunn,AnzahlFall
2000-01-01,23178.0,57396.03004,23050.0,2969.1,61758.0,4600.0,0.0,0.0,0.0,10637.0,51961.1,21081.0,53358.0,40500.0,6853.0,27558.0,0.0,0.0,18730.6,3830.0,12687.0,19525.9,33033.0,0.0
2000-02-01,20684.0,57396.03004,16000.0,658.8,59371.0,57396.03004,0.0,0.0,0.0,15769.0,44496.0,17635.0,38532.0,85800.0,172987.0,32847.0,0.0,0.0,19830.1,1553.0,13433.0,18896.3,39591.0,0.0
2000-03-01,26725.0,6500.0,3827.0,4150.0,99024.0,300.0,0.0,0.0,0.0,18051.0,50777.7,25439.0,39747.0,62600.0,244351.0,44306.0,0.0,0.0,19615.3,1333.0,19288.0,19523.1,45113.0,0.0
2000-04-01,16750.0,1600.0,3491.0,4591.4,111939.0,800.0,0.0,0.0,0.0,10351.0,51246.1,14287.0,30436.0,17400.0,348904.0,81363.0,0.0,0.0,15786.0,814.0,16879.0,17381.0,152503.0,0.0
2000-05-01,21291.0,1750.0,2243.0,527.6,91902.0,450.0,0.0,0.0,0.0,13844.0,45895.5,14405.0,6039.0,97100.0,230485.0,72293.0,0.0,0.0,14613.7,587.0,14070.0,18199.2,82923.0,0.0
2000-06-01,28401.0,39000.0,5042.0,6150.3,75860.0,1000.0,0.0,0.0,0.0,14741.0,28653.6,18023.0,9668.0,48000.0,20423.0,73379.0,0.0,0.0,15231.0,754.0,12661.0,15472.1,100089.0,0.0
2000-07-01,37193.0,101500.0,10142.0,9342.8,144578.0,57396.03004,0.0,0.0,0.0,26468.0,57351.7,23785.0,13580.0,22500.0,197930.0,98156.0,0.0,0.0,16956.3,1749.0,18039.0,18774.39386,115589.0,0.0
2000-08-01,29980.0,461000.0,6378.0,11436.97475,110022.0,57396.03004,0.0,0.0,0.0,13660.0,18822.57375,25509.0,22281.0,4800.0,293106.0,110355.0,0.0,0.0,18793.47798,1264.0,13161.0,18774.39386,147673.0,0.0
2000-09-01,30711.0,121700.0,12439.0,11436.97475,81054.0,4500.0,0.0,0.0,0.0,12039.0,24402.7,14703.0,19993.0,11100.0,264932.0,79041.0,0.0,0.0,1202.3,1123.0,12239.0,6599.8,87865.0,0.0
2000-10-01,37823.0,150.0,17788.0,5229.8,99071.0,600.0,0.0,0.0,0.0,22603.0,50976.5,29675.0,33380.0,122400.0,219020.0,61924.0,0.0,0.0,20246.9,4827.0,28407.0,18009.5,72083.0,0.0
2000-11-01,22069.0,2150.0,10539.0,952.7,55319.0,57396.03004,0.0,0.0,0.0,13024.0,53944.6,23474.0,30655.0,148000.0,208177.0,45404.0,0.0,0.0,18496.3,1038.0,14790.0,17701.2,50420.0,0.0
2000-12-01,16812.0,2100.0,30894.0,3968.2,56429.0,57396.03004,0.0,0.0,0.0,10795.0,48236.3,14519.0,45316.0,74900.0,155996.0,39339.0,0.0,0.0,20595.7,695.0,13412.0,21360.2,32955.0,0.0
2001-01-01,19988.0,57396.03004,21066.0,5549.4,64121.0,2700.0,0.0,0.0,0.0,13857.0,50435.9,25520.0,49762.0,37600.0,39000.0,33775.0,0.0,0.0,19263.5,963.0,15545.0,19166.8,30842.0,0.0
2001-02-01,54045.0,5000.0,9018.0,4916.9,56968.0,3000.0,0.0,0.0,0.0,14256.0,48132.6,24152.0,34640.0,84700.0,156504.0,34124.0,0.0,0.0,18433.7,1023.0,18271.0,16701.6,35044.0,0.0
2001-03-01,70567.0,57396.03004,6139.0,4987.5,83484.0,2300.0,0.0,0.0,0.0,15469.0,47383.8,34109.0,33820.0,61100.0,243017.0,43491.0,0.0,0.0,22059.6,1050.0,21122.0,19840.8,37511.0,0.0
2001-04-01,56436.0,13800.0,5484.0,3493.2,127512.0,57396.03004,0.0,0.0,0.0,11948.0,49767.0,35327.0,34640.0,47000.0,253221.0,68802.0,0.0,0.0,17756.1,803.0,19290.0,17172.4,73310.0,0.0
2001-05-01,31642.0,2150.0,3314.0,7243.8,68935.0,57396.03004,0.0,0.0,0.0,9598.0,45355.4,27492.0,6607.0,47300.0,225037.0,60340.0,0.0,0.0,19894.6,980.0,16457.0,18582.3,100689.0,0.0
2001-06-01,32068.0,36500.0,3952.0,11436.97475,108501.0,900.0,0.0,0.0,0.0,12112.0,27596.5,22297.0,7237.0,27500.0,149815.0,65574.0,0.0,0.0,19662.1,626.0,14824.0,15944.8,104400.0,0.0
2001-07-01,39101.0,43300.0,3612.0,7634.1,122411.0,57396.03004,0.0,0.0,0.0,14317.0,62170.4,21802.0,8220.0,67100.0,132095.0,91481.0,0.0,0.0,4417.6,645.0,15394.0,16975.3,125044.0,0.0
2001-08-01,47023.0,509500.0,3162.0,11436.97475,111440.0,57396.03004,0.0,0.0,0.0,9501.0,18822.57375,27620.0,9573.0,57396.03004,179986.0,98968.0,0.0,0.0,18793.47798,752.0,12854.0,18774.39386,169785.0,0.0
2001-09-01,24144.0,20150.0,4228.0,11436.97475,102080.0,4400.0,0.0,0.0,0.0,23257.0,18822.57375,21816.0,22568.0,83000.0,264425.0,59295.0,0.0,0.0,18793.47798,733.0,18231.0,10162.8,69790.0,0.0
2001-10-01,18936.0,6600.0,3305.0,3902.7,82346.0,57396.03004,0.0,0.0,0.0,20156.0,5509.6,16196.0,22945.0,69200.0,245681.0,72935.0,0.0,0.0,16217.7,535.0,22001.0,18160.1,110838.0,0.0
2001-11-01,21798.0,100.0,8067.0,4843.1,54556.0,57396.03004,0.0,0.0,0.0,12704.0,46077.1,21578.0,40086.0,140900.0,214867.0,38185.0,0.0,0.0,21672.2,891.0,16763.0,21247.5,39594.0,0.0
2001-12-01,20738.0,4800.0,19433.0,4126.2,53243.0,57396.03004,0.0,0.0,0.0,14671.0,52169.3,12606.0,41421.0,96800.0,119350.0,30761.0,0.0,0.0,23092.3,651.0,12483.0,23912.0,26573.0,0.0
2002-01-01,20162.0,50.0,10963.0,669.7,49094.0,2700.0,0.0,0.0,0.0,17788.0,51546.8,12570.0,37851.0,29700.0,29140.0,27823.0,0.0,16639.4,22108.7,682.0,17210.0,18705.2,38342.0,0.0
2002-02-01,25853.0,50.0,10567.0,5330.5,56223.0,2500.0,0.0,0.0,0.0,11642.0,43748.6,30009.0,24480.0,94800.0,201519.0,34909.0,0.0,12427.3,20683.8,975.0,20032.0,16931.0,55812.0,0.0
2002-03-01,18848.0,10400.0,3906.0,4882.8,84049.0,57396.03004,0.0,0.0,0.0,10460.0,48509.2,31668.0,41550.0,49500.0,229335.0,59718.0,0.0,16641.2,19027.5,605.0,20186.0,16445.2,111390.0,0.0
2002-04-01,19595.0,1950.0,6150.0,4781.3,78638.0,9500.0,0.0,0.0,0.0,10167.0,50136.5,27899.0,23519.0,50030.0,240010.0,59737.0,0.0,10062.5,15721.2,727.0,16895.0,15307.3,115294.0,0.0
2002-05-01,24275.0,52900.0,6405.0,1202.0,99892.0,57396.03004,0.0,0.0,0.0,11782.0,47288.0,37721.0,7050.0,28800.0,85595.0,71340.0,0.0,7561.7,17300.9,1055.0,18512.0,14165.6,139163.0,0.0
2002-06-01,15745.0,126400.0,4512.0,4259.0,60447.0,57396.03004,0.0,0.0,0.0,7606.0,30781.2,12866.0,4035.0,73800.0,12438.0,51774.0,0.0,10979.7,14848.0,673.0,14059.0,16039.2,70739.0,0.0
2002-07-01,25704.0,133600.0,5277.0,9564.9,125888.0,57396.03004,0.0,0.0,0.0,10683.0,58975.7,20291.0,4451.0,66200.0,24734.0,83373.0,0.0,2026.9,10585.2,757.0,17821.0,19465.1,118947.0,0.0
2002-08-01,34510.0,510000.0,3984.0,11436.97475,122245.0,57396.03004,0.0,0.0,0.0,11016.0,18822.57375,25717.0,47403.0,57396.03004,465243.0,108885.0,0.0,18803.15487,18793.47798,898.0,15895.0,497.5,174589.0,0.0
2002-09-01,22656.0,18350.0,3910.0,2117.9,82000.0,11100.0,0.0,0.0,0.0,9486.0,21435.2,14654.0,5620.0,40300.0,218916.0,68429.0,302756.0,1460.6,18793.47798,509.0,10350.0,4760.9,100822.0,0.0
2002-10-01,30314.0,26350.0,9316.0,2808.4,110665.0,900.0,0.0,0.0,0.0,27740.0,46060.7,31199.0,10786.0,50100.0,226818.0,67137.0,128576.0,19841.8,4593.9,867.0,16859.0,16371.5,72087.0,0.0
2002-11-01,16515.0,50.0,6868.0,5895.4,61652.0,57396.03004,0.0,0.0,0.0,35623.0,48619.8,16833.0,25226.0,157900.0,246843.0,41276.0,92259.0,15734.2,21387.9,583.0,11026.0,16761.2,34932.0,0.0
2002-12-01,18730.0,42050.0,17122.0,6591.0,64948.0,57396.03004,0.0,0.0,0.0,4421.0,57583.1,19934.0,31308.0,89600.0,103596.0,37121.0,88113.0,40111.8,20876.5,499.0,9734.0,24281.6,26101.0,0.0
2003-01-01,17878.0,50.0,11192.0,4777.7,63117.0,2800.0,0.0,0.0,0.0,8491.0,52214.6,16499.0,37563.0,27000.0,46679.0,27780.0,90116.0,17567.2,20894.3,709.0,10146.0,19004.2,28107.0,0.0
2003-02-01,14512.0,14000.0,6743.0,336.2,61817.0,2500.0,0.0,0.0,0.0,8682.0,42527.9,14939.0,21507.0,121100.0,191428.0,27728.0,73706.0,11255.2,19337.8,749.0,15793.0,16787.1,18896.0,0.0
2003-03-01,20661.0,100.0,5830.0,1141.1,97317.0,9550.0,0.0,0.0,9034.5,9022.0,53164.7,20370.0,23727.0,45500.0,170695.0,56784.0,83825.0,10366.8,20416.6,597.0,21641.0,16861.4,83585.0,0.0
2003-04-01,19212.0,12700.0,3433.0,4047.4,103067.0,900.0,0.0,0.0,14581.7,9160.0,44699.7,18327.0,8588.0,32850.0,158381.0,66535.0,69181.0,8487.1,17346.5,566.0,19924.0,13683.0,137764.0,0.0
2003-05-01,20014.0,58650.0,4127.0,944.6,90709.0,57396.03004,0.0,0.0,10431.8,16286.0,52164.3,19489.0,4528.0,55600.0,264676.0,72705.0,68597.0,8149.2,17983.2,607.0,15671.0,13822.5,99890.0,0.0
2003-06-01,20222.0,98300.0,2281.0,7081.3,72138.0,57396.03004,0.0,0.0,10228.3,10630.0,26571.4,15999.0,2499.0,26900.0,194551.0,65471.0,49776.0,6130.0,15184.7,451.0,10113.0,13024.4,96640.0,0.0
2003-07-01,27289.0,123100.0,10595.0,9643.0,111745.0,57396.03004,0.0,0.0,9761.0,7669.0,66673.1,20784.0,5726.0,57396.03004,136535.0,81697.0,74935.0,3684.0,16756.3,554.0,13549.0,12021.8,110133.0,0.0
2003-08-01,25495.0,484700.0,3787.0,11436.97475,125448.0,57396.03004,0.0,0.0,18842.159669999997,7005.0,18822.57375,23024.0,4972.0,12000.0,256412.0,100995.0,65611.0,18803.15487,18793.47798,592.0,11274.0,18774.39386,132755.0,0.0
2003-09-01,20431.0,66100.0,2361.0,11436.97475,80906.0,10900.0,0.0,0.0,2657.2,5350.0,21819.4,12269.0,11732.0,33000.0,194154.0,68263.0,91110.0,6545.3,18793.47798,420.0,10778.0,5653.7,104151.0,0.0
2003-10-01,31622.0,20050.0,4784.0,4654.1,127486.0,5300.0,0.0,0.0,15768.5,12942.0,50382.0,14653.0,17821.0,88800.0,213078.0,65970.0,97348.0,18586.1,15376.6,806.0,15768.0,11990.6,62320.0,0.0
2003-11-01,17587.0,150.0,8347.0,4478.6,65091.0,900.0,0.0,0.0,13402.6,17542.0,52020.5,18834.0,23600.0,195600.0,264251.0,42600.0,55863.0,25369.6,21886.7,615.0,13172.0,16072.8,42260.0,0.0
2003-12-01,20984.0,17500.0,18063.0,3748.2,64693.0,57396.03004,0.0,0.0,14330.4,12449.0,52600.3,18770.0,30919.0,82100.0,164243.0,33072.0,51260.0,33116.2,22181.5,537.0,10040.0,20592.9,18833.0,0.0
2004-01-01,21921.0,10050.0,14046.0,762.8,59128.0,3700.0,0.0,0.0,15203.7,17513.0,56366.6,18860.0,35758.0,39600.0,26972.0,25003.0,59653.0,10400.2,21629.5,1129.0,10430.0,18559.7,20563.0,0.0
2004-02-01,21400.0,11450.0,15751.0,528.7,72323.0,300.0,0.0,0.0,14798.4,5136.0,57167.7,27432.0,29414.0,132750.0,194551.0,32073.0,67314.0,20689.2,21141.3,1258.0,14626.0,14706.5,33338.0,0.0
2004-03-01,20441.0,240.0,8176.0,5296.0,85145.0,57396.03004,0.0,0.0,14612.3,7771.0,49599.7,25486.0,22791.0,107200.0,152360.0,44212.0,64973.0,18545.3,23591.4,1086.0,36166.0,15939.8,46200.0,0.0
2004-04-01,22570.0,9950.0,7077.0,808.9,106473.0,11500.0,0.0,0.0,14333.7,6964.0,41532.3,21980.0,6172.0,25500.0,211061.0,65785.0,47912.0,8067.8,19389.9,1042.0,46871.0,11971.2,111821.0,0.0
2004-05-01,26690.0,43200.0,4576.0,4305.4,91601.0,57396.03004,0.0,0.0,12842.8,5752.0,46872.5,24042.0,57396.03004,55450.0,223474.0,63978.0,55832.0,4522.3,17533.1,2517.0,45836.0,15152.4,104171.0,0.0
2004-06-01,22825.0,34090.0,9381.0,4331.5,91179.0,2000.0,0.0,0.0,14179.7,5393.0,24875.8,18179.0,3097.0,30400.0,111148.0,59796.0,47435.0,4633.1,20815.1,1947.0,36675.0,14374.4,89981.0,0.0
2004-07-01,22398.0,94500.0,5834.0,7245.1,116487.0,57396.03004,0.0,0.0,12985.3,6769.0,58297.9,24195.0,4875.0,70000.0,85321.0,72458.0,57645.0,2923.0,18438.5,2718.0,24852.0,17059.9,106203.0,0.0
2004-08-01,32077.0,374600.0,4248.0,11436.97475,124859.0,57396.03004,0.0,0.0,18842.159669999997,2552.0,18822.57375,24659.0,7422.0,57396.03004,149922.0,96186.0,51054.0,21219.9,18793.47798,1472.0,12782.0,18774.39386,160751.0,0.0
2004-09-01,21556.0,100550.0,4840.0,11436.97475,74292.0,10100.0,0.0,0.0,790.0,7957.0,23433.1,19403.0,12527.0,19000.0,163817.0,71287.0,39414.0,7238.0,18793.47798,407.0,9902.0,5662.1,94355.0,0.0
2004-10-01,23169.0,28000.0,6474.0,6540.5,104095.0,5000.0,0.0,0.0,15185.1,9072.0,48471.6,21316.0,16651.0,58500.0,165322.0,57235.0,56409.0,13965.2,14807.1,753.0,13739.0,14329.4,64146.0,0.0
2004-11-01,17125.0,35550.0,9027.0,5401.8,75271.0,1100.0,0.0,0.0,14050.3,7383.0,49845.5,16383.0,23807.0,109300.0,313208.0,35321.0,45404.0,24821.0,19912.2,683.0,9515.0,14178.6,28529.0,0.0
2004-12-01,17210.0,4000.0,15114.0,11436.97475,61646.0,800.0,0.0,0.0,14084.5,7473.0,59242.3,12694.0,38497.0,123000.0,69843.0,28717.0,36039.0,32150.7,19003.9,550.0,8255.0,21576.8,16898.0,0.0
2005-01-01,14496.0,50.0,18263.0,3904.7,80920.0,10600.0,0.0,0.0,15856.3,8267.0,47042.9,21075.0,33788.0,44800.0,47636.0,39048.0,34546.0,9247.9,17430.6,585.0,10261.0,19195.6,35969.0,0.0
2005-02-01,11490.0,50.0,9617.0,5339.8,58831.0,2100.0,0.0,0.0,13949.0,6387.0,46590.7,22826.0,32201.0,129400.0,192440.0,20835.0,32866.0,16041.6,17947.0,536.0,11354.0,13559.1,15273.0,0.0
2005-03-01,17063.0,20800.0,8952.0,2947.4,105207.0,500.0,0.0,0.0,17581.8,12080.0,50504.9,31669.0,34526.0,48200.0,153295.0,44693.0,36675.0,12251.3,20152.1,703.0,14434.0,14286.8,77438.0,0.0
2005-04-01,16743.0,3940.0,4859.0,4654.3,79480.0,8900.0,0.0,0.0,14976.8,9680.0,44155.2,21263.0,21912.0,71540.0,238575.0,47700.0,29970.0,20878.5,18522.6,565.0,11486.0,12343.8,84598.0,0.0
2005-05-01,16669.0,145450.0,5369.0,4429.2,106014.0,500.0,0.0,0.0,12277.5,12454.0,49400.9,19347.0,6150.0,17300.0,109242.0,56304.0,30115.0,2120.8,17870.3,437.0,11818.0,13350.2,120469.0,0.0
2005-06-01,16905.0,79120.0,7657.0,748.3,71074.0,2050.0,0.0,0.0,15112.8,8458.0,28709.9,17846.0,5670.0,29500.0,52213.0,47051.0,29399.0,9710.4,18197.1,506.0,18035.0,13947.7,61978.0,0.0
2005-07-01,23142.0,121860.0,28659.0,5291.8,135045.0,57396.03004,0.0,0.0,15868.1,11929.0,65181.1,22849.0,7217.0,57396.03004,62185.0,64629.0,42120.0,18803.15487,13860.7,501.0,24011.0,14809.2,103450.0,0.0
2005-08-01,25306.0,320540.0,8775.0,11436.97475,169640.0,57396.03004,0.0,0.0,18842.159669999997,7618.0,18822.57375,22345.0,5542.0,10000.0,97940.0,81562.0,41457.0,13332.8,18793.47798,603.0,29514.0,18774.39386,159780.0,0.0
2005-09-01,13592.0,16840.0,5254.0,11436.97475,66418.0,8700.0,0.0,0.0,3458.3,6459.0,18822.57375,11502.0,14629.0,15.0,14855.0,49200.0,20951.0,5810.4,18793.47798,333.0,31166.0,5630.5,83458.0,0.0
2005-10-01,21383.0,50550.0,16571.0,4494.6,93926.0,57396.03004,0.0,0.0,13755.6,9867.0,25491.8,22707.0,26266.0,92400.0,45282.0,56062.0,40536.0,18352.1,13697.6,2849.0,70710.0,14383.3,85963.0,0.0
2005-11-01,13756.0,9270.0,10017.0,5026.8,56327.0,800.0,0.0,0.0,14329.9,7872.0,49064.7,11480.0,27329.0,100930.0,6751.0,22712.0,30686.0,22305.6,18967.8,485.0,80157.0,17958.1,30419.0,0.0
2005-12-01,17410.0,13120.0,17623.0,4457.8,58147.0,57396.03004,0.0,0.0,18067.1,10526.0,51993.6,12326.0,39988.0,112200.0,61959.0,26133.0,23781.0,31559.2,19025.5,292.0,86169.0,23788.5,14064.0,0.0
2006-01-01,22009.0,50.0,14000.0,1024.1,59370.0,8300.0,0.0,0.0,15634.4,15737.0,51088.5,12716.0,37012.0,49320.0,4438.0,20882.0,30301.0,18771.4,19813.5,448.0,45939.0,19869.9,21232.0,0.0
2006-02-01,19897.0,50.0,7998.0,8259.0,53805.0,1000.0,0.0,0.0,14210.2,12222.0,38282.9,10950.0,32050.0,152240.0,33417.0,21884.0,32097.0,29756.1,14674.5,820.0,8047.0,10735.6,20868.0,0.0
2006-03-01,18214.0,16270.0,7231.0,787.4,84276.0,600.0,0.0,0.0,15683.6,9822.0,50605.6,16327.0,32352.0,94800.0,6259.0,31613.0,37544.0,21164.2,13688.5,562.0,10582.0,8935.4,25339.0,0.0
2006-04-01,22871.0,30750.0,6391.0,7613.8,106502.0,57396.03004,0.0,0.0,12910.7,8318.0,38605.5,16655.0,19321.0,32900.0,18306.0,72340.0,36903.0,9358.7,18485.6,489.0,13288.0,11563.6,112315.0,0.0
2006-05-01,25749.0,25240.0,6566.0,5463.7,83455.0,11950.0,0.0,0.0,14752.3,8837.0,30504.5,3906.0,10090.0,68200.0,118845.0,59712.0,19319.0,9767.4,21953.2,538.0,12505.0,12455.5,84975.0,0.0
2006-06-01,15922.0,12170.0,5164.0,11436.97475,64070.0,57396.03004,0.0,0.0,14962.9,7440.0,28854.5,6026.0,7510.0,12400.0,51009.0,54017.0,18834.0,3640.8,18881.7,319.0,8013.0,13474.7,96116.0,0.0
2006-07-01,19648.0,1074570.0,5945.0,2895.8,88441.0,57396.03004,0.0,0.0,11636.8,7141.0,57611.7,14689.0,10526.0,17500.0,198562.0,67585.0,26703.0,437.9,18521.3,465.0,9598.0,12678.4,100783.0,0.0
2006-08-01,27815.0,320610.0,4406.0,11436.97475,153254.0,57396.03004,0.0,0.0,18842.159669999997,6208.0,18822.57375,21186.0,10270.0,10500.0,234786.0,106838.0,42786.0,18803.15487,18793.47798,542.0,13988.0,18774.39386,160173.0,0.0
2006-09-01,21864.0,24930.0,3532.0,3294.6,57446.0,4200.0,0.0,0.0,1977.3,5459.0,18822.57375,12195.0,16942.0,4050.0,17463.0,61511.0,23716.0,2604.5,18793.47798,336.0,9456.0,6594.9,104438.0,0.0
2006-10-01,31699.0,12470.0,13217.0,5455.4,82883.0,500.0,0.0,0.0,14205.8,7114.0,10863.8,17564.0,29192.0,66100.0,51612.0,63001.0,38846.0,12318.2,11937.4,1458.0,19710.0,15253.5,90410.0,0.0
2006-11-01,26964.0,4020.0,9359.0,595.7,53201.0,57396.03004,0.0,0.0,15066.7,10837.0,51570.2,9965.0,34510.0,92100.0,4668.0,34155.0,29207.0,10740.2,16925.6,543.0,11586.0,16490.6,33495.0,0.0
2006-12-01,19994.0,7020.0,23221.0,748.1,61255.0,57396.03004,0.0,0.0,18495.8,5848.0,52346.3,10413.0,40458.0,110200.0,39489.0,39633.0,34110.0,35648.7,20882.5,555.0,11322.0,25474.3,26329.0,0.0
2007-01-01,16938.0,1240.0,21166.0,4424.6,66591.0,1200.0,0.0,0.0,17210.2,6387.0,51794.0,16571.0,40660.0,63500.0,5991.0,28564.0,41848.0,15339.4,22790.2,542.0,13016.0,20606.9,26669.0,0.0
2007-02-01,13189.0,7820.0,14541.0,6951.1,62280.0,600.0,0.0,0.0,16339.4,4388.0,43933.0,14949.0,31665.0,123300.0,7565.0,37717.0,38064.0,22845.6,21649.5,463.0,11004.0,18616.8,56232.0,0.0
2007-03-01,17908.0,6880.0,19030.0,739.6,76140.0,800.0,0.0,0.0,17336.0,8758.0,48066.1,19295.0,30939.0,78100.0,10831.0,41058.0,39837.0,22186.5,21008.0,572.0,14151.0,18693.5,55259.0,0.0
2007-04-01,16175.0,36440.0,3877.0,3892.2,76765.0,57396.03004,0.0,0.0,14861.4,5348.0,46941.4,15736.0,17453.0,39000.0,16329.0,71306.0,23445.0,12626.2,16955.8,359.0,17419.0,15106.2,155328.0,0.0
2007-05-01,17250.0,39860.0,12122.0,850.8,82331.0,400.0,0.0,0.0,13988.8,11356.0,43060.8,14707.0,8315.0,49900.0,22024.0,52451.0,28478.0,10743.5,18260.5,593.0,23674.0,16735.5,86329.0,0.0
2007-06-01,15535.0,46410.0,12475.0,3966.7,70957.0,2400.0,0.0,0.0,14748.2,5533.0,31852.8,13720.0,6880.0,71750.0,146617.0,49788.0,22296.0,10091.1,19507.8,475.0,18230.0,15821.9,95569.0,0.0
2007-07-01,21900.0,136800.0,14575.0,8065.9,122331.0,350.0,0.0,0.0,14944.0,7527.0,59493.8,22996.0,11295.0,4000.0,118013.0,67922.0,31642.0,1570.9,20939.5,461.0,15885.0,17203.2,113977.0,0.0
2007-08-01,23294.0,360970.0,17437.0,11436.97475,133217.0,57396.03004,0.0,0.0,18842.159669999997,4052.0,18822.57375,28491.0,11139.0,9500.0,80738.0,89570.0,28442.0,18803.15487,18793.47798,480.0,11557.0,18774.39386,158867.0,0.0
2007-09-01,16742.0,10010.0,17923.0,4657.7,81040.0,57396.03004,0.0,0.0,1567.2,6569.0,11629.2,14466.0,20129.0,12080.0,55786.0,55891.0,37136.0,3437.7,1542.8,349.0,9015.0,18774.39386,86065.0,0.0
2007-10-01,20063.0,12400.0,6165.0,5151.7,84147.0,500.0,0.0,0.0,13376.6,5229.0,44615.4,17157.0,23842.0,54700.0,60584.0,52709.0,62252.0,13567.3,18572.4,1355.0,13537.0,7503.1,67928.0,0.0
2007-11-01,17084.0,3467.0,6551.0,4647.7,60698.0,57396.03004,0.0,0.0,14553.7,7454.0,47836.1,12624.0,30318.0,100800.0,5324.0,27852.0,48266.0,16122.9,20327.4,341.0,9003.0,14236.8,26177.0,0.0
2007-12-01,22308.0,8020.0,18707.0,11436.97475,63931.0,900.0,0.0,0.0,16582.0,6915.0,56607.2,13304.0,39130.0,94700.0,32856.0,36397.0,47276.0,38438.2,20414.8,541.0,13653.0,21024.7,20686.0,0.0
2008-01-01,19449.0,2470.0,9300.0,763.5,62702.0,450.0,0.0,0.0,16721.9,7127.0,48554.7,12011.0,36054.0,52220.0,5558.0,29395.0,49975.0,22115.8,17847.0,505.0,19116.0,18361.7,50164.0,0.0
2008-02-01,16349.0,6620.0,8377.0,4874.0,67305.0,57396.03004,0.0,0.0,12988.0,7254.0,48239.3,12096.0,27648.0,123700.0,7004.0,40788.0,19430.0,18448.6,17534.3,309.0,17071.0,16871.6,64802.0,0.0
2008-03-01,20488.0,5450.0,10673.0,11436.97475,128189.0,500.0,0.0,0.0,17645.0,8511.0,45411.3,21031.0,28652.0,58800.0,35912.0,52812.0,30326.0,21453.4,17814.5,23181.57318,25561.0,15884.7,67029.0,0.0
2008-04-01,18125.0,11630.0,8630.0,4965.2,85455.0,1300.0,0.0,0.0,15787.5,6491.0,45519.8,16274.0,20590.0,52200.0,12731.0,42683.0,26545.0,27725.9,16576.2,23181.57318,12900.0,14791.9,64092.0,0.0
2008-05-01,20072.0,65580.0,9146.0,619.9,87928.0,57396.03004,0.0,0.0,14251.6,8728.0,42677.2,14061.0,8195.0,71900.0,85336.0,69811.0,21976.0,5712.0,18535.9,23181.57318,11266.0,14876.7,137916.0,0.0
2008-06-01,15900.0,30340.0,4602.0,6193.0,66992.0,1050.0,0.0,0.0,11473.8,18455.0,27713.9,12905.0,7143.0,9700.0,142126.0,42255.0,22495.0,8002.7,18623.1,23181.57318,10520.0,14180.2,69707.0,0.0
2008-07-01,24124.0,82090.0,7453.0,6851.2,131619.0,1050.0,0.0,0.0,12533.0,21351.0,59497.9,19216.0,11173.0,57396.03004,47727.0,67248.0,37570.0,3817.5,21060.9,23181.57318,15586.0,14482.7,117375.0,0.0
2008-08-01,25552.0,390670.0,5457.0,11436.97475,113659.0,12300.0,0.0,0.0,18842.159669999997,7846.0,18822.57375,19085.0,12821.0,8000.0,50643.0,88298.0,36594.0,18803.15487,18793.47798,23181.57318,12960.0,18774.39386,167734.0,0.0
2008-09-01,17788.0,14240.0,8063.0,11436.97475,78368.0,1100.0,0.0,0.0,2430.0,11481.0,18822.57375,14604.0,14341.0,48500.0,12814.0,49314.0,32082.0,8668.7,2617.7,23181.57318,9911.0,1825.5,82484.0,0.0
2008-10-01,16624.0,13460.0,11587.0,1825.3,93310.0,450.0,0.0,0.0,15384.8,17538.0,44589.6,23255.0,27103.0,51700.0,61200.0,52036.0,43766.0,13979.1,16674.5,23181.57318,27390.0,12864.6,71611.0,0.0
2008-11-01,13325.0,6240.0,7910.0,4694.2,63133.0,57396.03004,0.0,0.0,16561.8,17061.0,50843.8,13726.0,27522.0,98300.0,5169.0,31097.0,23654.0,25730.3,18387.4,1387.0,75382.0,15829.1,48874.0,0.0
2008-12-01,17435.0,4240.0,16973.0,4843.7,70204.0,57396.03004,0.0,0.0,19752.1,9303.0,47999.5,14468.0,39942.0,86600.0,11168.0,32208.0,24399.0,44242.4,17167.6,713.0,73508.0,20927.3,24571.0,0.0
2009-01-01,16117.0,3080.0,8119.0,4291.7,63915.0,2500.0,0.0,17964.0,16184.9,13197.0,43052.8,15662.0,41624.0,79400.0,4338.0,25917.0,30621.0,23571.2,17366.3,1277.0,105549.0,18917.5,24102.0,0.0
2009-02-01,17460.0,4240.0,5654.0,599.2,69136.0,57396.03004,0.0,15108.0,16459.4,9951.0,46672.8,13318.0,32307.0,136500.0,2815.0,26855.0,31553.0,19974.9,17143.7,1027.0,99733.0,16359.5,19950.0,0.0
2009-03-01,21808.0,5720.0,11749.0,4925.5,91501.0,1150.0,0.0,18763.0,15784.1,13730.0,47318.0,19628.0,29179.0,43100.0,5642.0,29533.0,30877.0,23997.4,13542.4,1134.0,35564.0,16783.3,44112.0,0.0
2009-04-01,16086.0,17690.0,11791.0,6870.8,83989.0,650.0,0.0,11501.0,13565.7,7484.0,39779.2,13414.0,34400.0,47500.0,46413.0,58418.0,23273.0,26912.4,16918.8,626.0,1101.0,13100.8,154232.0,0.0
2009-05-01,16646.0,22570.0,10805.0,4393.7,75043.0,57396.03004,41298.0,13256.0,13776.6,9746.0,43274.1,14547.0,7900.0,39300.0,81311.0,50232.0,23231.0,14177.1,15905.4,551.0,1461.0,12893.0,113602.0,0.0
2009-06-01,15491.0,24520.0,16984.0,223.6,90524.0,57396.03004,39481.0,19729.0,15992.0,13474.0,26714.8,13565.0,6630.0,19300.0,69559.0,51374.0,19671.0,8674.5,15525.6,582.0,1057.0,12864.0,103792.0,0.0
2009-07-01,18059.0,60840.0,21043.0,8315.5,123864.0,57396.03004,34991.0,18977.0,14191.0,14610.0,60682.6,16440.0,14138.0,57396.03004,252447.0,72807.0,22836.0,1874.2,21809.1,484.0,1349.0,19377.3,126302.0,0.0
2009-08-01,18793.0,395140.0,4548.0,11436.97475,110064.0,57396.03004,27698.0,15285.0,18842.159669999997,8749.0,18822.57375,16498.0,9783.0,57396.03004,50498.0,84711.0,17468.0,18803.15487,18793.47798,410.0,693.0,18774.39386,165527.0,0.0
2009-09-01,12180.0,19010.0,3524.0,3885.6,68612.0,57396.03004,24599.0,10983.0,3750.2,9767.0,20453.6,10551.0,15017.0,57396.03004,25239.0,54189.0,15212.0,7533.4,2741.8,182.0,23170.70512,2370.7,95722.0,0.0
2009-10-01,26234.0,10370.0,9402.0,1628.3,102022.0,57396.03004,33176.0,18941.0,14081.5,10779.0,44568.8,19657.0,24939.0,64700.0,43844.0,50302.0,30440.0,18178.5,14536.0,642.0,5798.0,13822.6,61854.0,0.0
2009-11-01,25088.0,12640.0,6279.0,5066.1,65720.0,57396.03004,25196.0,16012.0,15681.7,12530.0,48801.9,12043.0,32715.0,152140.0,5238.0,33596.0,19920.0,26939.5,16947.0,8953.0,6712.0,16545.0,47250.0,0.0
2009-12-01,28181.0,5100.0,19672.0,601.0,75652.0,57396.03004,20885.0,11112.0,17622.8,9159.0,55263.4,12629.0,40508.0,96800.0,4575.0,32345.0,17595.0,36575.7,17614.1,2006.0,5970.0,25807.9,30880.0,0.0
2010-01-01,18622.0,51940.0,10387.0,6836.0,68930.0,57396.03004,27840.0,16078.0,16152.2,11741.0,47983.4,14411.0,40885.0,68010.0,4824.0,22506.0,21844.0,23601.9,16556.0,2946.0,11800.0,17389.5,35863.0,0.0
2010-02-01,17965.0,22820.0,5998.0,690.7,68099.0,57396.03004,21012.0,16073.0,15374.9,12681.0,46556.1,13175.0,35501.0,117750.0,3211.0,26057.0,18905.0,21186.2,14607.1,2684.0,2632.0,15115.3,39602.0,0.0
2010-03-01,21638.0,6770.0,7107.0,3712.6,94736.0,57396.03004,20509.0,18518.0,16896.2,16332.0,45736.9,19258.0,30806.0,91740.0,8331.0,39455.0,26330.0,21277.5,16694.0,1844.0,7887.0,16725.6,59390.0,0.0
2010-04-01,18502.0,48850.0,6617.0,5746.2,92753.0,57396.03004,15973.0,16525.0,11993.8,11915.0,40001.6,15187.0,27425.0,28900.0,8809.0,48983.0,29016.0,13724.5,16307.5,1355.0,6887.0,14286.9,160983.0,0.0
2010-05-01,22128.0,81960.0,10048.0,5227.8,109175.0,57396.03004,20233.0,26146.0,14231.0,21756.0,42052.4,19831.0,9375.0,43075.0,66747.0,54824.0,63099.0,12341.6,16524.1,1138.0,9577.0,16197.5,106251.0,0.0
2010-06-01,21512.0,34310.0,7309.0,536.5,86276.0,57396.03004,13001.0,19852.0,14108.1,11513.0,26005.6,13093.0,7632.0,57396.03004,97904.0,44997.0,35087.0,7688.0,17015.6,783.0,3400.0,14572.1,99196.0,0.0
2010-07-01,27910.0,66000.0,8800.0,4090.7,112739.0,57396.03004,14098.0,16360.0,11678.2,15337.0,60012.6,16702.0,9160.0,57396.03004,201817.0,60747.0,38117.0,3620.2,16679.2,564.0,8064.0,15655.2,114982.0,0.0
2010-08-01,34235.0,364150.0,5764.0,11436.97475,148556.0,57396.03004,16710.0,23752.0,18842.159669999997,17777.0,18822.57375,19491.0,14656.0,8200.0,51888.0,82961.0,49022.0,16214.0,18793.47798,913.0,11976.0,18774.39386,166713.0,0.0
2010-09-01,19798.0,30790.0,7092.0,11436.97475,69883.0,57396.03004,11076.0,11626.0,0.0,17828.0,18523.9,11829.0,25547.0,23490.0,83917.0,54688.0,17771.0,3146.4,3910.3,658.0,10026.0,4199.6,101088.0,0.0
2010-10-01,28243.0,19460.0,16192.0,1262.0,99856.0,57396.03004,31844.0,16715.0,13659.5,24108.0,47294.9,22574.0,40139.0,50000.0,63279.0,55734.0,43383.0,16890.1,17176.7,1981.0,2830.0,14692.5,81593.0,0.0
2010-11-01,18035.0,6390.0,9657.0,9584.4,64235.0,57396.03004,19923.0,14471.0,15616.5,9232.0,41922.0,13321.0,48856.0,141810.0,5630.0,32171.0,14763.0,22288.8,15731.5,867.0,5625.0,14971.8,51424.0,0.0
2010-12-01,25936.0,6440.0,18133.0,315.4,63332.0,57396.03004,15461.0,7692.0,17652.5,13442.0,54726.0,11392.0,49632.0,100800.0,6389.0,24764.0,19459.0,38106.8,15567.2,814.0,4425.0,28561.8,16453.0,0.0
2011-01-01,25303.0,72890.0,8414.0,527.2,73989.0,57396.03004,25838.0,21291.0,16823.4,18752.0,52051.7,16868.0,56533.0,68000.0,4240.0,32499.0,26118.0,23122.8,14767.6,956.0,9452.0,18370.5,31664.0,0.0
2011-02-01,21301.0,5530.0,7176.0,4655.3,59553.0,57396.03004,20344.0,23648.0,14277.5,14107.0,40526.3,14091.0,33889.0,105430.0,18908.0,28496.0,22931.0,14920.0,16531.2,838.0,2734.0,20606.6,32669.0,0.0
2011-03-01,26453.0,10480.0,3354.0,11436.97475,75899.0,57396.03004,17652.0,23351.0,17149.3,15897.0,51075.7,16320.0,38724.0,61265.0,5384.0,38008.0,29783.0,23127.1,18685.1,865.0,23170.70512,18895.1,68412.0,0.0
2011-04-01,33908.0,22670.0,2867.0,4812.4,84598.0,57396.03004,16641.0,10386.0,14079.2,9822.0,44935.4,15237.0,18488.0,34160.0,47234.0,64302.0,23752.0,17105.4,18122.7,474.0,4974.0,15054.8,181748.0,0.0
2011-05-01,30920.0,22380.0,4704.0,4110.3,56775.0,57396.03004,14765.0,9260.0,14352.5,9230.0,44716.3,14317.0,11352.0,62095.0,9181.0,47336.0,22018.0,14268.6,16275.6,634.0,8134.0,14629.8,93143.0,0.0
2011-06-01,35029.0,21720.0,5405.0,11436.97475,100045.0,57396.03004,18349.0,16566.0,13957.4,8602.0,31061.9,17224.0,6615.0,84890.0,122733.0,61347.0,26585.0,7519.2,18887.9,523.0,7927.0,15103.4,134258.0,0.0
2011-07-01,34452.0,67870.0,5944.0,9830.2,128543.0,57396.03004,22576.0,19400.0,14186.9,11060.0,57424.5,23755.0,14249.0,9950.0,232470.0,71492.0,37517.0,10467.1,6402.4,727.0,7813.0,13803.0,140027.0,0.0
2011-08-01,31191.0,565070.0,3834.0,11436.97475,119850.0,57396.03004,14326.0,15650.0,18842.159669999997,4301.0,18822.57375,23094.0,9457.0,45730.0,49702.0,78600.0,23771.0,14579.8,18793.47798,552.0,6916.0,18774.39386,161546.0,0.0
2011-09-01,20199.0,27150.0,2819.0,11436.97475,61886.0,57396.03004,11320.0,8809.0,869.6,8206.0,18822.57375,13673.0,17957.0,11025.0,11042.0,52524.0,20678.0,7999.7,18793.47798,439.0,1333.0,3702.5,94028.0,0.0
2011-10-01,32583.0,16750.0,8028.0,5084.7,94591.0,57396.03004,20874.0,14243.0,16004.9,15798.0,26326.8,20454.0,34321.0,94000.0,61953.0,67765.0,26553.0,20770.4,11501.8,1574.0,13782.0,13142.2,88035.0,0.0
2011-11-01,33922.0,7990.0,4960.0,2682.3,59030.0,57396.03004,12253.0,12880.0,16797.5,11348.0,44870.2,14732.0,34064.0,127745.0,6254.0,44694.0,23764.0,22402.1,18275.8,588.0,16261.0,16567.7,54153.0,0.0
2011-12-01,33922.0,11660.0,11781.0,8955.0,77245.0,57396.03004,11554.0,9768.0,14115.7,10513.0,45389.2,16014.0,41022.0,82680.0,6866.0,37630.0,25169.0,22399.6,15400.9,519.0,17076.0,25203.2,26930.0,0.0
2012-01-01,33530.0,1840.0,7053.0,4731.8,85040.0,800.0,14552.0,18211.0,12944.6,10316.0,39931.4,22422.0,46864.0,71500.0,3659.0,24101.0,32829.0,27101.8,16218.0,878.0,24491.0,20527.7,24281.0,0.0
2012-02-01,17078.0,2930.0,5555.0,428.3,73294.0,3700.0,12020.0,14486.0,18023.7,11868.0,46796.1,29640.0,47927.0,99000.0,1993.0,21444.0,26183.0,26177.8,15620.5,759.0,26003.0,17304.6,27583.0,0.0
2012-03-01,18169.0,18550.0,5537.0,4195.7,76814.0,57396.03004,11895.0,12783.0,17332.6,16252.0,51923.9,28642.0,27544.0,54800.0,4544.0,33913.0,33216.0,15774.8,16155.2,815.0,8844.0,16931.9,71800.0,0.0
2012-04-01,22691.0,26900.0,5953.0,1032.6,127223.0,5700.0,17876.0,23250.0,15112.2,11316.0,46634.4,30330.0,14877.0,37645.0,12730.0,54656.0,70569.0,34922.9,11627.7,721.0,7000.0,14906.6,103919.0,0.0
2012-05-01,18402.0,147880.0,7858.0,4445.2,73049.0,3800.0,13351.0,11670.0,16734.6,8827.0,35970.4,17603.0,14793.0,26300.0,141510.0,53900.0,48231.0,14585.9,10565.0,469.0,5234.0,18774.39386,114221.0,0.0
2012-06-01,18261.0,39730.0,6271.0,6260.9,85951.0,1650.0,11070.0,13650.0,13709.4,8471.0,25838.6,16598.0,8140.0,12880.0,89469.0,44951.0,45160.0,13997.4,14381.1,548.0,5544.0,18774.39386,110031.0,0.0
2012-07-01,26056.0,66100.0,10887.0,6336.5,118977.0,57396.03004,15545.0,16513.0,13903.2,10732.0,59440.6,24254.0,9863.0,200.0,135182.0,67985.0,49904.0,18846.0,13469.8,674.0,4545.0,18774.39386,124978.0,0.0
2012-08-01,27780.0,582240.0,4177.0,11436.97475,111397.0,57396.03004,11671.0,10742.0,18842.159669999997,5733.0,18822.57375,22685.0,15656.0,57396.03004,41263.0,90890.0,24299.0,16781.6,18793.47798,572.0,23170.70512,18774.39386,152834.0,0.0
2012-09-01,18993.0,39500.0,4819.0,4046.2,73253.0,700.0,11672.0,11199.0,1380.5,7806.0,13692.8,17876.0,20323.0,57396.03004,89570.0,51470.0,24627.0,9529.4,2100.5,764.0,23170.70512,18774.39386,91460.0,0.0
2012-10-01,25527.0,20310.0,6778.0,2040.3,99354.0,4900.0,17838.0,14906.0,16084.4,11365.0,42082.3,23743.0,35298.0,36740.0,30897.0,56718.0,28496.0,15308.6,14727.7,1501.0,23170.70512,18774.39386,67335.0,0.0
2012-11-01,19751.0,12480.0,5176.0,5066.1,66428.0,11000.0,13881.0,11755.0,14056.3,13884.0,42465.4,18794.0,62468.0,142080.0,5131.0,35096.0,25761.0,22447.1,18204.6,835.0,3809.0,18774.39386,41131.0,0.0
2012-12-01,24296.0,8070.0,10298.0,4086.1,75384.0,2000.0,12875.0,13791.0,16061.0,10778.0,62213.1,20289.0,44450.0,94300.0,5528.0,42324.0,28098.0,37965.0,20870.0,652.0,3282.0,18774.39386,28598.0,0.0
2013-01-01,18807.0,19510.0,5793.0,11436.97475,72065.0,12100.0,11251.0,17876.0,16822.4,14124.0,41416.6,17788.0,45275.0,59200.0,2902.0,22852.0,27926.0,32480.1,21207.4,1012.0,2973.0,18774.39386,21245.0,0.0
2013-02-01,14828.0,5520.0,4375.0,4895.4,69772.0,6850.0,10282.0,21034.0,12323.4,16889.0,40173.5,13382.0,40065.0,77920.0,1978.0,17884.0,20384.0,14462.1,16347.6,812.0,1704.0,18774.39386,18072.0,0.0
2013-03-01,30519.0,26220.0,4835.0,580.1,123501.0,5800.0,15400.0,25800.0,13877.3,35036.0,50401.6,23800.0,32999.0,72940.0,7965.0,45424.0,23181.57318,21988.6,20624.3,1102.0,23170.70512,18774.39386,88842.0,0.0
2013-04-01,35897.0,19930.0,10094.0,4781.9,101051.0,6800.0,10137.0,30552.0,13533.1,19725.0,44417.5,23066.0,16162.0,71625.0,12634.0,39147.0,23181.57318,19985.9,19050.7,750.0,23170.70512,18774.39386,81800.0,0.0
2013-05-01,39783.0,24640.0,20300.0,6113.6,133015.0,57396.03004,10738.0,33810.0,12708.8,19218.0,42458.4,30214.0,10145.0,64500.0,114067.0,54550.0,23181.57318,10668.9,14698.4,765.0,72835.0,18774.39386,121958.0,0.0
2013-06-01,25414.0,141410.0,13913.0,4474.7,79560.0,57396.03004,6395.0,20676.0,16476.5,9084.0,34871.1,19378.0,8880.0,35020.0,78018.0,43761.0,23181.57318,16218.9,14318.4,489.0,41676.0,18774.39386,82212.0,0.0
2013-07-01,18658.0,84710.0,12106.0,4677.0,108868.0,1350.0,4977.0,11486.0,13362.0,15491.0,53658.8,21137.0,6970.0,200.0,44677.0,66449.0,23181.57318,19308.0,14184.5,493.0,39808.0,18774.39386,123720.0,0.0
2013-08-01,24708.0,559430.0,18804.0,11436.97475,137263.0,57396.03004,7712.0,11711.0,18842.159669999997,8916.0,18822.57375,28891.0,1749.0,57396.03004,90099.0,82672.0,23181.57318,12257.0,18793.47798,505.0,41941.0,18774.39386,177048.0,0.0
2013-09-01,15103.0,51185.0,11434.0,3498.4,82961.0,2400.0,7274.0,9911.0,2511.3,10256.0,17624.0,17075.0,25260.0,3045.0,10130.0,48295.0,13792.0,13427.9,5057.7,386.0,40164.0,18774.39386,86285.0,0.0
2013-10-01,20091.0,21900.0,16190.0,4559.2,117291.0,6500.0,9718.0,14966.0,16169.0,13457.0,44525.9,15334.0,30175.0,36800.0,36417.0,54714.0,33709.0,19482.3,13169.5,522.0,48753.0,18774.39386,87229.0,0.0
2013-11-01,16765.0,7160.0,9572.0,1688.0,88758.0,5800.0,11108.0,14231.0,16974.3,12395.0,47019.3,15303.0,62891.0,92735.0,3565.0,24875.0,43378.0,32656.6,16802.4,816.0,41696.0,18774.39386,27246.0,0.0
2013-12-01,16911.0,10344.0,15399.0,756.1,84446.0,1350.0,9440.0,8474.0,17183.8,9558.0,56168.9,16065.0,47291.0,46885.0,6435.0,47491.0,31269.0,41944.0,28016.1,582.0,41475.0,18774.39386,43466.0,0.0
2014-01-01,17653.0,8210.0,6309.0,6890.7,87749.0,1700.0,10244.0,17965.0,18580.8,10702.0,51452.1,15885.0,50685.0,76100.0,3128.0,25341.0,38733.0,29175.3,22874.8,656.0,49238.0,18774.39386,39983.0,0.0
2014-02-01,14464.0,26640.0,4278.0,4721.6,70510.0,2650.0,6917.0,15362.0,17069.2,10926.0,44977.4,11405.0,38370.0,45300.0,3070.0,36514.0,26643.0,17223.3,19488.2,794.0,33160.0,18774.39386,49757.0,0.0
2014-03-01,16275.0,31190.0,4509.0,388.3,94544.0,7000.0,8012.0,15092.0,17034.7,15661.0,54276.8,16337.0,33071.0,115300.0,6715.0,41276.0,23951.0,31358.0,16012.1,755.0,32570.0,18774.39386,137666.0,0.0
2014-04-01,17310.0,57120.0,3338.0,4493.6,119301.0,46915.0,8373.0,23155.0,14777.1,9624.0,43669.6,16431.0,19736.0,84735.0,17222.0,61084.0,25408.0,12021.9,13943.9,681.0,30424.0,18774.39386,206814.0,0.0
2014-05-01,17519.0,35490.0,7628.0,845.2,93450.0,55921.0,8349.0,18620.0,12561.2,11747.0,47631.3,16368.0,14980.0,16880.0,10893.0,52843.0,23828.0,20271.2,19201.202980000002,556.0,30643.0,18774.39386,139315.0,0.0
2014-06-01,15161.0,26930.0,5793.0,7672.3,76042.0,20878.0,6300.0,12237.0,12448.1,7190.0,35391.8,13761.0,8440.0,10525.0,202103.0,57803.0,22993.0,9762.7,15530.1,329.0,17475.0,18774.39386,124695.0,0.0
2014-07-01,20606.0,118600.0,8873.0,6040.4,135716.0,39198.0,10071.0,19248.0,8353.5,10182.0,89218.2,17582.0,8955.0,50.0,102780.0,64536.0,30269.0,11438.4,17549.8,592.0,24338.0,18774.39386,123304.0,0.0
2014-08-01,25328.0,503930.0,7594.0,11436.97475,168169.0,68629.0,17950.0,26595.0,18842.159669999997,5682.0,18822.57375,23040.0,19417.0,57396.03004,46112.0,88914.0,38241.0,12078.4,18793.47798,620.0,30510.0,18774.39386,196860.0,0.0
2014-09-01,14164.0,36720.0,5516.0,4296.0,81202.0,58013.0,10882.0,13509.0,1606.1,9097.0,15675.5,13638.0,25417.0,100.0,9955.0,56909.0,19919.0,8115.9,5299.0,416.0,18940.0,18774.39386,103830.0,0.0
2014-10-01,21913.0,22370.0,14550.0,380.0,111261.0,13121.0,17007.0,13879.0,16503.4,13846.0,41683.2,19157.0,40256.0,54600.0,41688.0,62326.0,26417.0,16913.3,16188.3,1579.0,31622.0,18774.39386,101003.0,0.0
2014-11-01,31242.0,12300.0,10491.0,5899.5,68539.0,3000.0,12092.0,9730.0,16350.8,17793.0,49383.0,15730.0,64147.0,113215.0,5187.0,27072.0,17237.0,31161.2,21189.7,566.0,22144.0,18774.39386,50588.0,0.0
2014-12-01,31105.0,11960.0,21728.0,1524.3,81974.0,28500.0,6204.0,6401.0,16330.2,13711.0,56894.2,16133.0,54514.0,62000.0,4152.0,33415.0,18522.0,43230.8,25821.3,340.0,21976.0,18774.39386,26828.0,0.0
2015-01-01,54261.0,5479.0,6183.0,4615.2,87662.0,4050.0,9139.0,12983.0,15035.1,20540.0,49758.3,18655.0,55368.0,94598.0,2549.0,24086.0,23369.0,33158.6,20107.5,624.0,21421.0,18774.39386,23458.0,0.0
2015-02-01,28355.0,10213.0,13273.0,4735.4,75782.0,11600.0,7444.0,12742.0,17457.7,15239.0,48192.9,14513.0,38505.0,58740.0,3421.0,30538.0,19581.0,21387.4,17451.9,615.0,45477.0,18774.39386,33155.0,0.0
2015-03-01,12086.0,17030.0,11621.0,284.6,114283.0,10800.0,8852.0,13122.0,17956.4,19613.0,47941.4,17946.0,33806.0,101557.0,7602.0,38623.0,22486.0,18430.2,17439.1,537.0,55505.0,18774.39386,60830.0,0.0
2015-04-01,12749.0,59360.0,9536.0,6457.0,111029.0,29700.0,6850.0,12453.0,16304.3,12844.0,44242.5,15399.0,13363.0,34375.0,15082.0,66901.0,22644.0,15637.4,14890.2,459.0,66164.0,18774.39386,119437.0,0.0
2015-05-01,17578.0,33420.0,13801.0,132.9,114761.0,35300.0,8492.0,20335.0,15893.8,13860.0,45718.9,20535.0,13661.0,41891.0,285540.0,57880.0,27311.0,20018.1,15912.9,605.0,33602.0,18774.39386,115395.0,0.0
2015-06-01,15103.0,93130.0,2532.0,4344.5,80793.0,14200.0,7384.0,8218.0,14506.6,10369.0,33033.1,15397.0,11790.0,29204.0,62906.0,55548.0,20282.0,8126.0,15381.6,424.0,12765.0,18774.39386,95340.0,0.0
2015-07-01,19795.0,84680.0,10686.0,8093.0,117137.0,19500.0,13177.0,12700.0,13909.0,7415.0,52944.6,20488.0,7535.0,24066.0,46494.0,69571.0,22180.0,17300.7,15673.8,455.0,15883.0,18774.39386,111542.0,0.0
2015-08-01,23021.0,623910.0,4943.0,11436.97475,147273.0,38200.0,14900.0,11615.0,18842.159669999997,9003.0,18822.57375,23672.0,9909.0,27.0,28303.0,83018.0,27428.0,12423.1,18793.47798,555.0,16071.0,18774.39386,164163.0,0.0
2015-09-01,18027.0,38330.0,4637.0,11436.97475,81157.0,33750.0,12655.0,9689.0,1391.8,10183.0,19010.2,20.0,25484.0,420.0,11292.0,58197.0,20586.0,7141.0,2274.3,580.0,13914.0,18774.39386,95655.0,0.0
2015-10-01,22501.0,58610.0,9008.0,5044.0,117227.0,11350.0,13736.0,15009.0,16079.5,12674.0,44377.5,1735.0,35531.0,63132.0,89647.0,46936.0,28582.0,21106.8,15837.3,853.0,39796.0,18774.39386,73767.0,0.0
2015-11-01,13584.0,7990.0,9141.0,4455.4,72462.0,2400.0,8231.0,13102.0,14811.7,12991.0,41348.4,13632.0,42696.0,89218.0,4865.0,41968.0,20761.0,30155.9,18577.3,628.0,40297.0,18774.39386,66931.0,0.0
2015-12-01,15344.0,16280.0,10585.0,135.7,79094.0,1200.0,7991.0,8685.0,17118.6,9791.0,54743.9,14199.0,38506.0,133914.0,5453.0,48630.0,21259.0,40057.0,28211.4,510.0,45528.0,18774.39386,55848.0,0.0
2016-01-01,16098.0,32210.0,7857.0,5196.8,88823.0,3400.0,11711.0,18500.0,18925.3,13605.0,46301.0,17200.0,56309.0,73066.0,2955.0,19217.0,28791.0,28665.0,21495.7,881.0,53449.0,18774.39386,29281.0,0.0
2016-02-01,12462.0,15238.0,10470.0,6806.7,82800.0,3900.0,10294.0,17679.0,16988.8,15615.0,38416.7,16960.0,46170.0,57818.0,3133.0,33328.0,27556.0,19932.0,18767.9,1031.0,25775.0,18774.39386,39985.0,0.0
2016-03-01,17194.0,48600.0,6555.0,4296.0,104897.0,5360.0,10250.0,19141.0,14433.5,19283.0,45262.6,20289.0,48662.0,55321.0,10378.0,53150.0,23264.0,27311.6,18221.8,659.0,27577.0,18774.39386,93139.0,0.0
2016-04-01,15918.0,62030.0,5507.0,594.9,87943.0,5350.0,9119.0,13889.0,14548.2,14229.0,51502.4,18140.0,40452.0,80184.0,8790.0,38999.0,21985.0,26587.8,17330.8,753.0,24092.0,18774.39386,81730.0,0.0
2016-05-01,15412.0,93140.0,7938.0,283.4,91353.0,57396.03004,3561.0,16348.0,15038.3,14844.0,48225.4,16041.0,13453.0,70997.0,124984.0,63296.0,0.0,6053.3,16805.0,1338.0,17970.0,18774.39386,132450.0,0.0
2016-06-01,16399.0,35520.0,10282.0,4296.0,87843.0,57396.03004,8574.0,13362.0,12730.7,12969.0,38977.4,17756.0,7980.0,27140.0,102385.0,46631.0,0.0,15040.2,15169.0,1598.0,15706.0,18774.39386,61270.0,0.0
2016-07-01,19360.0,112350.0,12486.0,10822.9,116298.0,57396.03004,4849.0,15466.0,15796.6,9631.0,54625.0,21160.0,8140.0,450.0,140741.0,55641.0,0.0,10734.8,14331.6,1129.0,19381.0,18774.39386,119531.0,0.0
2016-08-01,18425.0,348660.0,8891.0,11436.97475,103247.0,57396.03004,3618.5,13320.0,18842.159669999997,5799.0,18822.57375,19210.0,5463.0,525.0,58198.0,65766.0,0.0,11632.0,18793.47798,711.0,15230.0,18774.39386,147926.0,0.0
2016-09-01,11871.0,53670.0,4011.0,2161.0,58146.0,57396.03004,2570.5,8283.0,1679.2,13313.0,15801.2,12636.0,20718.0,30397.0,38216.0,43659.0,0.0,12686.6,3159.3,539.0,10100.0,18774.39386,98041.0,0.0
2016-10-01,17498.0,77900.0,7186.0,4625.8,117194.0,134300.0,4854.5,16955.0,13738.0,17388.0,46029.4,21680.0,44868.0,107505.0,97100.0,57924.0,0.0,16876.4,14927.5,1154.0,26406.0,18774.39386,88402.0,0.0
2016-11-01,13856.0,7600.0,6770.0,977.9,74796.0,1300.0,3976.5,14586.0,14482.5,21139.0,48072.0,17438.0,36733.0,111479.0,3204.0,31658.0,0.0,19117.3,20687.9,1277.0,14263.0,18774.39386,44454.0,0.0
2016-12-01,15503.0,28970.0,12017.0,4006.5,76437.0,3000.0,3170.0,10077.0,16495.2,11252.0,55319.0,16878.0,47125.0,88969.0,3787.0,40383.0,0.0,43001.4,23346.9,1017.0,15383.0,18774.39386,44858.0,0.0
2017-01-01,0.0,4050.0,6496.0,617.85,68802.0,5300.0,85.0,15393.0,13989.0,11367.0,51611.2,0.0,52462.0,91253.0,1493.0,20166.0,0.0,35102.2,24284.0,0.0,12727.0,18774.39386,21052.0,0.0
2017-02-01,0.0,11350.0,5859.0,2498.45,63910.0,2300.0,75.0,19172.0,15738.8,7907.0,41748.8,0.0,54402.0,64966.0,3685.0,25758.0,0.0,21358.0,19228.8,0.0,14859.0,18774.39386,82361.0,0.0
2017-03-01,0.0,23070.0,6318.0,4492.6,84811.0,10210.0,115.0,18811.0,15070.2,19173.0,40650.9,0.0,42972.0,94936.0,4403.0,34635.0,0.0,30380.4,21063.3,0.0,19725.0,18774.39386,97930.0,0.0
2017-04-01,0.0,70320.0,4974.0,309.5,117329.0,57396.03004,150.0,22067.0,13245.4,9010.0,52219.5,0.0,39099.0,53714.0,13005.0,56733.0,0.0,22362.2,16830.1,0.0,18009.0,18774.39386,123976.0,0.0
2017-05-01,0.0,106990.0,4246.0,318.65,68466.0,57396.03004,105.0,10121.0,13659.3,10918.0,50439.3,0.0,10835.0,88582.0,8812.0,38722.0,0.0,19134.7,16150.8,0.0,16412.0,18774.39386,96386.0,0.0
2017-06-01,0.0,110130.0,3013.0,2444.0,78381.0,57396.03004,0.0,9794.0,8889.4,9332.0,37098.9,0.0,6795.0,46765.0,205737.0,49317.0,0.0,8277.2,16898.0,0.0,18729.0,18774.39386,102915.0,0.0
2017-07-01,0.0,47660.0,5291.0,3881.0,120629.0,57396.03004,235.0,15136.0,17334.7,11787.0,60364.3,0.0,8026.0,370.0,184040.0,51223.0,0.0,13433.8,17499.8,0.0,16521.0,18774.39386,116598.0,0.0
2017-08-01,0.0,394250.0,3271.0,5743.487375,111031.0,57396.03004,60.0,13586.0,18842.159669999997,4495.0,18822.57375,0.0,13164.0,500.0,28410.0,63447.0,0.0,3901.7,18793.47798,0.0,15086.0,18774.39386,152642.0,0.0
2017-09-01,0.0,17100.0,3320.0,5743.487375,77760.0,130600.0,35.0,13884.0,2604.4,8210.0,5845.9,0.0,29377.0,26791.0,97006.0,44196.0,0.0,5423.4,3093.8,0.0,14625.0,18774.39386,74014.0,0.0
2017-10-01,0.0,79440.0,9223.0,3342.55,118996.0,4969.0,115.0,18492.0,12801.6,15902.0,45096.7,0.0,45937.0,52902.0,90700.0,52922.0,0.0,20242.3,14910.5,0.0,27042.0,8770.5,74014.0,0.0
2017-11-01,70.0,11870.0,8283.0,2757.8,79541.0,2560.0,50.0,14694.0,13007.4,16821.0,37038.4,0.0,40588.0,61943.0,3854.0,34730.0,0.0,26683.6,19629.3,0.0,37940.0,14431.1,36894.0,0.0
2017-12-01,0.0,10400.0,11482.0,3376.95,75191.0,2850.0,75.0,8070.0,13338.9,11204.0,50080.7,0.0,52578.0,117160.0,3253.0,44016.0,0.0,41118.5,22120.5,0.0,31843.0,14645.2,33051.0,0.0
2018-01-01,0.0,4295.0,7380.0,409.75,84394.0,8200.0,100.0,16754.0,13473.5,11645.0,52919.1,0.0,50844.0,93555.0,2722.0,23751.0,0.0,34891.4,24653.9,0.0,39463.0,13897.2,36453.0,0.0
2018-02-01,45.0,2670.0,6100.0,590.85,82925.0,2450.0,50.0,16439.0,13232.0,6158.0,43358.1,0.0,31738.0,85172.0,2158.0,24857.0,0.0,23246.9,20290.6,0.0,36773.0,13838.5,24509.0,0.0
2018-03-01,25.0,10380.0,4614.0,2473.25,109378.0,6000.0,45.0,16694.0,12392.4,19583.0,46491.1,0.0,51815.0,118339.0,7766.0,42491.0,0.0,30083.1,21193.5,0.0,48715.0,18054.8,66503.0,0.0
2018-04-01,0.0,46005.0,5798.0,2340.65,91672.0,57396.03004,65.0,8605.0,11466.0,7593.0,41998.9,0.0,51761.0,118295.0,12613.0,55874.0,0.0,23412.3,16914.5,0.0,25187.0,15220.9,128552.0,0.0
2018-05-01,20.0,54675.0,3570.5,2417.45,78710.0,57396.03004,0.0,10876.0,12861.0,9019.0,43583.8,0.0,6960.0,18920.0,13143.0,53310.0,25.0,7847.9,16325.8,0.0,18045.0,10836.9,123823.0,0.0
2018-06-01,100.0,62460.0,8708.0,592.7,67956.0,57396.03004,50.0,7388.0,11053.1,9709.0,40477.8,0.0,6805.0,63773.0,129279.0,22813.0,0.0,5991.8,15211.6,0.0,13788.0,12816.0,83529.0,0.0
2018-07-01,45.0,35760.0,9522.0,5903.45,127181.0,57396.03004,40.0,12829.0,12073.4,11427.0,50049.5,0.0,7550.0,90.0,184712.0,61242.0,0.0,12983.9,17167.0,0.0,18825.0,15491.6,123914.0,0.0
2018-08-01,50.0,272135.0,2219.0,5988.487375,125347.0,57396.03004,75.0,10871.0,18842.159669999997,4509.0,18822.57375,0.0,7422.0,600.0,23509.0,35501.5,25.0,4644.3,18793.47798,0.0,17277.0,18774.39386,136179.0,0.0
2018-09-01,645.0,44555.0,2076.0,3912.0,34839.0,181400.0,90.0,10863.0,18842.159669999997,6462.0,11905.8,0.0,31852.0,19760.0,8968.0,45587.0,60.0,6900.1,1861.4,0.0,15726.0,5782.8,95086.0,0.0
2018-10-01,340.0,11805.0,3857.0,6427.4,53640.5,2270.0,60.0,15028.0,10678.0,13724.0,42522.4,0.0,35755.0,60068.0,89018.0,24473.0,75.0,12915.2,16279.7,0.0,22710.0,14422.2,86191.0,0.0
2018-11-01,375.0,7305.0,3272.5,567.9,75530.0,2900.0,0.0,14133.0,22322.1,12375.0,47361.6,0.0,45018.0,85850.0,5184.0,41995.0,210.0,18667.1,18358.3,0.0,20619.0,15095.0,51207.0,0.0
2018-12-01,445.0,6070.0,6636.0,800.9,41702.0,1900.0,0.0,12102.0,14188.0,9713.0,53632.6,0.0,63652.0,66910.0,3582.0,47662.0,110.0,37964.0,19261.1,0.0,18583.0,20799.1,53370.0,0.0
2019-01-01,365.0,2365.0,3687.5,2727.9,72230.0,2800.0,20.0,13306.0,13194.6,8745.0,42778.0,0.0,67191.0,203880.0,2193.0,18137.0,265.0,31000.0,21308.8,0.0,18813.0,21690.2,19121.0,0.0
2019-02-01,415.0,6575.0,3122.0,3608.45,58158.0,4350.0,15.0,11634.0,13533.8,7053.0,45509.2,0.0,41931.0,80360.0,2932.0,25311.0,60.0,30069.7,18671.8,0.0,17494.0,15122.7,46584.0,0.0
2019-03-01,9346.0,8500.666666666666,4720.0,2746.6666666666665,38278.0,9946.0,9059.333333333334,15309.0,9952.4,14024.5,30740.05,13569.0,28521.0,58426.0,6748.0,14361.0,9209.333333333334,19754.15,14261.8,4045.0,23702.5,22587.0,43776.0,0.0
2019-04-01,345.0,26810.0,1950.5,2208.65,49538.5,200.0,50.0,15333.0,12809.0,9501.0,49959.7,0.0,50463.0,45680.0,14289.0,25494.5,225.0,19868.0,18971.0,0.0,7664.0,13196.4,126832.0,0.0
2019-05-01,10081.333333333334,36890.666666666664,5190.333333333333,3036.7000000000003,36244.333333333336,32519.01502,9791.333333333334,16514.5,10969.55,11082.5,25378.95,14632.0,12789.5,62471.0,12176.5,15371.666666666666,9831.333333333334,18424.55,10791.7,4151.0,24399.0,20904.75,48905.5,0.0
2019-06-01,10175.666666666666,39377.666666666664,4423.0,3046.0333333333333,32735.666666666668,32719.51502,9875.666666666666,11830.5,9384.6,9005.5,25657.8,14763.5,9765.0,44168.0,131703.5,19674.0,9965.666666666666,10568.55,13786.73899,4390.0,21636.5,21114.75,56731.0,0.0
2019-07-01,9767.0,17498.666666666668,4904.0,4018.9666666666667,50226.0,32831.01502,9543.666666666666,15588.5,8956.25,9930.5,30357.95,14245.5,10409.5,25166.0,120019.5,20415.666666666668,9527.0,12784.75,13711.73899,4315.0,18167.666666666668,20755.85,56112.0,0.0
2019-08-01,10328.666666666666,159504.0,4329.333333333333,6911.65825,49329.0,33059.01502,10108.666666666666,14256.5,13995.079834999999,7513.0,13985.286875,14933.0,13665.0,4561.0,40864.0,26468.0,10152.0,11100.3,13970.73899,4574.0,15407.0,24609.19693,83956.0,0.0
2019-09-01,10343.666666666666,29623.666666666668,4245.333333333333,3813.6666666666665,33549.0,20807.0,15110.5,12587.0,14007.579834999999,8787.0,12566.7,15110.5,19389.5,5370.5,22043.0,17353.0,10137.0,11920.25,13983.23899,4586.5,14626.333333333334,18064.35,48817.0,0.0
2019-10-01,10667.0,10013.666666666666,5793.333333333333,4357.0,49797.666666666664,7860.5,15605.5,16667.5,13326.95,9095.0,28497.55,15605.5,26963.0,37418.0,49866.5,19403.666666666668,10497.0,15416.85,7758.45,5140.5,19745.0,22451.9,47913.0,0.0
2019-11-01,10596.666666666666,4634.666666666667,6041.0,4003.633333333333,34987.666666666664,6802.0,10373.333333333334,15617.5,12118.95,11570.5,24476.55,15490.0,33465.0,71179.5,7356.5,12762.666666666666,10416.666666666666,22943.85,15621.1,5023.0,20265.333333333332,23284.0,21746.5,0.0
2019-12-01,10819.333333333334,10111.0,8337.666666666666,5331.566666666667,38249.666666666664,5306.5,10669.333333333334,13335.0,14149.55,9668.5,29018.25,15979.0,40491.0,50085.5,7363.5,18696.666666666668,10736.0,27906.9,15059.8,5082.0,19202.666666666668,27938.2,18254.0,0.0
2020-01-01,11004.0,6033.666666666667,7056.333333333333,5651.466666666667,36051.333333333336,7682.0,10630.666666666666,15782.5,13233.75,9774.5,27020.15,15881.0,39059.5,40775.0,6902.0,12758.666666666666,10800.666666666666,23091.95,14112.6,4952.5,21853.0,24620.6,26824.5,0.0
2020-02-01,10925.0,8973.0,5988.666666666667,4752.2,36406.333333333336,4834.5,16067.5,15645.5,12727.45,10192.5,27562.0,16067.5,29037.5,53762.0,7255.0,12749.333333333334,10825.0,21628.95,12621.1,4793.5,21791.333333333332,24827.65,30525.5,1.0
2020-03-01,10674.0,3823.6666666666665,4296.666666666667,3257.0,17436.0,4825.5,15701.0,9924.5,7778.35,8778.5,13598.05,15701.0,18525.5,16245.5,5664.0,6629.0,15701.0,11533.85,7086.0,4835.5,12081.666666666666,18914.3,14813.0,23.0
2020-04-01,10371.666666666666,3283.6666666666665,4664.0,3126.0,10813.666666666666,4805.5,15512.5,7960.0,4664.0,4664.0,4664.0,15512.5,7711.0,4805.5,4805.5,3237.0,10368.333333333334,8241.0,4664.0,4664.0,15512.5,16075.5,3599.5,3718.0
