date,title,text,rating,visitor_origin,visit
Erlebnisdatum: Januar 2020,"Zeit mitbringen, ein Tag wenn es regnet, zu geniesen",Bitte viel Zeit mitbringen. Das Bayr. Nationalmusem birgt viele Schätze. Hier kann man u.a.  bei schlechtem Wetter ohne Reue seine Zeit verbringen. Es sind Lektüren und Bücher vorhanden um mehr Einblick zu erhalten.,40,"München, Deutschland",
Erlebnisdatum: März 2020,"Ausstellung ""Treue Freunde - Hunde und Menschen""","Kunst- und kulturgeschichtlich angelegte Ausstellung mit 220 Exponaten in zwölf Unterabteilungen, sehr gut gemacht und für einen Hundefreund unbedingt sehenswert!",40,,
Erlebnisdatum: Januar 2020,Eines der schönsten Museen Bayerns,"Ein wunderbares Museum um die Geschichte Bayerns nach zu verfolgen. Eine herrliche Ausstellung zum Thema treue Freunde, Hunde zu diversen Gelegenheiten - witzig präsentiert. Nicht unbedingt das, was man in diesem Museum erwarten würde. Aber das ist vielleicht genau der Clou.",50,"Frankfurt am Main, Deutschland",
Erlebnisdatum: September 2019,Interessante Sammlung alterExponate,"Für einen Regentag ist der Besuch im Bayrischen Nationalmuseum zu empfehlen. Im Eintritt von bis zu 7€ ist bereits ein Audioguide enthalten. Leider waren nicht alle Ausstellungen geöffnet, aber ich bekam auch so genug zu sehen. Wenn man sich wirklich alle ansehen und",50,"Hamburg, Deutschland",
Erlebnisdatum: August 2018,Bavorské národné múzeum / Bavarian National Museum / Bayerisches Nationalmuseum / Museo Nacional Bávaro,"Síce to nie je must-see, celkom pekne dokáže vyplniť hodinku-dve. Nachádzajú sa tu prevažne sošky, glóbusy, gobelíny a podobne. Určite odporúčam využiť nedeľný vstup za 1€.  Not a must, but it's a pretty good place to spend an hour or two. The collection contains mainly",30,Slowakei,
Erlebnisdatum: Januar 2020,"Zeit mitbringen, ein Tag wenn es regnet, zu geniesen",Bitte viel Zeit mitbringen. Das Bayr. Nationalmusem birgt viele Schätze. Hier kann man u.a.  bei schlechtem Wetterohne Reue seine Zeit verbringen. Es sind Lektüren und Bücher vorhanden um mehr Einblick zu erhalten.,40,"München, Deutschland",
Erlebnisdatum: März 2020,"Ausstellung ""Treue Freunde - Hunde und Menschen""","Kunst- und kulturgeschichtlich angelegte Ausstellung mit 220 Exponaten in zwölf Unterabteilungen, sehr gut gemacht und für einen Hundefreund unbedingt sehenswert!",40,,
Erlebnisdatum: Januar 2020,Eines der schönsten Museen Bayerns,"Ein wunderbares Museum um die Geschichte Bayerns nach zu verfolgen. Eine herrliche Ausstellung zum Thema treue Freunde, Hunde zu diversen Gelegenheiten - witzig präsentiert. Nicht unbedingt das, was man in diesem Museum erwarten würde. Aber das ist vielleicht genau der Clou. Herrlich die alten Stuben aus Holz. Besonders erwähnenswert ist es hervorragende Restaurants im Museum. Unbedingt reservieren.",50,"Frankfurt am Main, Deutschland",Reiseart: allein
Erlebnisdatum: September 2019,Interessante Sammlung alterExponate,"Für einen Regentag ist der Besuch im Bayrischen Nationalmuseum zu empfehlen. Im Eintritt von bis zu 7€ ist bereits ein Audioguide enthalten. Leider waren nicht alle Ausstellungen geöffnet, aber ich bekam auch so genug zu sehen. Wenn man sich wirklich alle ansehen und durchlesen/hören möchte, sollte man 3 Stunden einplanen. Es werden Exponate aller Art gezeigt: Bilder. Skulpturen, Altäre, Elfenbeinschnitzereien, Waffen und Rüstungen, Silber und Porzellan. Viele prachtvolle Stücke. In einem großen Saal werden Modelle mittelalterlicher Städte in großenVitrinen ausgestellt, sehr interessant. Da Teile der Ausstellung wegen Renovierung geschlossen sind, ist der Rundgang etwas unübersichtlich und bei den vielen Räumen kann man sich schon verlaufen. Wer an Kunstgeschichte interessiert ist, ist in diesem Museum gut aufgehoben und kann stundenlang ""stöbern"".Im UG gibt es einen großen Museumsshop, in dem man Kunst erwerben kann.",50,"Hamburg, Deutschland",
Erlebnisdatum: August 2018,Bavorské národné múzeum / Bavarian National Museum / Bayerisches Nationalmuseum / Museo Nacional Bávaro,"Síce to nie je must-see, celkom pekne dokáže vyplniť hodinku-dve. Nachádzajú sa tu prevažne sošky, glóbusy, gobelíny a podobne. Určite odporúčam využiť nedeľný vstup za 1€.Not a must, but it's a pretty good place to spend an hour or two. The collection contains mainly statuettes, globes, tapestries, etc. I definitely recommend €1 entry on Sundays.Kein Muss, aber es trotzdem ein guter Ort, um eine oder zwei Stunden zu verbringen. Die Sammlung besteht hauptsächlich aus Statuettes, Globen, Gobelins usw. Auf jeden Fall empfehle ich den Sonntagseintritt für 1€.No es un ""must"" pero es un buen lugar para pasar una hora o dos. La colección contiene principalmente figuras, globos terrestres, gobelinos etc. Definitivamente recomiendo la entrada de 1€ los domingos.",30,Slowakei,Reiseart: allein
Erlebnisdatum: Februar 2019,"Sehr umfangreiches, erstklassiges Museum zur bayerischen Geschichte","Das Bayerische Nationalmuseum ist in einem weitläufigen, klassizistischen Gebäude auf drei Etagen untergebracht und einfach mit öffentlichen Verkehrsmitteln (z.B. Bus 100 ""Museumslinie"" vom Hauptbahnhof Nordseite aus) zu erreichen.Die Themen sind so vielfältig und die Exponate so zahlreich, dass ein Tag für einen Besuch kaum ausreicht. Die Themen (Aufzählung bei weitem nicht vollständig) reichen von einer ständigen Krippenausstellung (u.a. mit sehenswerten neapolitanischen Krippen) über Bilder und Skulpturen (z.B. von Tilmann Riemenschneider), sakralen Stücken, Waffen, kostbaren Silber- und Goldarbeiten, Einrichtungsgegenständen bis zu Modellen bayerischer Städte.Die Benutzung des kostenlosen Audio-Guides ist zu empfehlen.Um den Beinen (und dem Kopf) zwischendurch eine Pause zu gönnen, empfiehlt sich der Besuch des im Museum integrierten Restaurants/Cafes.Ich habe mich einen ganzen Tag (von 10 - 17 Uhr) in diesem Museum aufgehalten und habe trotzdem nicht alles gesehen. Deshalb komme ich sicher bald wieder, um die restlichen Abteilungen zu besuchen bzw. (für mich) besonders sehenswerte nochmals zu durchwandern.Einen Besuch dieses Museums kann ich nur wärmstens empfehlen.",50,"Germering, Deutschland",Reiseart: allein
Erlebnisdatum: November 2018,Nicht alles an einem Tag machbar!,"Macht einen alten Eindruck, haben nicht alles gesehen, da dieses Museum sehr sehr viel zu bieten hat! Deshalb ev. an mehreren Tagen kommen! Sehr interessant: die Schiffsausstellung -besonders das U-Boot; die begehbare Zelle und der Z3....wir wollen wieder kommen, um noch mehr zu entdecken! In der Nähe (VIS A VIS S-Bahnstation Isartor gibt es ein gutes Vietnamesisches Streetfoodlokal!!!)",30,"London, Vereinigtes Königreich",Reiseart: als Paar
Erlebnisdatum: Juli 2018,Bewegte Zeiten,Eine der tollsten Ausstellung  die in München zur Zeit ist. Solche Schnitzereien wie die Figuren von Grasser haben wir noch nie gesehen. Die Maserungen der Ungefassten Chorfiguren- Ich meine Weltweit einzigartig. Ein muss zum hingehen,50,"München, Deutschland",Reiseart: mit Freunden
Erlebnisdatum: Juli 2018,Riesiges Museum mit großartigen Kunstschätzen,"Das bayrische Nationalmuseum ist ein riesiges großes Museum, das mehrere Besuche erfordert. Es liegt am Englischen Garten und ist mit dem Museumsbus 100 erschlossen. Das Gebäude im historistischen Stil verfügt über eine Vielzahl historisch gestalteter Ausstellungsräume. Zu sehen ist Kunst aus ganz Bayern von der Romanik bis zum Jugendstil, Schwerpunkt sind die Ausstellungen zu Barock und Rokoko, dazu kommt auch Volkskunst. Ich halte es unmöglich, alles an einem Tag zu sehen, das Museum erfordert mehrere Besuche.",50,"Regensburg, Deutschland",Reiseart: als Paar
Erlebnisdatum: Juli 2018,Leicht erreichbar ... schwer zu fassen,"100er Bus, Tram, U-Bahn, bloss nicht mit dem Auto hierhin anreisen. Stolze 8,- € zahlt der Rentner für die Erasmus Grasser Ausstellung .. und darf dann nicht einmal fotografieren. Sehenswerte Exponate, fürwahr, eine kleine und feine Ausstellung. Uralt Filme in einem Nebenraum ... in schwarzweiss .. ...der Mensch hinter den Kunstwerken wird nicht sichtbar. Vertane Chance ..",40,"Grafing, Deutschland",Reiseart: als Paar
Erlebnisdatum: Februar 2018,Bayerns wichtigstes Museum,"Das Bayerische Nationalmuseum ist ausgesprochen leicht an der Prinzregentenstraße zu finden und mit Straßenbahn und Bus relativ leicht erreichbar. Über den Hofgarten auch leicht von der nächsten U-Bahn-Station, vorbei an Münchens Surfern. Nicht nur das Haus der Kunst, auch die derzeit leider wg. Umbau geschlossene Archäologische Staatsslg., die (oft übersehene) Sammlung Bollert und die Schackgalerie sind in der Nähe, also ein richtiges zweites Museumsquartier. Allein im Bayer. Nationalmuseum ist soviel zu sehen, dass es für Wochen reicht. Allerdings sind nicht immer alle Säle geöffnet, weil die Direktorin viel dringend notwendige Umbauarbeiten durchführt. Dies geschieht mit großer Würde und viel Geschmack. Das Museum ist auch gut geeignet für Kinder, allerdings wohl kaum für diejenigen, die nur an Knöpfen spielen wollen. Gerade für Kinder gibt es eine Menge museumspädagogischer Aktivitäten.Das Museum ist kein reiches Museum und Geld für Werbung seiner in letzter Zeit immer weniger gewordenen Sonderausstellung gibt es nicht. Viele Jahrzehnte war es umgekehrt, da wurde an den Dauerausstellungen kaum etwas getan und tolle, wirklich bedeutende Sonderausstellungen gab es en masse. Das Restaurant ist edel, der Shop beeindruckend. Schade, dass der Bayerische Staat eine seiner bedeutendsten Perlen finanziell so gering fördert. Es ist nicht nur das wichtigste Museum Bayerns, sondern auch eines der wichtigsten von ganz Deutschland.",50,"München, Deutschland",Reiseart: als Paar
Erlebnisdatum: März 2018,Schatzkammer im Abseits:,"Denn dieses Museum liegt etwas abseits von den Hauptsehenswürdigkeiten von München. Es enthält aber großartige Schätze, die teils auch gut zur Geltung kommen. (Man könnte aber noch mehr daraus machen.) - Man könnte sagen: Das Brooklyn-Museum von München.",50,"Berlin, Deutschland",Reiseart: geschäftlich
Erlebnisdatum: Juli 2017,immer einen Besuch wert,"Großartige Sammlungen, speziell Kunst des Mittelalters, Krippensammlung (!!!), Gotiksammlung, Rüstkammer usw.",50,München,
Erlebnisdatum: Januar 2018,Krippenmuseum - einfach nur herrlich,"Um die Weihnachtszeit ist das Krippenmuseum im Bayerischen Nationalmuseum geöffnet. Eine herrliche Sammlung figürlicher Darstellungen von Jesu Geburt. Es gibt kleine und ganz große Krippen, angesiedelt in verschiedensten Landschaften mit Tieren von Katzen, die dem Fischhändler seine Ware stibitzen wollen bis zu Kamelen, auf denen die Heiligen Drei Könige angeritten kommen. Von der Einzelfigur bis zu Kompositionen aus vielen Hunderten von Figuren ist alles vorhanden. Schön finde ich auch die Idee, dass diese Spezialausstellung nicht das ganze Jahr zu sehen ist, sondern nur in der Weihnachtszeit. Aber auch ansonsten ist das Nationalmuseum immer einen Besuch wert, man kann sich ganz wunderbar auf ein Spezialthema einlassen, schauen, lesen. Es gibt sehr schönes Kunsthandwerk, Porzellan, Möbel, Musikinstrumente.",50,"Heidelberg, Deutschland",Reiseart: als Paar
Erlebnisdatum: Oktober 2017,Mittelalter und Krippen,"Die Mittelalterabteilung ist auf jeden Fall sehenswert. Die ungewöhnlich dichten figurenreichen spätgotischen Gemälde von Jan Polack kannten wir vorher noch gar nicht. Krippenabteilung. Man erwartet vielleicht ein Duzend Krippen, aber es sind viel viel mehr. Es ist auch nicht nur ""Volkskunst"", sondern gerade bei den süditalienischen Arbeiten sind es bekannte Künstler, die Vorlagen geliefert haben. Entsprechend ausdrucksstark sind die Figuren gestaltet. Es sind faszinierende Dioramen entstanden für die man sich die Muse nehmen sollte, sie länger zu betrachten.",50,"Berlin, Deutschland",Reiseart: als Paar
Erlebnisdatum: Oktober 2017,"Schönes, aber schweres Museum","Das Nationalmuseum mit seinen über 100 Krippen, alten geschnitzten Altären und hölzernen Heiligenfiguren gibt einen hervorragenden Einblick in die bayerische Kultur und das Christentum. Für Kinder ist die Ausstellung eher nicht geeignet, da die Präsentation nicht unbedingt zeitgemäß ist und es an jeglicher Interaktivität mangelt. Die Eintrittspreise sind fair.",40,"Berlin, Deutschland",Reiseart: allein
Erlebnisdatum: Februar 2017,Bayerische Kultur,"Das Museum ist gut gegliedert und nicht zu überfüllt. Man findet zu allen Epochen die passenden Räumlichkeiten. Viele schöne Exponate - ich war den halben Tag da, wenn ich dann nicht zu viele Eindrücke gehabt hätte, auch gerne den ganzen Tag darin geblieben. Zum Glück war das Restaurant im Hause - gut und nicht überfüllt.",40,"München, Deutschland",Reiseart: mit der Familie
Erlebnisdatum: Januar 2017,Krippenausstellung mit über 100 Krippen,In den 3 Wintermonaten November bis Januar ein idealer Ausflug mit den Enkeln. Am Sonntag nur 1€ Eintritt für Erwachsene. Sehr schöne Krippenfiguren aus Tirol und Neapel in aufwendig gestalteten Dioramen.,40,"München, Deutschland",Reiseart: mit der Familie
Erlebnisdatum: November 2016,Museen in München: 23 auf einen Streich - Museumslinie 100,"Munich, Upper Bavaria, Bavaria, Germany, EuropeTitel: 23 auf einen Streich - Museenlinie 100ID-Nr: 453964297Mein Tipp für Kunst- und Kulturliebhaber:München ist reich an Museen, Galerien und Ausstellungshäusern. Mit meinem Lieblingsbus Musenlinie 100 erreicht man viele davon bequem und schnell, entweder vom Ostbahnhof oder vom Hauptbahnhof, oder vielen anderen Stationen. Natürlich nicht alle 23 auf einmal, aber immer wieder kann man sich auf eine Route einlassen, je nach Zeit, Interesse und Laune. Zum Beispiel meine Favoriten besuchen wie: STUCKVILLA (Jugendstil und Zeitgenössisches), BAYERISCHES NATIONALMUSEUM (große Schätze aus vielen Epochen), LENBACHHAUS (Blauer Reiter und Zeitgenössisches) oder das Museum Ihrer Wahl. Also, steigen Sie ein, steigen Sie aus. Es lohnt sich, macht Spass und erspart große Fußmärsche.Ute Armanski",50,"München, Deutschland",Reiseart: allein
Erlebnisdatum: Januar 2017,Sehr familienunfreundlich,"Wir durften keinen Rucksack mit Kindersachen und nicht mal eine Wasserflasche für das Kind mit rein nehmen (obwohl im Museum mehrere Besucher Taschen dabei hatten). Aus „Sicherheitsgründen“, hieß es. Völliger Quatsch – selbst am Flughafen darf man eine Wasserflasche für kleine Kinder mitnehmen. Dann im Museum dackeln die kleinkarierte und unfreundliche Mitarbeiter einem hinterher um bei der ersten Gelegenheit zu motzen, wenn irgendeine Kleinigkeit nicht passt. Wir gehen oft ins Deutsche Museum, dort ist es viel besser. Nie wieder Bayerisches Nationalmuseum.",10,"München, Deutschland",Reiseart: mit der Familie
Erlebnisdatum: Dezember 2016,Riemenschneider-Werke sehr sehenswert,"Aufgrund der Wiedereröffnung des Riemenschneider-Saals haben wir das Museum besucht. In der Tat sind die gezeigten Riemenschneider-Werke überaus sehenswert. Um zu diesen zu gelangen, muß man sich allerdings erst durch viele andere Säle mit reichhaltiger sakraler Kunst ""hindurcharbeiten""; die Beschilderung (wie kommt man in welchen Bereich) ist deutlich verbesserungsbedürftig. Die Skulptur der mit langen Haaren bedeckten Maria Magdalena ist leider in einiger Höhe angebracht; um sie angemessen betrachten zu können, wäre eine Stehleiter oder ein Podest nötig - schade.Die Beleuchtung der Exponate läßt teilweise zu wünschen übrig.Für Rollstuhlfahrer und mobilitätseingeschränkte Personen weniger geeignet; es sind immer wieder Stufen zwischen den Sälen. Ein Aufzug ist vorhanden.Anschließend haben wir noch im Untergeschoß die sehr gut besuchte Krippenausstellung besichtigt. Weitere Abteilungen im 2. OG waren geschlossen.Das Museumscafe und -Restaurant ist derzeit wegen Renovierung geschlossen (abweichend von den Angaben auf der Homepage).",40,"München, Deutschland",Reiseart: als Paar
Erlebnisdatum: Dezember 2016,"Toll - Die Krippenausstellung am Sonntag für 1,- EUR","Wir waren mit den Enkeln 3, und 6 Jahre in der Krippenausstellung. Es war fantastisch, obwohl es über eine Stunde dauerte den Rundgang zu beenden. Es waren so viele spannende und schöne Exponate zu sehen, dass selbst die Kinder bis zum Schluß ihre Freude hatten. Die Angestellten waren freundlich und zurückhaltend. Der Eintrittspreis am Sonntag für 1,- EUR machte die Sache zusätzlich erstrebenswert. Das Gebäude  machte Lust auf mehr und wir werden demnächst ohne Kinder alles andere besichtigen.",40,"Ponta do Sol, Portugal",Reiseart: mit der Familie
Erlebnisdatum: Dezember 2016,Unglaublich viel zu sehen...,"...gibt es in diesem Museum. Vom Mittelalter bis ins 19te Jahrhundert sind hier unglaublich viele Kunstwerke ausgestellt. Beeindruckend ist auch die Krippensammlung im Untergeschoss.Man sollte sich hier viel Zeit nehmen. Empfehlenswert ist es, keinen zweiten Museumsbesuch am gleichen Tag zu planen, da man sonst wohl überfordert ist.Empfehlenswert ist auch die Nutzung des angebotenen Audioguides.Es gibt ein Museumsrestaurant.....dieses empfand ich allerdings als etwas hochpreisig und habe denn doch ausserhalb gespeist.",50,"Wuppertal, Deutschland",Reiseart: allein
Erlebnisdatum: Oktober 2016,Architektur sehenswert. Der Rest auch. ,Die Fassade ist ein Eldorado für den Hobbyfotografen und besticht durch filigrane Schönheit. Und auch das Innere ist sehenswert und eine gute Adresse an einem Regentag.,40,"Chemnitz, Deutschland",Reiseart: allein
Erlebnisdatum: Oktober 2016,Sehr schön und riesig! ,Fast unendlich viele Exponate.. Sehr schön anzuschauen und nicht so überlaufen wie die Residenz. Dazu der Geheimtipp.. Am Sonntag nur 1€ statt 7!!,50,,Reiseart: allein
Erlebnisdatum: April 2016,Gut für Regentage,Das Museum stellt schöne Kommoden und königlichen Innendekor aus. Gut für Regentage! Danach empfiehlt sich ein Gang durch den nahegelegenen Englischen Garten.,40,"Neu-Isenburg, Deutschland",Reiseart: als Paar
Erlebnisdatum: Mai 2016,Immer wieder ein Vergnügen ,"Für mich das schönste Restaurant in München. Man taucht in eine andere Welt ein. Draußen im Innenhof herrscht an lauen Sommerabend italienische Atmosphäre, drinnen ist das Gewölbe mit ansprechendem Design ausgestattet. Der Service ist professionell, aber nicht devot. Die Weine pfehlungen mutig und ungewöhnlich. Das Essen ist sehr hochklassig.",50,"Mömbris, Deutschland",Reiseart: als Paar
Erlebnisdatum: Juni 2016,nicht lohnenswert,"Das Museum ist nicht sehenswert, resp das Geld nicht wert. wir waren enttäuscht über das Museum und wir konnten nicht mal das ganze Museum anschauen,(Schliesst schon um 17Uhr)",20,"Visp, Schweiz",Reiseart: als Paar
Erlebnisdatum: März 2016,"Tolles Museum, leider kaum beworben, bzw schwer zu finden....","Hatte mir das BNM in München schon lange vorgemerkt,leider musste ich feststellen das es eher schwer zu finden ist, bzw kaum bis garnienimmernicht beschildert/beworben wird...Die etwas muffelige Dame an der Kasse versäumte leider auch, nachdem sie mir 7€ Eintritt in Form meines letzten Kleingeldes, weil sie den 50€-Schein nicht wechseln ""konnte"", abgeknöpft hatte, mitzuteilen, das ich zwar vollen Eintritt entrichtet hatte, aber nur knapp die Hälfte der Räume zur Besichtigung geöffnet sind... Schade... Muß leider sagen, bei aller Schönheit und Sammlungsreichtum, hat das Haus an sich vergessen, was Kunden- bzw Besucherservice bedeutet... Traurig das man sich auf der Straße durchfragen muß, um überhaupt ersteinmal den Eingang zum Haus zu finden!!!!Sehr schön ist das Restaurant/Kaffee, und überraschend anders als alles mir Bekannte, ist der Museumsshop, der sich leider, ebenfalls kaum beworben, im Keller versteckt! Hätte ich nicht die sanitären Örtlichkeiten (auf)gesucht, hätte ich dieses ERLEBNIS glatt verpasst!!!!",40,"München, Oberbayern, Bayern",Reiseart: mit der Familie
Erlebnisdatum: März 2016,Einen Besuch wert,"Nehmen sie sich viel Zeit, denn sie werden in diesem Gebäude einige Kilometer zu Fuss unterwegs sein. An den üblichen Sammelobjekten von Fürsten und Könige werden sie stehenbleiben und staunen über die fantastischen Arbeiten unbekannter Künstler. Alles sehr eindrücklich präsentiert, manchmal täte eine bessere Beleuchtung gut. Vergessen Sie nicht im Keller die Krippenausstellung zu besuchen. Ich bin mir sicher, dass sie eine derartige Sammlung noch nie gesehen haben.",40,"Locarno, Schweiz",Reiseart: mit Freunden
Erlebnisdatum: September 2015,Muß man mal gesehen haben,"Als Münchner muß man mal im bayerischen Nationalmuseum gewesen sein. Es gibt diverse Ausstellungen die wechseln und Exponate ,welche ständig vor Ort sind... geschichtsträchtig ist das Gebäude mit seiner Architektur von Gabriel von Seidl.",40,"München, Deutschland",Reiseart: als Paar
Erlebnisdatum: Dezember 2015,unbedingt sehenswerte Krippensammlung,"Die Krippensammlung im UG ist sehr sehenswert, ist auch für Kinder interessant. Das Museum ist so groß, dass wir es in einem Tag nicht schafften, alles anzuschauen. Die Porzellansammlung und die Barock/Rokoko-Ausstellung hat uns auch sehr gut gefallen.",50,"Rosenheim, Deutschland",Reiseart: mit Freunden
Erlebnisdatum: Dezember 2015,Umfangreiche Sammlung von historischen Krippen,ca. 160 verschiedene historische Krippenmotive werden dargestellt.Auch die andren Ausstellungsstücke im Museum sind eindrucksvoll.,50,"Ulm, Deutschland",
Erlebnisdatum: Dezember 2014,"Ein Ort, den man nicht übersehen sollte. Kultur ist sehr hoch angesagt",Ein absolutes MUSS für jeden Touristen der München besuchen möchte. Es umfasst eien der schönsten Austellungen der Welt. Sehr zu empfehlen. Lassen sie es sich nicht entgehen,50,Albanien,
Erlebnisdatum: Mai 2015,Hervorragend!,"Wer über die Bayerische Geschichte mehr erfahren will, ist hier bestens aufgehoben!Das wirklich riesige Nationalmuseum bietet einen Spaziergang durch ca. 1500 Jahre Geschichte! Sehr sehenswert.",50,"München, Deutschland",Reiseart: geschäftlich
Erlebnisdatum: Mai 2014,Wundervoll,Ein beeindruckendes Museum. Es ist viel zu groß um alles einem Tag vernünftig bewundern zu können. Die Ausstellung ist gut und übersichtlich gestaltet und alles ist gut beschriftet.,50,"Hessen, Deutschland",Reiseart: allein
Erlebnisdatum: Januar 2015,"Mode aus dem Rahmen, Kostbar bestickte Kleidung des 18. Jahrhunderts","Selten sieht man diese kostbaren Roben und vor allem die Schnittmuster, alle handbestickt. Denn bevor z.B. eine Weste genäht wurde, war sie auf einer Art Schnittmuster bestickt worden und dann ausgeschnitten: diese seltenen ""unfertigen"" Westen sieht man in der Ausstellung neben den Modellen. Wir waren mit einem 4-jährigen Mädchen hier, das zu Hause erzahlte, wie schwierig es für die Frauen in ihren ausladenden Roben gewesen sein musste, durch eine Zimmertüre zu gehen oder sich geziemend hinzusetzen! Was sich unter dieser Robe an ""Unterbau"" verbarg, auch das zeigt die Ausstellung!Auch die Sammlung Bollert ist sehenswert wie das ganze Haus, für das der Architekt Gabriel von Seidl noch im 19. Jahrhundert den passenden Rahmen geschaffen hat!",50,"Umkirch, Deutschland",Reiseart: mit der Familie
Erlebnisdatum: Januar 2015,Reisender hast du genug vom Trubel der Innenstadt...,"...dann triffst du eine gute Wahl, wenn du die Sehenswürdigkeiten hier im Nationalmuseum anschaust. Hervorragend die Grippenausstellung im Untergeschoss, aber auch die anderen Exponate geben einen schönen Überblick über die jeweiligen Epochen.Ein Besuch lohnt sich, wir kommen immer wieder gerne hierhin. Leider gibt es kein Gesamt-Ticket für alle Münchener Museen. Dies würde sicherlich mehr Besucher anlocken. Die Stadt Frankfurt macht dies zum Beispiel.",40,"Obing, Deutschland",Reiseart: mit Freunden
Erlebnisdatum: Oktober 2014,"Sehenswert, aber dennoch dringend Überarbeitungsbedürftig","Dass ein Museum dieser Größenordnung unter der Woche bereits um 17.00 schließt und damit de facto eigentlich nur für Touristen, oder aber Arbeitslose nutzbar ist (die arbeitende Bevölkerung und auch Schüler im G8 haben nicht früh genug frei) finde ich schwierig. Wenn dann noch die Ausschilderung teilweise so klein geschrieben ist, dass man(n) auch mit einer Lesebrille kaum noch eine Chance hat, etwas zu erkennen, dann wird der Spaß langsam zur Qual.Das große Stadtdiorama von München war eigentlich im übertragenen Sinn nur erfassbar, denn zum einen war die Beschriftung klein und fast unleserlich und erschwerend kam dazu, dass die Beleuchtung ausgefallen war. Nach Aussage der von uns gequälten Aufsichtspersonen auch schon seit längerer Zeit....!Wenn man dann die prächtigen Krönungsroben etc. aus der ""griechischen Wittelsbacher Zeit"" sieht, stellt sich natürlich die Frage, wieso Otto einen griechischen Krönungsmantel trägt. Hinweis auf die knapp 30jährige Regentschaft des Hauses Wittelsbach in Griechenland..: Null! Auch der anschließende Saal mit zahlreichen Hinweisen auf die ""gebärfreudigen"" Damen des Herrscherhauses ist ja irgendwie nett. Was fehlt, sind Bilder/Fotos und Hinweise, was denn aus den Einzelnen geworden ist. Wenn man im Nationalmuseum des Freistaates Bayern dann schon auf Wikipedia zurückgreifen muss, um elementare Grundkenntnisse der bayrischen Geschichte, die leider in fast jedem Saal fehlen, zu ergänzen, dann sollte die Hausleitung doch einmal ernsthaft über die Konzeption nachdenken und dringend nachbessern. So ist das nix!",20,"Dresden, Deutschland",Reiseart: mit der Familie
Erlebnisdatum: Dezember 2013,Weltgrößte Krippensammlung,"Das Bayerische Nationalmuseum beherbergt im UG die weltgrößte Krippensammlung und dies nicht nur um die Weihnachtszeit. Wunderschöne Szenerien mit der Hl. Familie, aber auch mit dem Leben der Menschen dort. Einfach anschauen, es ist wirklich beeindruckend.",50,"München, Deutschland",Reiseart: allein
Erlebnisdatum: August 2014,Toller Location - Tolles Preis-/Leistungsverhätlnis,"Ein toller Hot-Spot in München....Tolles Ambiente, sowohl innen wie auch aussen....Tolles Essen für erstaunlich akzeptable Preise....",50,"Garching bei München, Deutschland",Reiseart: mit Freunden
,Mit einem Tag ist es nicht getan...,"Das Nationalmuseum beherbergt die unglaublichsten Prunkstücke, Gold-und Silber schmiede-Arbeiten, Statuen, Bilder, Pokale - ein Ende der Aufzählung ist unmöglich. Dazu erstklassige Ausstellungen mittelalterlicher Meister",50,"München, Deutschland",
Erlebnisdatum: Januar 2012,Toll auch für Kinder,"Wir waren mit unserem sechsjährigen Sohn im Nationalmuseum und bekamen sehr viele interesante Eindrücke. Toll für unseren Sohn, es gibt dort den ""Drachenpfad""  als Audiotour. Genau die richtig Mischung aus Wissen und Quiz und vor allem nicht zu viele Punkte, die ""abzuarbeiten"" sind. Wer gut zuhört und die Rätselfragen alle beantwortet, bekommt zum Schluss auch noch einen Drachenorden....echt Spannend",40,Harz,
Erlebnisdatum: Dezember 2011,Krippenmuseum,"Das Äußere des riesigen Gebäudes ist ein Architekturmix aus Barock, Renaissance und Pseudo-Romanik. Innen viele unterschiedliche und auch wechselnde Ausstellungen. Ich hatte mir saisongerecht das Krippenmuseum ausgesucht und war überrascht über die Größe der Sammlung. Viele der Kirchenkrippen stammen aus dem Alpenraum. Prächtige Weihnachtsszenen in typischer oder auch exotischer Kulisse, geschnitzte feine Figuren oftmals in der Tracht der Herkunftsgegend. Höhepunkte sind aber die vielen Krippen aus dem italienischen Raum, hauptsächlich Neapel. Ganze Straßenzüge wurden nachgestellt, jedes Detail akribisch nachgemacht. Man kann sich garnicht satt sehen an dieser Fülle. Naturgetreu gestaltete Szenen, die Kostüme der Figuren aus kostbarem Stoff, fein bestickt und genäht. Kleine Wunder der Handarbeitskunst. Eine  Ausstellung für die man etwas Zeit mitbringen sollte.",40,Klagenfurt,Reiseart: mit Freunden
Erlebnisdatum: August 2011,Schön schaut es aus.,"Direkt auf der Prinzregentenstraße gelegen ist dieses von außen sehr prachtvolles Museum. Im inneren kann man viele alte Kunstsammlungen und geschirr, Käme, Figuren usw. endecken. Der Preis war auch unschlagbar wenn man am Sonntag da ist dann zahlt man nämlich nur einen euro. Anosnten waren es glaub ich 6 euro. Für besuchen oder auch eimheimische kann man dieses museu  wärmtens empfehlen.",50,München,Reiseart: als Paar
Erlebnisdatum: Mai 2011,"Das kleine, feine V & A in München","Die ""Mutter"" der Museen für Kunsthandwerk, das Victoria and Albert in London, war auch Vorbild für das kleinere, aber feine Bayerische Nationalmuseum in München. Es hat großartige Sammlungen von Porzellan (Nymphenburg - Bustellis Figuren der Commedia del Arte und andere sind vollkommene Beispiele für das bayrische Rokokko), Silber (Augsburg, z.B. das Hildesheimer Tafelsilber), Jugendstil, Skulpturen, Möbel, Alpenländisches, eine Krippensammlung, Musikinstrumente, historische Spiele (Schach-, Trik-trak Spiele in allen möglichen Materialien wie Holz, Porzellan, aus verschiedenen Epochen), Elfenbeinarbeiten, Glas - man kann Tage in den etwas unübersichtlichen Flügeln und Stockwerken des historischen Baus aus der Prinzregentenzeit verbringen und immer wieder Neues entdecken. Häufig gibt es kleine Sonderausstellungen, z.B. Elfenbeinschnitzerei, Prunkmöbel oder Bayerns Beziehungen zu China. Anstelle der völkerkundlichen Sammlungen des Londoner Hauses (Indien, Südostasien) findet man hier, näherliegend, Exponate zur neueren griechischen Geschichte, war doch der erste griechische König nach der Unabhängigkeit der bayrische Prinz Otto.Das Schönste: nie gibt es Trubel oder Massenansturm, die Besucherzahl hält sich in Grenzen. Neu ist ein schönes Cafe, man kann auch draussen in einem neu geöffneten Innenhof sitzen. Ausserdem: schöner Museumsladen im Untergeschoss.",50,München,
Erlebnisdatum: März 2010,Bayerische Geschichte zum kleinen Preis,Das Bayerische Nationalmuseum ist für alle Geschichtsliebhaber und Bayerninteressierte empfehlenswert. Mit 7 € (Vollzahler) bzw. 6 € (ermäßigt) erkundet der Besucher auf zwei Etagen die Geschichte Bayerns vom frühen Mittelalter bis in die Neuzeit. Wunderschön und sehr sehenswert sind die verschiedenen Plastiken (u.a. von Riemenschneider und Schwanthaler) sowie die Sammlung an Glasmalereien.Achtung: Das Museum ist montags geschlossen!,40,"Oklahoma City, Oklahoma",
Erlebnisdatum: Januar 2011,Die Krippen sind super...,"Das Bayerische Nationalmuseum liegt direkt an der Prinzregentenstraße. Architektonisch ist dieses Gebäude, sowohl von innen, als auch von außen toll. Ein Highlight befindet sich im Keller, denn hier ist eine sehr große Krippen-Sammlung vorhanden. Meine Erachtens das Highlight dieses Museums. Ein TIpp: Der Eintritt kostet sonntags nur einen Euro!",50,"München, Deutschland",
Erlebnisdatum: Februar 2011,Riesenmuseum im Münchner Osten,"Das Bayrische Nationalmuseum bietet in einem wunderschönen Gebäude genug Interessantes für einen Ganztagesausflug und das für relativ wenig Geld. Neben der großen Hauptsammlung, welche die Geschichte Bayerns mit Schwerpunkt auf das Mittelalter beleuchtet und der umfangreichen Krippensammlung im Untergeschoss werden regelmäßig Sonderausstellungen veranstaltet, die einzelne Aspekte Bayerns in den Mittelpunkt stellen. Ein kleines Cafe im Eingangsbereich lädt nach dem Museumsbesuch noch zum Verweilen ein. Für Liebhaber Bayerns eine Empfehlung wert.",50,"München, Deutschland",
Erlebnisdatum: März 2019,Faszinierend,Interessantes Museum mit einem breiten Themenspektrum.Kleine Sammlung spätmittelalterlicher Rüstungen / Rüstungen aus der frühen RenaissanceWunderschönes Gebäude. Nettes Cafe,40,"Basingstoke, Vereinigtes Königreich",
Erlebnisdatum: Dezember 2019,Schönes Gebäude interessante Ausstellung,Exzellentes Museum mit interessanten Wechselausstellungen. Schönes Gebäude mit schönem Garten. Diese Ausstellung war sehr gut. Es ist ein gutes Preis-Leistungs-Verhältnis und einen Zwischenstopp auf dem Weg zum englischen Garten wert.,40,"Warrington, Vereinigtes Königreich",Reiseart: als Paar
Erlebnisdatum: Januar 2020,Etwas enttäuschend,"Für mich selbst erwartete ich eher ein historisches Museum, in dem die Entwicklung der Region und der Kultur genau beschrieben wurde. Stattdessen handelt es sich hier eher um ein Kulturmuseum, in dem Stücke der bayerischen Kultur der letzten rund 400 Jahre zu sehen sind. Eigentlich keine schlechte Sache, aber Kleider, Klaviere, Möbel, Schnitzereien usw. aus dieser Zeit. . . obwohl für viele keine schlechte sache. . . für mich nicht genau das Richtige. Weiterhin gab es einige Probleme beim Finden der Nummer, die mit dem Audioguide gekoppelt werden konnte, und es sei denn, Sie können Deutsch lesen (nicht ich), helfen einige der Beschreibungen nicht weiter.",30,"Singapur, Singapur",
Erlebnisdatum: Dezember 2019,"Eines der besten Museen, die seit langem besucht wurden. Sehr zu empfehlen","Wir waren an einem Sonntag zu Besuch - die Eintrittsgebühr betrug also nur 1 Euro - das gilt auch für einige Münchner Museenliebte die Vielfalt und Qualität von Tausenden von Exponaten (Möbel / Keramik & Porzellan / Silber, um nur einige zu nennen), die alle in exzellentem Zustand zu sein scheinen und denen wir uns sehr genau nähern konnten (im Gegensatz zu vielen Museen heutzutage)kleiner (parochialer) Streit - während vielleicht 2/3 der Exponate deutsch + englisch beschreibend waren, war der andere 1/3 nur deutsch; nicht sicher, warum eine solche Unterscheidung? ? ! !",50,"Watford, Vereinigtes Königreich",
Erlebnisdatum: Oktober 2019,Ein interessantes Museum,"Dies ist ein kleines Museum mit einigen sehr konzentrierten Exponaten über die dekorative Kunst vom Mittelalter bis zum späten 19. Jahrhundert. Es gibt Räume und Räume voller Keramik, Silber, religiösen Gegenständen und anderen Gegenständen der dekorativen Kunst. Ich mochte besonders die Räume, die Elfenbein und Holz geschnitzten Gegenständen gewidmet sind. Sie können wirklich ein Gefühl dafür bekommen, wie die andere Hälfte (eher die oberen 10%) in den vergangenen Jahrhunderten mit all den juwelengeschmückten Truhen, kunstvollen religiösen Gegenständen und übertrieben silbernen Tafelservices gelebt hat. Meine einzige ""Beschwerde"" war, dass die Beschilderung gemischt hilfreich war und das Layout etwas verwirrend. Obwohl ich dieses Museum nicht in den ""must - sees"" von München einordnen würde, würde ich sagen, dass Sie, wenn Sie etwas mehr Zeit haben, nicht enttäuscht sein werden, wenn Sie diese Zeit in diesem Museum verbringen.",40,"Ashland, Oregon",
Erlebnisdatum: November 2019,Tolles Museum,"Mit Abstand eines der besten Museen, in denen ich je gewesen bin.Ich hatte nicht viel erwartet und bin zu einem bestimmten Objekt gegangen. Ich war angenehm überrascht, die Qualität der Objekte im Allgemeinen zu sehen, hauptsächlich von den bayerischen Königsfamilien.Das Restaurant ist auch empfehlenswert.",50,"Mailand, Italien",Reiseart: mit Freunden
Erlebnisdatum: Oktober 2019,Wunderbares regionales Museum,"War schön, großes Museum mit regionalem Schwerpunkt zu sehen. Tolle Beispiele für lokale Töpferwaren, Gemälde, Skulpturen, Geschirr und Rüstungen. Hatte eine großartige Zeit.",50,"Vernon Hills, Illinois",Reiseart: als Paar
Erlebnisdatum: August 2019,"Große und interessante Sammlung für alle, die fließend Deutsch sprechen","Ich habe mich sehr auf dieses Museum gefreut und wir haben den englischen Audioguide bekommen, damit wir nichts verpassen. Leider werden viele der Exponate nicht einmal im Audioguide erwähnt, zum Beispiel Musikinstrumente und Spiele. Viele interessante Exponate hier und viel zu sehen, und wir genossen, was wir verstehen konnten und was im Audioguide behandelt wurde. Leider hatten wir das Gefühl, viel verpasst zu haben. Insgesamt kann ich dieses Museum nur Personen empfehlen, die fließend Deutsch sprechen und sich für bayerische Geschichte interessieren. Für englischsprachige Benutzer: Besorgen Sie sich den Audioguide, da er die Hauptpunkte einiger Sammlungen abdeckt. Es ist nur eine Schande, dass sie so viel ausgelassen haben.",40,"Bend, Oregon",
Erlebnisdatum: August 2019,GROSSE Sammlung - aber nicht gut für Nicht-Deutsche,"Dieses Museum ist in Bezug auf seine Sammlungsgröße und Reichweite großartig. . . Da es jedoch nur sehr wenige Übersetzungen ins Englische und keine Alternative gibt (kein Audioguide / Faltblatt), waren wir ziemlich enttäuscht, nicht wirklich zu wissen, was die meisten Artikel waren. Wenn Sie gehen, seien Sie darauf vorbereitet und erwägen Sie, Google Translate herunterzuladen! Pluspunkt - sonntags nur 1 € Eintritt!",30,"Stadtbezirk Santiago, Chile",
Erlebnisdatum: August 2019,Gönnen Sie sich dafür etwas mehr Zeit.,"Nicht nur ein bisschen von allem, sondern viel von allem und viel von Dingen, von denen Sie vielleicht noch nie zuvor gewusst haben! Es mag manchmal wie ein Durcheinander aussehen, aber es gibt eine gut geplante Route, der Sie folgen können. Jedes Exponat wird gut präsentiert - dunkel oder hell, hervorgehoben oder arrangiert. Viele Galerien sind durch jahrhundertealte Holztüren miteinander verbunden. Das Gebäude selbst ist vielerorts ein sehr interessantes Exponat. Wenn Sie Kunst oder Geschichte mögen, werden Sie hier bestimmt viel zu entdecken und zu genießen finden. Geben Sie sich einfach mehr Zeit, als Sie normalerweise einplanen würden! Hinweis: Während meines Besuchs waren einige Galerien aus dem 19. Jahrhundert wegen Umhängen geschlossen.",40,"Kopenhagen, Dänemark",
Erlebnisdatum: August 2019,"Tolles Museum, aber sehr ruhig!","Riesiges Museum mit einigen erstaunlichen Stücken, alle wunderschön präsentiert. Wir waren an einem Mittwochnachmittag im August und es gab nur eine Handvoll andere Besucher!Nur verwöhnt von dem lächerlich teuren Cafe!",40,"Bristol, Vereinigtes Königreich",Reiseart: mit der Familie
Erlebnisdatum: Juli 2019,Es gibt viel zu sehen ... ob Sie Deutsch sprechen / lesen können,"Gute Präsentation und Layout. Viel Inhalt zum Mitnehmen. Leider hat nur die Hälfte der Exponate englische Beschreibungen und der Audioguide ist nicht viel besser. Es ist schwer, diesen Ort zu empfehlen, es sei denn, Sie beherrschen die deutsche Sprache gut, was bedauerlich ist, da Bayern eine interessante Geschichte hat, über die viele Ausländer (wie ich) gerne etwas lernen möchten.Außerdem war das Museum ziemlich leer, als ich ging und das offensichtlich gelangweilte Personal über meine Schulter wachte und mir überall hin folgte, was abschreckend war.",20,Calgary,Reiseart: als Paar
Erlebnisdatum: Juli 2019,"Tolles Museum mit Instrumenten, Kleidern und vielem mehr aus der Vergangenheit.","In diesem Museum gibt es viele beeindruckende Dinge zu sehen, es gibt Musikinstrumente, religiöse Skulpturen und Kleider aus Jahrhunderten, Ritterrüstung, Pferderüstung, Schwerter, Streitkolben und viele andere interessante Geschichten! Kann es jedem empfehlen, der die Vergangenheit entdecken möchte.",50,"Ordos, China",Reiseart: mit der Familie
Erlebnisdatum: Juli 2019,Fantastisch!,"Sonntags kostet dieses Museum nur 1 Euro pro Erwachsenem - aber weit mehr wert!Von Schwertern und Rüstungen für Ritter über königliche Kostüme bis hin zu Gemälden, kunstvoll ausgehärtetem Elfenbein und Glas und Essgeschirr für 24 Ihrer engsten Freunde - dieser Ort war cool. Wir haben unseren Besuch sehr genossen.Die meisten Zimmer bieten Artikelbeschreibungen in deutscher und englischer Sprache. Hinweis: Der Musikraum und eine der Porzellangalerien hatten nur die deutschen Erklärungen zur Verfügung.",50,"Henderson, Nevada",Reiseart: als Paar
Erlebnisdatum: Juni 2019,Zeitverschwendung,"1. Mehr als die Hälfte der Ausstellung nicht ins Englische übersetzt. 2. Dort wird keine Geschichte erzählt, daher ist es nicht sehr schön, herumzulaufen. 3 . Personal nicht sehr nett. Die Dame an der Theke lehnte Geld in Münzen als Zahlung ab!Verschwende nicht deine Zeit.",20,"München, Deutschland",Reiseart: mit Freunden
Erlebnisdatum: Juli 2018,Bayerisches Museum,"Es ist ein sehr kleines Museum, aber sehr schön. aber mehr erwartet. Insgesamt ein sehr schöner Ort zu sein. Sehr gutes Café und Museumsshop.",40,,Reiseart: als Paar
Erlebnisdatum: Mai 2019,Höhepunkte der Waffenkammer,"Dieses Museum war sehr interessant. Es beherbergt eine riesige Sammlung mit viel Abwechslung, die mehr als einen Besuch wert sein könnte.Insbesondere kamen wir, um die Waffenkammer und das Münchner Schwert zu sehen.Mein Mann war sehr beeindruckt. Die Angestellten hier waren sehr hilfsbereit und haben unser nicht deutschsprachiges Verständnis.Es gibt auch beeindruckende Silberwaren und Kleidung. Viel Auswahl. Wir hatten auch Glück, da es Mitte Frühling sehr ruhig war.",50,"Leidschendam, Niederlande",Reiseart: mit Freunden
Erlebnisdatum: Mai 2019,Ausgezeichnete 3 Stunden (oder mehr),"Ich war schon lange nicht mehr hier und verbrachte den größten Teil eines Nachmittags damit, durch das Museum zu schlendern. Die Exponate sind auf Wissenschaft und Technik fokussiert und werden zunächst wunderbar gemacht. Gehen Sie auf jeden Fall den Weg durch die unterirdische Ausstellung.Das Museum ist bequem zu Fuß in 20 Minuten vom Marienplatz aus zu erreichen. Es ist auch mit der Straßenbahn oder dem Bus erreichbar.",50,,Reiseart: als Paar
Erlebnisdatum: Mai 2019,Umfangreiche Sammlung von Exponaten plus hervorragende Einstellung der Mitarbeiter,"Es war eine schöne Erfahrung, das Museum mit der Sammlung von Exponaten und der Qualität der Mitarbeiter zu erkunden.Als ich die Ausstellungshalle betrat, teilte mir das Personal mit, dass mein Ticket nur für die Sonderausstellung des anderen Gebäudes gilt, nicht für das Hauptgebäude. Nachdem ich eine andere an der Theke gekauft hatte, fragte er begeistert, ob ich eine Museumskarte auf Englisch brauche und er half sogar, eine für mich zu bekommen. Es ist wirklich nett von ihm und es hilft, dem Museum einen großartigen Eindruck zu vermitteln, bevor ich mir die Exponate tatsächlich ansah.In Bezug auf die Exponate sind sie fantastisch, wie von den anderen Rezensenten erwähnt. Es gibt jedoch einen Punkt, den ich erwähnen muss: Die Richtung der Ausstellung ist nicht so klar. Ich bin einige Male in die falsche Richtung gegangen, da es keine ausreichenden Anzeichen gab, die mich in die richtige Richtung weisen. Es wäre sogar eine bessere Erfahrung, wenn das Museum mehr Schilder anbringen könnte, um die Gäste daran zu erinnern.",40,"München, Deutschland",Reiseart: allein
Erlebnisdatum: Dezember 2018,Ausgedehnte Kunstsammlung in großem Gebäude,"Dies ist ein wirklich großes Museum. Es ist ein bisschen zu Fuß von der Altstadt entfernt (mehr als 20 Minuten). Die nächstgelegene U - Bahn ist Lehel, die sich in einem schönen Wohngebiet im Süden befindet. Mein Begleiter und ich kamen am Abend an, vielleicht zwei Stunden vor Schließung, und wir hatten nur noch Zeit, die wichtigsten Höhepunkte zu erreichen und schnell durch bestimmte Abschnitte zu gehen. Um einige meiner Lieblingsausstellungen aufzulisten:Krippen - Auf der unteren Ebene des Museums gibt es eine große Auswahl an Krippen (wie ausgefallene Dioramen), die von einfachen und strengen Szenen bis zu großartigen urbanen Szenen reichen. Die winzigen Details in einigen Displays sind erstaunlich.Epochenräume - es gibt mehrere Räume, die gotische Möbel und Inneneinrichtungen nachbilden, die viel bunter waren, als ich erwartet hatte.Architekturmodelle - Ein großer Raum zeigt Architekturmodelle verschiedener deutscher Städte, von sehr groß (München) bis klein. Häuser, Kirchen, Hallen und Geschäfte sind alle bis ins kleinste Detail nachgebildet.Das Museum verfügt über eine umfangreiche Sammlung regionaler Kunst (Gemälde, Skulpturen), Artefakte (dekorativ und weltlich, religiös und weltlich) sowie Waffen vom Mittelalter bis zur Gegenwart. Die meisten Displays wurden in deutscher und englischer Sprache geliefert. Man kann leicht viele Stunden damit verbringen, herumzuwandern. Wie oben erwähnt, kamen wir am Abend an und es gab nur wenige andere Leute, so dass wir manchmal das Gefühl hatten, das gesamte Gebäude für uns alleine zu haben. Sehr empfehlenswert.",50,"Arlington, Virginia",Reiseart: als Paar
Erlebnisdatum: April 2019,Hervorragende Sammlung,"Dieses reizende Schloss in der Nähe des Englischen Gartens ist randvoll mit Gegenständen von historischem und historischem Interesse. Die Tatsache, dass dies nicht für jeden Geschmack etwas ist, wurde eindeutig dadurch belegt, dass wir in dem riesigen Gebäude fast alleine waren. Es ist in gewisser Weise ein altmodisches Museum, aber die Objekte sind sehr gut ausgestellt, beleuchtet und arrangiert.",50,"Haifa, Israel",Reiseart: als Paar
Erlebnisdatum: April 2019,Schönes Museum,"Wir genießen dieses Museum, viele interessante Exponate und interessante Fakten, jeder in der Familie genießt es sehr.",40,"Buffalo, New York",Reiseart: mit der Familie
Erlebnisdatum: Januar 2019,Museum von Bayern,"Große Sammlung von Artefakten in diesem Museum. Nur wünschte es mehr über die Geschichte von München, Bayern und Deutschland. Ich hoffe auch mehr englische Zeichen auf den Artefakten.",50,"Greater London, Vereinigtes Königreich",
Erlebnisdatum: Oktober 2018,Beeindruckend!,"Unglaublich! Alles, was Sie sehen können, um Bayern kennenzulernen, ist ein großartiger Ort, um Ihre Erkundungstour zu beginnen:)",50,,Reiseart: als Paar
Erlebnisdatum: Dezember 2018,Einen Besuch wert!,"Sehr cool, um die Kunstwerke und Stücke in diesem Museum zu sehen. Es ist auch während der Weihnachtsferien geöffnet, was ein großer Vorteil ist. Sehr empfehlenswert.",50,"Washington, D.C., District of Columbia",Reiseart: als Paar
Erlebnisdatum: Dezember 2018,"In jeder Hinsicht ausgezeichnet ... die Krippen, die jetzt gezeigt werden, waren aussergewöhnlich. Der Museumsbus 100 bringt Sie zu allen","Krippen, die jetzt zu sehen sind, waren aussergewöhnlich. Der Museumsbus 100 bringt Sie zu allen Museen in München.",50,Culpeper,Reiseart: mit Freunden
Erlebnisdatum: Dezember 2018,Familienbesuch,"Diese kunst? Das Museum wird auf jeden Fall ein Muss bei Ihrem Besuch in München sein. Die Weihnachtsvorstellungen und Krippen waren ebenso abwechslungsreich und spektakulär wie die restlichen Ausstellungsstücke. Da wir im Dezember zu Besuch waren, war das Hauptaugenmerk Weihnachten und sie haben hervorragende Arbeit geleistet.",40,"Campbell River, Kanada",Reiseart: mit Freunden
Erlebnisdatum: November 2018,Sehr seltsamer Ort,"Das war ein interessantes Museum. Es schien mir, als hätte es ein ziemlich großes Potenzial, ein hochinteressanter und informativer Ort zu sein. Der Ort war jedoch sehr inkonsistent, so wie er eingerichtet wurde. Ich habe einen englischsprachigen Audioguide. . . Nur ein kleiner Teil des Museums verfügte über eine Audioführung. Das war stellenweise nicht so schlimm, weil neben vielen Artikeln eine Beschreibung in deutscher und englischer Sprache vorlag. . . jedoch. . . und hier fehlte mir das Museum am meisten. . . Nur etwa 1/2 hatte das Museum die englische Beschilderung. Einige Zimmer waren komplett in deutsch und das war alles. Ich hatte gehofft, in der Vergangenheit ein besseres Verständnis für das Leben in Bayern zu bekommen, und bin damit nicht abgegangen. Nachdem dies gesagt wurde, gab es einige interessante Dinge, aber insgesamt war es wahrscheinlich nicht meine Zeit wert.",30,"Cincinnati, Ohio",Reiseart: allein
Erlebnisdatum: September 2018,riesiges museum,"Dieses Museum ist groß und interessant, aber etwas trocken; wir haben andere Museen mehr genossen; Es ist jedoch einen Besuch wert.",30,,Reiseart: als Paar
Erlebnisdatum: September 2018,Viel zu groß! Wählen Sie eine Sektion.,"Es gibt außergewöhnliche Dinge hier, aber die Größe des Ortes ist überwältigend. Es wäre am besten für den durchschnittlichen Besucher, ein paar Zeitperioden zu wählen, um zu sehen. Ihre deutsche gotische Skulptur (und Rüstung) wäre eine gute Wahl, oder ihre barocke dekorative Kunst. Mein Favorit war im Keller, eine Reihe von 18 bis 19 c. Bayerische Zimmer vom Land, dekoriert in bemalten Möbeln und Kachelöfen. Da mein Mann und ich dekorative Kunst lieben, verbrachten wir den ganzen Tag hier und waren am Ende erschöpft. Zum Glück gibt es ein ausgezeichnetes Restaurant, das an das Museum angeschlossen ist, und wir haben dort zu Mittag gegessen.",40,"Columbia, Missouri",Reiseart: als Paar
Erlebnisdatum: August 2018,Schade,"Ich war gerade in diesem Museum. So eine Schande, dass es keine Informationen in Englisch verfasst wie in anderen Museen in Deutschland. Die Audio - Guide ist nutzlos.So, bevor ich hierher kam, beginnen Sie einen Intensivkurs Deutsch madter si, dass Sie es als besuchen Sie das Museum. Ansonsten ist es nicht wert! 7 Euro/Person/Tag, der Eingang.",10,"Bukarest, Rumänien",Reiseart: allein
Erlebnisdatum: Juli 2018,Umbuchung ist verbessert das Museum,"Ich muss ehrlich sein: Ich habe nicht alles zu sehen, aber ich habe mich auch auf zwei Bereiche konzentrieren, die sie besonders interessieren mich: Barock Decorative Arts und später medieval Statuen. Ich habe auch im Museum splendid Sammlung. Die barocke Anlage wurde - arrangiert und daher ist viel leichter zugänglich. Mir gefiel vor allem die Porzellan- und das Besteck. Da für mittelalterliche Statuen, es könnte nicht besser als ein Zimmer füllten sich sehr weitgehend mit der Arbeit der unvergleichbar Tilman Riemenschneider transferiert. Für diese Arbeit allein das Museum verdient 5 Sterne.",50,"Toronto, Kanada",Reiseart: als Paar
Erlebnisdatum: Mai 2018,Umfangreiche Sammlung,Großartige Sammlung von bayerischen Kunst. Unser Favorit Zimmer war alles Waffen. Ich hätte mehr Stunden. Die Audio Guide war hilfsbereit.,40,"Algonquin, Illinois",
Erlebnisdatum: Juni 2018,Sehr interessant,"Leider hat man nie genug Zeit zum bummeln in einem Museum. Ich würde mir nur wünschen, dass die Geschenkeshop hatte mehr Sachen: es war begrenzt und einfallslos. Der Eingang ist so billig",50,"West Palm Beach, Florida",Reiseart: mit der Familie
Erlebnisdatum: April 2018,Ein Labyrinth von Sachen Medieval,"Wenn Dinge Medieval sind Ihr Ding ist, dann sind Sie hier richtig. Die Stücke, die ich besonders genossen, waren die Ivory Erleichterung Schnitzereien vom frühen Mittelalter.",40,"Elizabeth City, United States",Reiseart: allein
Erlebnisdatum: Juli 2017,So viele Krippenwegen! !!,"So viele Krippen im Keller! Wir haben gar nicht klar, wie lange es dauern. Von dem Zeitpunkt an, zu dem wir machten es, wir hatten unsere Toleranz überwältigt. Es waren cool und interessante Dinge oben, aber wir haben ein schneller Spaziergang durch. Auf jeden Fall beginnen oben. Es sei denn, man ist auf Erzählprogramm Dissertation's, Sie können nur im Überblick im Keller.",30,"Topeka, Kansas",Reiseart: mit der Familie
Erlebnisdatum: April 2018,"Viele glänzend Objekte, wenig Kontext","Ich war hier wirklich Hoffnung zu lernen über Bayern's Place in Deutsche und europäische Geschichte. Ja, es gibt viel Schatten Schätze gesammelt von vielen Elite Familien, aber es gab praktisch nichts gebracht, dass es alle zusammen. Alles was man braucht ist ein einleitender Ausstellung erklärt einige der Grundlagen, vielleicht mit einem kurzen Dokumentarfilm. Sagen Sie uns, wo wir sind, ein wenig darüber, wer geschaffen und im Besitz der Schätze sind wir zu sehen, und warum die Sammlung ist so vielseitig. Ich wusste, wie die riesigen Krippen hier gelandet, zum Beispiel, würde Adresse visitor's Verwirrung darüber, warum es dauert bis ein Viertel oder mehr der Ausstellungsfläche.",30,"Seattle, Washington",Reiseart: allein
Erlebnisdatum: September 2017,"Nicht so sehr eine Geschichte von Bayern, wie ein Geschichtsmuseum in Bayern","Vielleicht war ich zu diesem Museum mit den falschen Erwartungen. Ich war auf der Suche nach etwas einzigartig in der Geschichte des lokalen Gegend, Kultur, Zoll und Städten. Stattdessen dies ist ein von der Stange History Museum mit vielen alten Christliche Artefakte, Swords, Rüstungen und Möbel. Es gibt einige coole alten Modellen von Deutsch Städte aber sehr wenig speziell über die Gegend. Als Tourist würde ich nicht empfehlen in München verbringen Ihre begrenzte Zeit dieses Museum.",20,"London, Vereinigtes Königreich",Reiseart: mit Freunden
Erlebnisdatum: September 2017,Einzigartige Museum mit wunderbar Displays!,"Mein Freund und ich besuchten den Bayerischen Nationalmuseum und waren beide sehr beeindruckt mit dem Betrag der authentisch Sachen hatten auf Displays. Von der Geburt Displays (was sind erstaunlich), Möbel und Rüstungen, dieses Museum beeindruckt uns in jedem Zimmer! Ich nahm ein besonderes Interesse am Zimmer, dass das Museum gedauert hat zu dekorieren und die in den Zeitraum und die Eleganz der Posten sie halten. Sie sollten auf jeden Fall sehen Sie sich die Decken in jedem Zimmer! Ich war angenehm überrascht, wie toll dieses Museum war. Ich empfehle das Audio Guide, vor allem dann, wenn Sie kein Deutsch sprechen.",40,"Feura Bush, New York",Reiseart: mit Freunden
Erlebnisdatum: August 2017,Erfreulich Cultural Museum,"Dieses Museum ist ein wenig von den ausgetretenen lohnt sich aber die Zeit für einen Besuch. Es deckt die Geschichte und Kultur Bayerns mit einer großen Sammlung von Kunstobjekten inklusive Zimmer gewidmet ist Tilman Riemenschneider Schnitzereien. Es gibt ein Audio Tour. Das Personal war sehr hilfsbereit, sowohl Ticketing und überwacht. Saubere Toiletten und ein Souvenirladen.",50,"Westwood, Massachusetts",
Erlebnisdatum: Juli 2017,"Wow, nehmen Sie sich Zeit","Wir besuchten das Museum an einem regnerischen Tag und wir dachten, wir würden einen schnellen Tour.Warnung: nehmen Sie Ihre Zeit, es ist es wert. Sie bekommen die Audiotour ( enthalten in der Einganges gegen Gebühr) und führen Sie eine oder mehrere der Touren. Das Museum ist riesig und hat einige ( oder sollte ich sagen viele Rabatt) super Sachen. Wenn Sie ein Interesse an Kunst und Kultur das Museum ist für Sie.",40,"Alphen aan den Rijn, Niederlande",Reiseart: mit der Familie
Erlebnisdatum: Juli 2017,super!,"Also dieses Museum ist wirklich eines der besten, das ich je gewesen bin. Das Design und Layout sind perfekt, die Stücke ausgestellt sind weit auseinander, dass Audio Guide gibt relevant und interessante Informationen, und die Wachen sind freundlich. Es ist relativ günstig für 7 € ein Ticket und lohnt sich also Ihre Zeit und Geld. Ich schlage vor, an einem Dienstag Nachmittag verbringen wollen und mehrere Stunden.",50,Texas,Reiseart: mit Freunden
Erlebnisdatum: April 2017,Historisches Museum,Museum befindet sich in der Nähe von Stadtzentrum und kostet nur einen Euro an Sonntagen zu besuchen. Die Sammlung hat ein sehr interessantes Anzahl von Artefakten aus Bayern und ist auf der Grundlage von 3 Etagen jeweils mit Schwerpunkt auf einen bestimmten Zeitraum/Genre. einen Besuch wert,40,"London, Vereinigtes Königreich",Reiseart: als Paar
Erlebnisdatum: März 2017,Gut aber etwas verwirrend Ausstellung Layout,"Es ist ein großes Museum, sodass wir nur besucht die mittelalterliche und Barok Ausstellung. Eine Menge Kirche Interieur und ähnliches, sondern auch Dinge wie abruestungshilfe, einige Münzen, Bronze und andere Sachen (für Mittelalter) und viele Möbel für den Barok. Wie auch immer, man kann sein difficulet zu finden Sie den Weg in das Museum. Vielleicht versuchen Sie ein anzeigen, was wir aber nicht).€ 1 Eintritt am Sonntag (normalerweise € 7 für Erwachsene)",40,"Kopenhagen, Dänemark",Reiseart: mit Freunden
Erlebnisdatum: Dezember 2016,Die Sammlung von christian Nativity Landschaft ist ganz oben auf der Spitze,"Das Museum vermittelt einen wunderbaren Überblick über bayerische Geschichte, Kunst und Handwerk. Abgesehen davon, dass es beherbergt eine großartige Sammlung der Stadt - Modelle wie sie waren in der 16. Jahrhundert.Für mich der Höhepunkt ist die Sammlung von christian Geburt und damit verbundener Landschaft. Ein Muss und Freude von alt und jung, vor allem im Advent und in der Weihnachtszeit wird es warm das Herz, wenn draußen ist es kalt.",50,"Raubling, Bayern, Germany",Reiseart: mit Freunden
Erlebnisdatum: Februar 2017,Sehr angenehm,"Das Museum ist übersichtlich in chronologischer Reihenfolge, und wir entschieden uns, in der Zeit zurckgehen - ich fand der schrittweisen Verlust in Raffinesse der Stücke interessant zu schätzen. Einige der Zimmer waren beeindruckend wie sie waren gestaltet.",50,"Würzburg, Deutschland",Reiseart: als Paar
Erlebnisdatum: Dezember 2016,"Ich wünschte, ich Hätte mehr Zeit. !","Dieses Museum ist sehr günstig. Aber voller super Kunstwerke! !  !  Wir nahmen ein Audio Guide und empfehlen, dass jedem empfehlen, der Besuche. Der Keller nahmen die meisten unserer Zeit. Sie sind im Besitz eines der größten Sammlungen Nativity Szene aus angeordneter durch früh des 19. Jahrhunderts, dramatisch und kreativ angezeigt. Viele der Szenen Display wunderbar Handwerkskunst und detaillierte Verarbeitung, einige sind funktionierte in kostbare Materialien, andere Karte exotische Elemente, wie eine Flucht nach Ägypten beabsichtigt zu verblüffen! 18. Jahrhundert Zuschauer mit den Affen, Krokodilen und flusspferden Mary und Joseph Begegnung auf dem Nil.Zusätzlich auf das Untergeschoss ist eine Folklore Sammlung, die Häuser zum Beispiel: traditionell bayerischen Möbeln, rural Töpferwaren, Geschirr. Es half man ein Gefühl für das, was das Leben war wie ein paar hundert Jahren für eine bayrische Familie.Wir gingen kurz durch andere Abschnitte des Museum, aber ich war dankbar, dass unsere Dezember besuchen Sie enthalten die Keller.",50,"Palm Beach Gardens, Florida",Reiseart: als Paar
Erlebnisdatum: Dezember 2016,Hauptsächlich besucht Krippen,Audio Guide verwendet für tolle Tour und Aufklärung über ihre Krippen; es ist fabelhaft!Wir sahen auch 3 D Brueghel zurück Creation - sehr cool!,40,,Reiseart: als Paar
Erlebnisdatum: November 2016,Tolle Zeit für einen Nachmittag.,"Es hat dazu beigetragen, dass meine zum Museum am Nachmittag, aber ich wünschte, ich hatte schon ein bißchen früher. Ich kaufte die Audio Guide, und ich bin froh, dass ich das gemacht habe. Viele der Ausstellung Schilder werden in deutsch, so hatte ich noch viel mehr Informationen mit den Guide. Meine einzige Beschwerde war, dass es schwierig war, sich zu folgen der Audio Guide. Es war schwer zu finden die entsprechenden Nummern für die Führer. Ich habe festgestellt, dass ich so schnell fertig war, bevor das Museum geschlossen für den Tag, aber das war es wert einen Besuch.",40,"Boston, Massachusetts",Reiseart: allein
Erlebnisdatum: Mai 2016,"Fantastisches Hotel, lohnt sich der Spaziergang!!","Meine Frau und ich hatten wir nicht geplant hatten, der nach diesem herrlichen Anwesen, aber wir sind froh, dass wir das gemacht haben. Es war super, eine wunderschöne Anblick nach dem anderen.",50,"Kewaunee, Wisconsin",Reiseart: als Paar
Erlebnisdatum: September 2016,"Super Ausstellungen, schlecht Anleitung und Erklärung, unfreundliches Personal","Dieses Museum hat unglaublich Ausstellungen. Ich war total beeindruckt von dem, was ich gesehen habe. hätte ich länger geblieben wäre da nicht die Tatsache, dass ich nicht verstehen Deutsch. Wenn Sie in internationalen Touristen, die nicht versteht deutsch, aber dieses Hotel ist schwierig. Ich bekam die Audio Guide. Allerdings werden die meisten Telefonnummern (das erklärte die Stücke) auf der elektronischen Audio Guide nicht funktioniert haben, zumindest in der englischen Sprache Guide. Das Personal an der Rezeption war unfreundlich und die Leute innen war uns auch nicht Anleitung oder zeigte kein Interesse zu expalin nichts. Es ist ein tolles Museum aber hat noch einen langen Weg zu gehen Sie hin, bevor man es schon so eine tolle Attraktion für nicht-deutschsprachigen Touristen interessiert an Geschichte und Kunst.",40,"Neu-Delhi, Indien",Reiseart: mit der Familie
Erlebnisdatum: Juli 2016,Riesige Auswahl an Objekten aus Mittelalter lebendig,"Es gibt vieles zu sehen und es ist besser in das Museum zu diesem Anlaß sein über das, was man sich ansehen und was kann übersprungen werden. Wenn Sie Ihr Ticket außerdem bekommt man ein Museum anzeigen und beschließen können, was zu sehen.Ihre mittelalterlichen Sammlung ist groß und sehenswert. Es hat Kirche Schnitzereien, Statuen, Byzantinische darauf, Buntglas, usw. Es gibt eine Anzahl von Zimmern barocke Statuen gewidmet, die sind ziemlich beeindruckend. Es gibt auch eine Reihe von Holzschnitzereien von Tilman Riemenschneider unter anderen. ist in einem großen Saal gotischer Altar Stücke, Gemälde und grave Steine, die auf der Suche nach wie eine Kirche.Andere Galerien im Museum wäre weniger Interesse wie bayerischen Möbeln, Keramik und Kinderbett Sammlungen.Es gibt ein sehr gutes Restaurant im Erdgeschoss.",40,"Dublin, Irland",
Erlebnisdatum: Juli 2016,Ausgezeichnet Museum für ein regnerisch Sonntag,"Wunderschön, reiche Sammlungen von bayerischen Möbeln, Porzellan, religiöse Kunstwerke, beeindruckend Posten des lokalen Art Nouveau, somptuos Schmuck, Kleidung, Musikinstrumente.",50,"Bukarest, Rumänien",Reiseart: als Paar
Erlebnisdatum: Juni 2016,Ein Museum sollte eine Geschichte erzählen,"Eine eindrucksvolle Sammlung von Schätze aber sehr viel, vor allem der oberen Ebene, scheitert jeder Geschichte zu erzählen.Ich war verwirrt über die Ziele der Displays. Dies war einfach ein sicherer Ort zum aufbewahren war unbezahlbar oder Posten zur bayerischen Geschichte wirklich nur Gold und Silber Schmuck? Ein Anhaltspunkt ist im Geschenke-Shop wo Nachbildungen von einigen Museen Stücke sind auf den Verkauf für €120 +.Die obere Etage Displays sind schlecht beleuchtet und wenn das Modell von München eigentlich gar nichts zu tun, es auch nicht. jedem Detail zu dunkel zu sehen, es ist eine Verschwendung von Platz. Der untere Stock ist besser organisiert und mit ein wenig mehr Bedeutung.In meinem Dutzend Mal in München, dies ist das erste Mal, dass ich bemerkte das Museum. Andere möglicherweise nicht beachtet haben es entweder weil es war sehr ruhig an einem regnerischen Sonntag als Eintritt ist nur 1 Euro. hier viele Möglichkeiten.Nehmen Sie den Bus 100 von der Orleansplatz brillant Ostbahnhof oder N Hauptstrecke Seite.",30,"Sydney, Australien",Reiseart: als Paar
Erlebnisdatum: Mai 2016,"Faszinierend, übersehen Museum","Die Sammlungen sind breit erreichen und wunderschön, wie auch das Museum selbst. Die ""Krippe"" oder Kinderkrippen und Kindergärten sind unglaublich und das Museum umfasst alles von teuer Kleidung zu rustikal eingerichtet. Ich war begeistert von dem Museum und gestehen, wie einige Leute waren dort. Es ist ein kurzer Spaziergang vom Lehel U halten, und auf jeden Fall einen Besuch wert.",50,"Kansas City, Missouri",Reiseart: allein
Erlebnisdatum: Mai 2016,Interessanter Ort mit einer Vielzahl an Ein wunderschönes Arts,Es gab ein Business privaten Besuch mit einer großen Gruppe von Leuten. Wir waren schon eine geführte Tour und genossen das Essen im Restaurant fantastisch gelegen im Museum Gebäude Baseline. Großartiger Mix Museum und Restaurant. Jeder hatte Spaß.,50,"Krakau, Polen",Reiseart: geschäftlich
Erlebnisdatum: April 2016,Gute Museum für religiöse medieval Art,"Dieses Museum, da wir erkundeten wir daran interessiert in der Geschichte von Bayern. Es war interessant, aber es hatte wirklich mehr zu tun und die mittelalterliche religiöse Kunst und Ikonen als bayerische Geschichte. Die Kunst war interessant, aber mehr als 3/4 der Beschilderung war nur in Deutsch. Es ist nicht teuer und eine schöne Regentag Aktivität, aber es ist nicht empfehlenswert, wenn Sie kein Spezialist oder jemand wirklich interessiert an der religiösen Kunst der Periode.",30,"Deer Isle, Maine",
Erlebnisdatum: April 2016,Großartiges Gebäude mit auktionshauses Seedienstuntaugliche Art,Nur für ein paar Stunden auf Transfer. Absolut einen Besuch wert wenn man wie the church Art von ancient Zeiträume und Länder. Ganz besonders die Erklärungen. Das Gebäude selbst ist schon toll zu sehen.,40,"Wageningen, Niederlande",Reiseart: geschäftlich
Erlebnisdatum: März 2016,Hervorragendes Porzellan und Silber Sammlungen,"Es gibt viele Museen in München, und dies war zu empfehlen, weil ich bin interessiert an Keramik/Porzellan. Das ist ein großes und schönes Gebäude mit vielen Stockwerken. Das Personal an der Rezeption sprach Rezeption Dame kein Englisch, das war überraschend an eine Touristenattraktion. Der Eintritt war um 7 Euro.Die Hand Erläuterungen waren kniffelig, aber praktisch einmal zu meistern wie sie können in Englisch verwendet werden.Einige der Flaschengrün Safes waren exquisit (siehe Fotos).  Es gibt einen Souvenirladen und ein exzellentes Café. Es ist ein wenig weit weg von den großen Museen aber einen Besuch wert.",40,"Glastonbury, Vereinigtes Königreich",Reiseart: als Paar
Erlebnisdatum: Februar 2016,1 Euro Eintritt am Sonntag,Die Architektur des Gebäudes war wunderbar. Es gibt eine interessante Sammlung ausgestellt. Alles von Knight Armor zu Silver Sammlungen in China.,30,"Miami, FL",Reiseart: als Paar
Erlebnisdatum: Juli 2015,Super!,"Was für ein Museum, große Sammlungen, atemberaubende piecesand ein sehr gut, die in einem herrlichen Gebäude, liebten diesen Ort!",50,"Stockholm, Sweden, Europe",
Erlebnisdatum: Januar 2016,Ein beeindruckendes Gebäude mit besonderem Interesse über die Feiertage.,"Während dies sollte eine sekundäre Ort zu verbringen, nachdem die Altepinakotek und die Deutchesmuseum , an Weihnachten das riesige Ausstellung von Krippen / Krippen verdient viel Aufmerksamkeit. Die Ausstellungen sind wunderschön und aufnehmen, nicht als religiöse Gegenstände aber als Beispiele für Mode- und Folk Leitbilder. Eher als heilige puppenstuben.",40,ventry,Reiseart: allein
Erlebnisdatum: Dezember 2015,Muss man sehen,"Ich persönlich hatte wenig Kenntnis der bayerischen Geschichte, und dieses Museum zeigte mir, wie ich falsch war. Es ist ein verstecktes Juwel, sowohl bei der Geschichte und Ausstellungen berauschenden sind. Ich hatte das Glück zu haben weg am Weihnachtstag an und es war nur eine Handvoll von Besuchern des Museums.Lassen Sie ein paar Stunden Zeit um uns alle Etagen. Das Gebäude selbst ist auch sehr schön.",50,"Washington, D.C., District of Columbia",Reiseart: allein
Erlebnisdatum: November 2015,"Interessant, aber nicht müssen Sie sehen.","zweite Etage geschlossen, als wir dort waren, aber dies war nicht erklärt, wenn das Ticket gekauft wurde. Interessante Ausstellungen hat, aber nicht das beste Museum München zu bieten, meiner Meinung nach.",30,"Toronto, Kanada",Reiseart: mit Freunden
Erlebnisdatum: Januar 2015,Fahren Sie hin!,"Ich war nicht das Museum bis mein letzter Tag in München ... flog am Abend. Als Resultat, sah ich weniger als 10 % der verfügbaren Ausstellungen. Was ich gesehen habe war fantastisch. Ich werde wieder nach Check it out richtig!",50,"Jakarta, Indonesien",
Erlebnisdatum: Dezember 2015,Eines der besten!,"Dieses Museum ist wirklich eines der besten, das ich je gesehen habe sie verwendet hätten. Man bekommt wirklich das Gefühl bekommen Sie eine Tour durch die Schätze des Königreichs. Viele der Zimmer sind zweckmäßig gebautes nur zu zeigen die Sammlung, beste Vorteil, inklusive Kirche-Stil Zimmer neben gewölbte Decken und dem Buntglas, riesige Runde Zimmer beispielloses Modell Städte zu zeigen, Karte, niedrige Decken Zimmer neben traditionellen bayerischen Wände und Möbel zu zeigen. Jedes neue Zimmer für mich war umwerfend.",50,"Portland, Oregon",Reiseart: mit der Familie
Erlebnisdatum: November 2015,Geburt Kinderkrippe Ausstellung,"Wir haben eine besondere besuchen, da von der jährlichen Nativity Kinderkrippe Ausstellung. Es ist wunderbar! Im Grunde genommen, Wie gesagt sehen Sie bayerische und Abbildungen in Neapel, die exquisit aus Holz, Keramik hergestellt sind. Eine riesige Display für die Feiertage.",40,"Washington, D.C., District of Columbia",Reiseart: mit der Familie
Erlebnisdatum: März 2015,Am Nachmittag Enjoyful,"Ich durch dieses Museum zu Fuß, es gibt so viele Dinge vom Boden zur Decke zu sehen. Die Halle des Kings (nicht sicher ob dies ist es, was es heißt) war so viel Spaß. Ich habe Bilder von meinem Mann neben den Büsten war eine, wie ihn sah. Es gibt eine Menge zu sehen. bequeme Schuhe zu tragen.",50,"Marion, Iowa",
Erlebnisdatum: August 2015,"Grand, altmodische","Bedeutende Sammlungen von South Deutsch und Tiroler Kultur (einschließlich Folk culture), die traditionell präsentiert, ohne irgendwelche Subkultur. Interpretation nur in deutscher Sprache.",50,Aberdeen,
Erlebnisdatum: September 2015,"irrsinnige Displays von religiöse Kunst, barocken & Rococco Schätze - Englisch Labels wäre praktisch gewesen","Dies wäre ein wirklich interessantes Museum haben, da es Schätze zu enthalten soll gesammelt durch die Könige von Bayern seit dem 12. Jahrhundert. Stattdessen ließ ich das Gefühl benachteiligt und nicht willkommen. Der Grund? Alle Marken sind in Deutsch! Der englische Audioguide war sehr spezifisch auf die Objekte bei und selbst dann die Informationen suchen entweder zu allgemein oder zu beschreibenden Objekt sehr als Kontext oder seiner Geschichte. Es gab noch einige andere faszinierende Dinge, die ich wollte etwas englischen Informationen auf. Wie will man eine Umfrage der englischsprachigen Besucher, die Stücke sie würden in der Audioguide aufgenommen werden wollen? Die Rüstung Sammlung hatte Englisch Labels, aber diese waren so gleichförmig und nicht einfach nicht gerecht werden zu einige Stücke ausgestellt (natürlich sind wir alle wissen, was Rüstungen für verwendet wird, aber können Sie bitte uns über die verschiedenen Stile erkennen und die Waffenkammer sie kam? ).  Es gab Zimmer und Zimmer voller religiöse Gemälde, religiösen Schnitzereien und Statuen, die immer noch, aber ich frage mich, warum sind sie hier und nicht in den Kirchen selbst? Einige Erklärungen der Themen in jedes Zimmer geholfen hätte. Das gleiche kann auch über Barock und Rococco Zimmer. Zimmer voller irrsinnige Displays mit keinen Zusammenhang oder Informationen, wo diese Stücke genutzt werden kann. nicht viele Besucher in das Museum, aber ich fast alleine in den meisten Zimmern, eher ungewöhnlich für solch ein Museum auf dieser Skala war zu sehen. Das Gebäude ist so weitläufig kann man leicht unter den Ausstellungsstücken verlaufen. Der Karte machte einfach keinen Sinn. Am Ende, gab ich versucht, alles zu sehen, es gab keinen Punkt. des Geschäftsführungs- und/oder Aufsichtsorgan dieses Museum besuchen sollte die Deutsche Museum in Nürnberg, sie lernen konnte eine Lektion oder zwei über inclusive Kennzeichnung und informativ Displays.",30,"Queensland, Australia",Reiseart: allein
Erlebnisdatum: September 2015,So viel zu sehen,"Ein weiteres Museum, dass viel Zeit benötigt. Im Gegenteil, wir barocke Überreizung erholen konnten, gibt es so viel zu sehen. Eine riesige Auswahl in den Ausstellungen, Rüstungen, Malerei, Porzellan, ein Zimmer in einem Haus, Stücke von Gerichten, Mittelalter und Renaissance Stücken und vieles mehr!",40,"Melbourne, Australien",Reiseart: als Paar
Erlebnisdatum: März 2015,Interessante Objekte,"Ich persönlich bin ich eher scharf auf moderne Geschichte, Kommentar Stücke in der sind im Allgemeinen von mittelalterlichen und frühe Geschichte. Aber sie waren trotzdem sehr interessant zu sehen, alles ist sehr schön präsentiert und ist mehrere Sprachen was hilft.Es gab eine gute Ausstellung über eine mittelalterliche House, das fand ich sehr interessant, wie Baverians lebten, siehe in der 16. und 17. Jahrhundert.Wir mieteten die Audio Guide zum Museum, das sehr hilfsbereit in Ausstellungen Verständnis.Aber wenn Sie sind eine moderne Geschichte enthusiastisch wie ich selbst würde ich nicht mehr in dieses Museum insbesondere empfehlen,",40,"Lancashire, Vereinigtes Königreich",Reiseart: mit Freunden
Erlebnisdatum: November 2014,Eines der wichtigsten Museen für Kunst und Gewerbe in Europa,"Beeindruckende und sehr schöne große Museum Komplex gehört eines der wichtigste Sammlung für Kunst und Gewerbe in Europa. Das Museum wurde von König Maximilian II. von Bayern in 1855 gegründet. Es ist in der Prinzregentenstraße gelegen, einem der vier königlichen Stadt Avenues, was von Prinz-carl -Palais auf der West zum Friedensengel) im Osten ca. 1,31 km Nord-östlich vom Stadtzentrum fährt. müssen Sie gesehen haben!",50,"München, Deutschland",Reiseart: als Paar
Erlebnisdatum: Juli 2015,Sehr unterbewertet Museum,"Als ich dort war ich fast die einzige Person hier und ich kann nicht verstehen, warum. Wahrscheinlich mein Lieblingshotel in Museum in München. Gehen Sie auf jeden Fall die Keller zu schauen Sie sich die unglaubliche Weihnachtskrippen.",50,"London, Vereinigtes Königreich",Reiseart: allein
Erlebnisdatum: Juli 2015,Eine informative Reise durch die Jahrhunderte,"Ich hatte noch nie die Vielfalt in der Armor bis zu unserem Besuch in der National bayrischen Nationalmuseum - Rüstungen der Ritter, Armor für ihre Pferde kamen, was müssen festes Schuhwerk Raubtiere schon dieses Gewicht tragen muss festgestellt. Es schien irgendwie liebenswert, dass die Pferde' Gesicht shields Schutz für Ihre Ohren enthalten. Rüstungen waren nicht die einzigen Artefakte. Wie Texas, Bayern ist stolz auf seine Geschichte und einem unabhängigen Land, anders als in Landschaft, Kultur und Religion vom Rest von Deutschland. Tägliches Leben und Handel, Gewerbe und Industrie waren gut vertreten in der umfangreichen Sammlung, die gut organisiert war, beleuchtet und stattfänden genug, so dass es nicht gegenüber wie Bayern's Dachgeschoss kam. Rustikale Zimmer eingerichtet und ausgestattet vom Mittelalter bis in das 18. Jahrhundert waren interessant, vor allem ein paar aus Pubs. Ihre Einfachheit bildeten einen starken Kontrast mit aufwendigen Interieur von Kirchen aus den gleichen Zeiträume.",50,"Albuquerque, New Mexico",
Erlebnisdatum: Mai 2015,Es ist ein tolles Museum,"Sie haben eine sehr beeindruckende Sammlung von verschiedenen Speisen, das Museum ist eines der wichtigsten Europäischen Decorativ Art Center. Die Kunstsammlung zeigt Kunstwerke in mehr als vierzig Zimmer von Reisebedingungen und antike romanische Kunst zu gotischen, Renaissance, Barock und Rokoko Art zu den Ausstellungen des Neoklassizismus und Art Nouveau.",50,"Budapest, Ungarn",Reiseart: als Paar
Erlebnisdatum: Juni 2015,Unglaubliches Museum!,"Leider sind die wirklich gute Ausstellungen geschlossen wegen Renovierung oder etwas der Tag, an dem wir das Museum besucht. Wir haben uns einen Tonbandführer in Englisch, aber die meisten Sachen haben keine Erklärungen zur in Englisch. Trotz begrenzte Informationen in Englisch, wir fanden die wunderschönen Gemälden und Skulpturen. Tolle Ausstellungen. Ich war begeistert von dem was ich gehört habe über Geburt Sammlungen, sondern konnte nicht kommen, da dieser Abschnitt für den Tag geschlossen war. Ich mochte auch die Möbel Collection, aber leider gab es keine Erklärung in Englisch. sollten Sie mehr Englisch in ihre Audio Guides. In jedem Fall,er es lohnt sich auf jeden Fall (kleine Gebühr; nur 6 E oder so).",50,"Arlington, Massachusetts",
Erlebnisdatum: Juli 2015,Muss München Museum sehen!,"Ich war so beeindruckt von den herrlichen und interessanten Sammlungen in diesem Museum! Besonders gut gefallen hat mir die Möglichkeit zu sehen die meisten Dinge nah genug, um tatsächlich Touch. Wunderschön Ausstellungen von mittelalterlichen Rüstungen abgenutzt Könige, Ritter und Pferde, Buntglas, Kunstwerke, Kleidung, Tiffany Glas, religiöse Gegenstände, etc, etc. sehr empfehlenswert ein Besuch wert. Meine einzige Enttäuschung war, dass wir nicht zu sehen der Geburt Sammlung, was eine saisonale Ausstellung ist.",50,"Boca Raton, FL",Reiseart: als Paar
Erlebnisdatum: Juni 2015,Ich war begeistert!,"Ein ausgezeichnetes Museum mit wunderschönen Sammlung. ganz oben auf meiner Liste, die Renaissance Kleidung mit einem der am besten erhaltenen Renaissance Kleidung in Existenz, sowie wunderschöne Mäntel, Jacken ein Kleid aus dem 18. Jahrhundert. Es gibt Sammlung von Schmuck, Möbel, barocken Musikinstrumente etc ... Schöne Sammlung von Art Nouveau Gläser mit mehreren Stücken für Tiffany, Gallé, usw. es gibt auch innerhalb der Zimmer sind. Ich habe 3 gute Stunden. Nicht viel ist in Englisch übersetzt aber ich hatte eine wundervolle Zeit!",50,"Weston, Florida",
Erlebnisdatum: Februar 2015,Unglaublich Krippen,"Man kommt dort an der Nummer 18 der Straßenbahn. Das Museum und das Personal sind ausgezeichnet. Erlauben Sie mindestens 90 Minuten zu sehen die Geburt Sammlung. Überprüfen Sie vorher auf Zeit um sicherzustellen, dass Abschnitt offen ist.",50,"doylestown, pa",Reiseart: geschäftlich
Erlebnisdatum: Januar 2015,Beeindruckende Sammlung!,"Dieses Museum wurde schnell zu einem meiner Lieblingshotels in München. Sie haben eine sehr beeindruckende Sammlung und ich kann es kaum erwarten, wieder dorthin zu fahren.",50,"Köln, Deutschland",Reiseart: mit Freunden
Erlebnisdatum: Dezember 2014,Unglaubliche Sammlung,"Diese Sammlung von Miniaturen ist unglaublich!!  So authentisch und realistisch suchen kann man fast glauben suchen Sie im echten Schauspielern (man kann hier nicht bewegen, natürlich).  Es gibt so viele Szenen dargestellt, die ich müde von Fotos von ihnen und gaben schließlich auf. Diese Displays sind eine erstaunliche Vollendung ist!!",50,"McKinney, Texas",Reiseart: mit der Familie
Erlebnisdatum: Dezember 2014,Winter Urlaub,"Sehr interessantes Museum ist einen Besuch wert.Die Sammlung der frühen Jahrhunderts Musikinstrumente ist es wert beim Auschecken, so sind die Beispiele von 'Bauernhaus Salons"" der verschiedenen Epochen.Die gotische Halle hat ein 'interessante' Stück ein Skelett korbflaschenform ein Löwe.",40,"Melbourne, Australien",Reiseart: allein
Erlebnisdatum: Dezember 2014,Einen Einblick in die Zeiten,"Das Museum bietet einen schönen Überblick über künstlerischen Leistungen über mehrere Jahrhunderte, von romantischen und gotischen gelten ab, fast schon bis zur Gegenwart. Schön zubereitet und logisch organisiert; leider war ein Teil geschlossen wegen Restaurierung während unserer Reise. Sehr empfehlenswert!",50,"Kranj, Slowenien",Reiseart: als Paar
,ein Besuch lohnt sich!,"Wenn Sie Interesse an Geschichte sind, ist dies der richtige Ort für Sie. Alle Arten von Artefakten und historische Stücke aus der Beginn der Geschichte bis heute's.  Sie werden nicht enttäuscht sein. Wenn Sie an einem Sonntag fahren, dann ist der Eintritt nur 1 Euro. Ich persönlich mag es besser als die Deutschen Museum.",50,"München, Deutschland",
Erlebnisdatum: Mai 2014,Liebhaber des Museums,"Man kann Stunden erkunden und nachdem ich all die Details verbringen. Skulpturen, die bis in das 15. Jahrhundert zurück und Gemälde, die mich wundere Daten.",50,,
Erlebnisdatum: August 2014,Verstecktes Juwel,"Wir mussten ziemlich beeilen um dieses Museum / Gallery wie wir nur eine Stunde vor Schließung, also nur die Oberfläche ankratzen kamen. Aber wir haben unser Ziel, dass die schöne Skulptur von Tilman Riemenschneider.Ich vermute, dass das Gebäude ""reservierten"" im Vergleich zu den Pinakothek; nicht viele Besucher dort, und es war ein bisschen schmuddelig und vernachlässigt. Aber trotzdem lohnt sich der Besuch (es ist nur durch das Englischer Garten).",40,"Peterborough, Vereinigtes Königreich",Reiseart: als Paar
Erlebnisdatum: August 2014,"Das wundervolle Objekte, schlecht geführt","Dieses wunderschöne Museum scheint kaum Besucher. Das ist wirklich eine Schande! Es hat eine wunderschöne Riemenschneider-Altären Holzschnitzereien und Meit Skulpturen sowie herrlichen Pottery alt und mehr aktuellen. Dieses Museum scheint sehr wenig Werbung, und das ist wirklich eine Schande. Es tut mir leid zu sehen wie ein Schatz nicht bekommen ausgesetzt wie viele andere Museen in der Stadt. Warum hat es so Jetlag hinter? Das ist sehr Un-german!",40,,Reiseart: allein
,Ein Muss,"Lohnt wirklich einen 2 Stunden besuchen. Es werde ich einen innen in einigen typischen Aspekte von Bayern aus Wohnzimmer zu Religion von Gebäude zu Dekorationen geben.Das Museum Gebäude selbst ist beeindruckend. Es ist gut über 150 Jahre alt und in der Zeit aufbauen, die bereits zweckmäßig. Dies hilft wirklich zu bringen, damit das Aussehen von einigen der alte Zimmer weil alle Holzverzierungen passte perfekt.Zugang zum Museum ist günstig und es ist gut möglich, dass die fast kostenlos am Sonntag.Im Cafe und Restaurant ist akribisch. Sehr modern. Vielleicht ein Besuch und Mittagessen Kombi?Genießen Sie es!",40,"De Steeg, Niederlande",
Erlebnisdatum: Mai 2014,Verpassen Sie nicht dieses Hotel ... eine echte Fundgrube verpassen,"Wirklich tolle und nur Eckfenster 1 Euro an einem Sonntag. Außergewöhnliche mittelalterliche Kunst, Möbel, Kostüme etc. Ein echter hingucker das Glas auf der obersten Etage war.Stellen Sie sicher, dass Sie nicht im Keller entweder verpassen. Viel zu sehen.Während eines der besten Museen in München überhaupt nicht voll. Die Straßenbahn hält in der Nähe. Ein Souvenirladen ist recht ungewöhnlich.",40,"Drummoyne, Australien",
Erlebnisdatum: April 2014,eines der besten Museen in München,"Es ist die zweite Deutsches Museum, die ich am meisten in München genossen. Obwohl es Sonntag war, wenn die Gebühr nur 1 Euro ist, gibt es einen sehr kleinen Besucher.Es hat einen beträchtlichen Sammlung von riesig Krippen, Möbel, Instrumente, Porzelan (Schach und Backgammon waren besonders interessant), Spielzeug, Teppichböden, Teile von Kirchen, Elfenbein, Waffen, etc.",50,"Zürich, Schweiz",Reiseart: mit Freunden
Erlebnisdatum: März 2014,Sie müssen den 'Audio Tour bekommen'.,"Gut ..... es zufällig einem verregneten Sonntag so die Gebühr nur 1 Euro. Die besten 1 Euro ich je verbracht habe. Ich skizziert, und nahmen Anmerkungen für 7 Stunden und war die meiste Zeit. Solche fabelhafte eklektischen Sammlungen und die 600 Stück aufwändigen Silver Dinner Service fast machte mich zum weinen! Der riesige Blackamoor Head (Chalice) in einem Feld vor ein paar Jahren fanden, war der Eintrittspreis wert war allein. Dann machte die Krippen, die sich auf das Thema von über hundert Figuren in einem allein fast erweitert werden mich sabbern Sie! Verpassen Sie nicht dieses Museum verpassen! ! ! !!",50,"Bristol, Virginia",Reiseart: allein
Erlebnisdatum: Dezember 2013,Super Collection,"Solch eine wahre Schatztruhe so viele verschiedene Sachen. Es war wunderschön eingerichtet, tolle religiöse Kunstobjekte aus dem zu den 1400 ern, Kleidung, Keramik und porcelien.",50,"Wien, Österreich",Reiseart: allein
,1 € Eintritt Sonntags!!  Großartiger verregneter Tag Aktivität,"Man sollte versuchen, hier am Sonntag, weil es viel besser ist. sollten Sie sich in die Audio Tour, da keiner der Beschilderung zu den anderen Sprachen (Englisch übersetzt ist inbegriffen).Ganz normales Museum Sachen, aber für € 1er es ein paar Stunden.",40,"Adelaide, Australien",
Erlebnisdatum: Oktober 2013,lohnt sich nicht,"Wenn Sie nur einen kurzen Aufenthalt in München haben, gibt es viele andere mehr interessante Orte als dieser Muzeum.Es gab keine englischen Übersetzung. Kann nicht verstehen. Es war so ruhig. Ich habe nur zwei andere Besucher während meiner Reise mit einem anderen Freund.Alles in allem waren die Displays nicht für mich sehr interessant.",20,"Kuala Lumpur, Malaysia",
Erlebnisdatum: Oktober 2013,Bayerische Lebensart,"Groß, gut organisierte Museum, dass es nicht das Potential erreicht. Es gibt nicht viele englische Schilder, wenn Sie nicht die Audiotour bekommt man ist verloren. Davon abgesehen, ist es eine gute Möglichkeit, etwas über bayerischen Geschichte zu lernen",40,"Rijeka, Kroatien",Reiseart: mit Freunden
Erlebnisdatum: August 2013,Ein geheimes Juwel,"Dies war mein Lieblingshotel in Museum in München. Es hat eine Fülle von wunderschön, handgefertigte bayerische Kunst. Wenn Sie exquisite Beispiele Hlzarbeiten, Porzellan ansehen, Silber, Neusilber, Glas, Interieur aus alten bayerischen Häuser, etc, dies ist das Museum für Sie. Die Sammlung von Möbeln mit tollen marketry und Intarsien war phänomenal. Ich bin ein riesiger Art Nouveau Buff Lodge und fanden das Glas. Ja, sind andere Kritiker richtig, dass es nicht eine Audio Guide Option ist. Das hat mich nicht gestört. Die Bayerisches Nationalmuseum hat schöne Objekte für Sie und für einen eigenen Merit schätzen zu besuchen. Ich verbrachte einen halben Tag zu würdigen die vielen Schätze und ich spreche fast null Deutsch. Nicht, dass meine besuchen? Absolut nicht. Einige der größeren Displays mit englischen Übersetzungen, aber die Deutsch schreiben-ups zeigen deutlich die Datum und Herkunft von einem Stück. Außerdem waren die Wachen freundlich und gerne bereit, Fragen zu beantworten. Was war traurig über mein Besuch war ich war wahrscheinlich eines der 10 andere Gäste. Ja, es war cool, das Gefühl, dass ich das ganze Palace of Art alleine. Aber es ist traurig, dass dies enorm Sammlung ist es nicht viele Leute. Es ist klar, sie leiden unter einem Mangel an Marketing.Bitte dieses Museum eine Chance bekommen, wenn Sie in München sind. Nein, es gibt keine alte oder neue Meister, aber es gibt eine Vielzahl von sehr frequentierteste ist bayerische Kunsthandwerker, die süße Kunstwerke wert Ihre Zeit geschaffen. Das Museum hat auch ein sehr schönes Restaurant mit schönem Garten sitzen und ein modernes Interieur Essbereich.",50,"Washington, D.C., District of Columbia",Reiseart: allein
Erlebnisdatum: September 2012,Tolle Ausstellungen fehlt aber Englisch,"Das Museum war ein toller Ort, um mit so vielen Ausstellungen, die es hätte eine Woche nehmen Sie alle von ihnen im Detail zu besuchen. Das einzige Problem von einem Reisenden Perspektive ist die sehr, sehr wenige Ausstellungen Englisch nachvollziehen. Dadurch war es etwas mühsam. als ich versuchte zu ermitteln, welche die neuer Technologie Displays waren Alternativrouten empfohlen. Aber alles in allem war es eine faszinierende Stadt zu besuchen sowie eine andere Perspektive auf Welt Veranstaltungen als Ihre eigenen.",40,"Nashville, Tennessee",Reiseart: geschäftlich
Erlebnisdatum: Oktober 2012,Tolles Museum,"Dies ist ein tolles Museum. Das Hotel ist riesig. Man kann leicht den ganzen Tag durch das Museum verbringen. Einige der Ausstellungen sind nur in Deutsch, aber trotzdem gut.",50,"München, Deutschland",Reiseart: als Paar
Erlebnisdatum: Mai 2013,Ein Tolles Museum,"Bei all meinen Besuchen in München, ich habe noch nie hatten einmal das bayerische Nationalmuseum gegangen. Auf dieser Reise habe ich einzulassen. Dies ist ein bemerkenswertes Museum, das ist eines der großen europäischen Museen gewidmet, bildender Kunst und Kulturgeschichte. Dieses Museum ist sehr gut gemacht und ist einladend, um Fotos zu machen. Ich würde auf jeden Fall wieder dieses Museum besuchen.",50,Texas,Reiseart: allein
Erlebnisdatum: Dezember 2012,"Größte Ausstellung von Weihnachtskrippen und bayerischen Möbeln, Folk Art etc.","Wir wichen in diesem Museum an einem regnerischen Dezember Tag, um sich die Ausstellung von Weihnachtskrippen und Kindergärten. Es ist eine gute Möglichkeit, die Bedeutung von Weihnachten erinnert werden. Es gibt auch viele Exponate der Möbel und volkstümliche Kunst im Zimmer gestaltet sich wie eine alte bayerische.",40,"Rowley, Massachusetts",Reiseart: mit Freunden
