date,title,text,rating,visitor_origin,visit
Erlebnisdatum: Februar 2020,Hervorragende La Traviata,"Ein enormer Opernabend - das verwoehnte Opernpublikum stimmte lautstark positiv mit Fuessen, Haenden und Bravorufen ab",50,"München, Deutschland",
Erlebnisdatum: Januar 2020,Wunderbar,Wir waren das erste mal da und sehr angenehm überrascht. eine sehr gute Akustik und eine große Bühne lassen hier große Oper oder andere Spiele zu. wir waren sehr zufrieden und kommen wieder,50,"Neustadt an der Weinstraße, Deutschland",
Erlebnisdatum: Dezember 2019,Einfach eine Klasse für sich,"Ich war 2019 jetzt das dritte Mal in der Oper. München ist einfach Klasse. Hervorragendes Ambiente, hervorragender Service und Betreuung. Preise für Erfrischungen moderat. Natürlich hochkarätige Besetzungen. Manko, Karten zu erschwinglichen Preisen eher schwierig. Überhaupt an",50,"Pfaffenhofen an der Glonn, Deutschland",
Erlebnisdatum: März 2019,Zeitlebende Erinnerung,"Freunde hatten uns einen Besuch in der bayerischen Staatsoper sehr ans Herz gelegt und in den höchsten Tönen davon geschwärmt, sie sei weltweit eine der führenden. Für das Ballett Onegin mussten wir uns Karten sehr lange im Voraus besorgen. Dieses erlebten wir dann als sehr",50,"Stuttgart, Deutschland",
Erlebnisdatum: Mai 2019,Ein Blick hinter die Kulissen,"Nicht jeder hat das Privileg, einen Blick hinter die Kulissen dieses Hauses werfen zu dürfen! Wir hatten dieses Glück an einer privaten Führung teilnehmen zu dürfen, und sind absolut geflasht, wie man auf Neudeutsch sagt ",50,"Dreieich, Deutschland",
Erlebnisdatum: Februar 2020,Hervorragende La Traviata,"Ein enormer Opernabend - das verwoehnte Opernpublikum stimmte lautstark positiv mit Fuessen, Haenden und Bravorufen ab",50,"München, Deutschland",
Erlebnisdatum: Januar 2020,Wunderbar,Wir waren das erste mal da und sehr angenehm überrascht. eine sehr gute Akustik und eine große Bühne lassen hier große Oper oder andere Spiele zu. wir waren sehr zufrieden und kommen wieder,50,"Neustadt an der Weinstraße, Deutschland",
Erlebnisdatum: Dezember 2019,Einfach eine Klasse für sich,"Ich war 2019 jetzt das dritte Mal in der Oper. München ist einfach Klasse. Hervorragendes Ambiente, hervorragender Service und Betreuung. Preise für Erfrischungen moderat. Natürlich hochkarätige Besetzungen. Manko, Karten zu erschwinglichen Preisen eher schwierig. Überhaupt an Tickets zu kommen ist eine Herausforderung. Kenner kaufen Stehkarten. Aber da muss man wissen welche.",50,"Pfaffenhofen an der Glonn, Deutschland",
Erlebnisdatum: März 2019,Zeitlebende Erinnerung,"Freunde hatten uns einen Besuch in der bayerischen Staatsoper sehr ans Herz gelegt und in den höchsten Tönen davon geschwärmt, sie sei weltweit eine der führenden. Für das Ballett Onegin mussten wir uns Karten sehr lange im Voraus besorgen. Dieses erlebten wir dann als sehr bewegend. Hinzu kommt innen und außen eine klassische und sehr einprägsame Einrichtung bzw. Architektur. Auch wenn die Ballettkarten viel kosteten waren wir uneingeschränkt zufrieden und werden den besonderen Abend zeitlebens in guter Erinnerung behalten!",50,"Stuttgart, Deutschland",Reiseart: allein
Erlebnisdatum: Mai 2019,Ein Blick hinter die Kulissen,"Nicht jeder hat das Privileg, einen Blick hinter die Kulissen dieses Hauses werfen zu dürfen! Wir hatten dieses Glück an einer privaten Führung teilnehmen zu dürfen, und sind absolut geflasht, wie man auf Neudeutsch sagt",50,"Dreieich, Deutschland",Reiseart: als Paar
Erlebnisdatum: Dezember 2017,Wunderbar!,"Wir haben hier an Silvester die Fledermaus angeschaut und waren total begeistert. Auch wenn man das Stück schon x-mal gesehen hat, machte sich im Nationaltheater besonders viel Spaß.",50,"Dießen am Ammersee, Deutschland",
Erlebnisdatum: Januar 2018,Prachtvoll ,Die Bayerische Staatsoper ist von Innen und Außen ein prachtvolles Gebäude. Leider haben wir es nur besichtigt und nicht im Zusammenhang mit einer Opernaufführung erlebt.,50,"Berlin, Deutschland",
Erlebnisdatum: Februar 2018,L´elisir d´amore,"Wir haben das Stück ""L´elisir d´amore"" gesehen was eine großartige Inszenierung war mit außergewöhnlichen Solisten. Das Bühnenbild war grandios. Das Gebäude ist wunderschön und sehr prunkvoll. Jede Etage hat seine eigene Garderobe, was sehr angenehm ist für die Jacken-Rückgabe.",50,"Leipzig, Deutschland",
Erlebnisdatum: Januar 2018,Ohne Brand kein Klenze-Tempel,"Das eigentlich Nationaltheater genannte Opernhaus Münchens genießt international einen hervorragenden Ruf,  verdient durch eine Reihe berühmter Intendanten sowie prominenter Dirigenten. Ursprünglich von Karl von Fischer für König Max I. Joseph (Maximilianstrasse!) erbaut,",50,"Düsseldorf, Deutschland",
Erlebnisdatum: Dezember 2017,Il trittico,"Wunderbare Vorstellung in einem der schönsten Opernhäuser Deutschlands. Die Sänger sind wunderbar, das Orchester phänomenal, der Dirigent hat alles sensibel in der Hand. Einziger Nachteil ist, dass man auf vielen Stehplätzen schlecht sieht und sich recken und strecken muss, um",40,"Köln, Deutschland",
Erlebnisdatum: Dezember 2017,Grandiose Oper mit exzellenten Aufführungen,Die Oper in München gehört sicher zu den schönsten der Welt. Für die technikinteressierten ist auch eine der Führungen empfehlenswert. Für den Opernliebhaber im DACH-Raum ist ein Besuch sozusagen Pflicht. Zuletzt sah ich Lucia di Lammermoor von Donizetti. Aufführung (viel Applaus) wie auch Ambiente (Schlendern in den Wandelhallen) sind immer wieder ein Erlebnis. Einziges Manko: Oft ausverkauft.,50,"München, Deutschland",
Erlebnisdatum: November 2017,Staatstragend!,"Großes geschichtsträchtiges Opernhaus mit einer riesigen Bühne. Teuer, wertvolles und sich sehr lohnendes Ambiente. Frühzeitig Karten buchen! Die Vorstellungen sind klasse. Es ist Toleranz gegenüber der Kleidung mancher Zuschauer zu üben ...",40,"Karlsruhe, Deutschland",Reiseart: geschäftlich
Erlebnisdatum: Oktober 2017,Cosi fan tutti,"Von Mozart! Eine traumhafte Aufführung die mich zu Tränen gerührt hat und zum Lachen! Das Opernhaus selber ist ein Traum, die Akustik Spitzenklasse! Schön ist es wenn die Besucher auch sehenswert sind! Zerrissene Jeans und Sweatshirt ist ein Unding und des Gesamterlebnisses unwürdig!!!",50,"Kempten, Deutschland",Reiseart: als Paar
Erlebnisdatum: Mai 2017,Gelungene Aufführung,Die Opern die im Nationaltheater aufgeführt werden sind gut inszeniert und rechtfertigen auf alle Fälle die hohen Kartenpreise. In den Pausen ist es sehr voll an den Essens- und Getränkeausgaben. Das Personal ist sehr bemüht und freundlich. Es lohnt sich also in eine Oper hier zu gehen. Um an die Karten zu kommen sollte man am besten bereits 2-3 Monate davor buchen.,50,"Allershausen, Deutschland",Reiseart: mit Freunden
Erlebnisdatum: Mai 2017,Nabucco,Sehr schickes Ambiente. Man sollte allerdings wieder Wert auf Anzugspflicht oder zumindest Sakko legen.Sweatshirt und Turnschuhe sind ein NOGO,50,"Mannheim, Deutschland",Reiseart: als Paar
Erlebnisdatum: Mai 2017,Herrlich!,"Jede Vorstellung, ob Oper oder Ballett die ich in der Bayerische Staatsoper besucht habe war wunderbar. Die Akteure sind stets von höchstem Rang und die Inszenierungen sehr gelungen. Bereits für 17 EUR kann man eine wunderschönen Ballettvorstellung erleben und das sehr prunkvoll elegante Flair des Hauses genießen...  Bei diesen günstigen Tickets empfiehlt es sich, lieber weiter weg aber dafür mittig zu sitzen, als am Rand.",50,"München, Deutschland",Reiseart: allein
Erlebnisdatum: März 2017,Hochgenuss bei Hochkultur,"Die Münchner Oper sucht ihresgleichen. Alle Inszenierungen, die ich bisher gesehen habe, waren begeisternd. Einmal hatte ich statt der Eintrittskarte den Überweisungsbeleg dabei. Selbst dafür gab es eine Lösung, tolle Leute.",50,"München, Deutschland",Reiseart: allein
Erlebnisdatum: Februar 2017,Sehr hohes Niveau in herrlichem Ambiente,"Das zweite Jahr in Folge das Ballettensemble genossen. Vor der Familienvorstellung gibt es eine halbstündige Kindereinführung. Kinder bekommen auf Nachfrage auch eine Sitzerhöhung. Die Plätze im ersten Rang sind völlig in Ordnung, wenn sie zentral gewählt werden. Unter den Solisten sind viele Russen. Das trägt sicher mit zum hohen Niveau bei. Für die Kinder (und auch die Erwachsenen) ist sicher das Ambiente ein Erlebnis, dass sie so ansonsten in Deutschland nicht geboten bekommen.",50,"Magdeburg, Deutschland",Reiseart: mit der Familie
Erlebnisdatum: Dezember 2016,Unvergesslicher Abend,"Ein beeindruckend schönes Opernhaus stimmt mit Foyer, Wandelhallen, kleinen Bars, nettem Servicepersonal auf einen hohen Kunstgenuss ein. Wenn man dann einen Abend mit Anna Netrebko genießen kann, gibt es kaum noch Steigerungsmöglichkeiten",50,"Chemnitz, Deutschland",Reiseart: als Paar
Erlebnisdatum: Dezember 2016,"Eins der besten, wenn nicht das beste Opernhaus Europas","Wir aind regelmäßige und freudige Operngänger und sind froh, dass wir in München leben. Für uns die Bayerische Staatsoper das beste Opernhaus Europas und wir sind viel gereist (Opera Bastille, Covent Garden, Wiener Staatsoper, La Scala etc) und das gilt sowohl für das Haus als auch die Künstler, das Orchester und den hervorragenden Chor. Zu den Räumlichkeiten: Das Foyer, die Stiege und die wunderschönen Wandelhallen sind von bestechender Schönheit und stimmen auf  einen gelungenen Abend ein. Die Gardrobieren sind wie alte Bekannte: immer freundlich und effizient. Die vielen kleinen Bars sind für einen Drink oder einen kleinen Snack gut. Ich liebe die kleinen Canapés, die sich seit meiner Kindheit nicht verändert  haben.Der Zuschauerraum ist nach dem Krieg wieder aufgebaut worden und ich mag die etwas reduzierte Opulenz sehr. Wenn möglich sitzen wir gerne in der Mittelloge (bester Blick, tolle Akustik und bequeme Sessel) oder in den Reihen 11-13 im Parkett. Zu den Vorstellungen: Es wird ja viel über die ""zu modernen"" Inszenierungen gestritten aber mir gefallen sie meistens und ich empfinde die verstaubten Kostüminszenierungen als fad aber jeder hat andere Ansprüche.Künstlerisch ist die Bayerische Staatsoper absolute Spitze. Ob Weltstars wie Anna Netrebko, Diana Damrau, Jonas Kaufmann oder ""Stammkünstler"" wie Anja Harteros, Pavol Breslik, Christian Gerharer, das Niveau ist immer exzellent. Besonders hervorzuheben ist der Chor der Bayerischen Staatsoper. Was für ein Ensemble. Gerade in ""Choropern"" wie Boitos Mefistofeles möchte man, dass der Chor nie aufhört zu singen... Das Orchester und Petrenko ist Weltklasse.",50,"München, Deutschland",Reiseart: als Paar
Erlebnisdatum: November 2016,Grandios,"Traumhaft schöne Oper....schönes Gebäude ....von innen, sowie von draußen....ein Hochgenuss..gute Aufführungen..",50,"München, Deutschland",Reiseart: mit Freunden
Erlebnisdatum: August 2016,Top Genuß,"Wir sind regelmäßig hier zu Aufführungen. Die Qualität der Stücke und Darsteller ist stets hoch. Es empfiehlt sich im Zweifel, eine Kategorie höher zu wählen. Wir sitzen gerne im Parkett möglichst weit vorne.",50,"Landshut, Deutschland",Reiseart: als Paar
Erlebnisdatum: Februar 2016,"gute Aufführungen, gute Besetzungen, allerdings zu hohen Preisen","Ein Abend im Nationaltheater ist (fast) Immer ein schönes Erlebnis. Die Staatsoper ist wunderschön, die Atmosphäre festlich, und die Musik meistens bemerkenswert. Allerdings muss man recht tief in die Tasche greifen, um einen passablen Platz zu erhalten. Hier sind die Opern in Berlin oder Hamburg deutlich günstiger!",40,"Hamburg, Deutschland",
Erlebnisdatum: Juni 2016,Immer wieder ein Genuss ,Das Gebäude ist imposant und jeder Event ein Genuss! Vor und / nach der Vorstellung noch in ein schönes Restaurant oder Bar - das wird immer ein toller Abend!,50,"München, Deutschland",Reiseart: mit Freunden
Erlebnisdatum: April 2016,Ein beeindruckener Bau,"Innen wie außen imposant, klassisch traditionell. Leider, wie in den meisten Opernhäusern und Theatern, recht unbequehme Sitze. Es muß doch möglich sein, bezahlbare Sitze zu finden, in denen man auch 3 Stunden Vorführung aushalten kann ohne nachher Rückenübungen machen zu müssen.Dennoch, ein sehr gutes Haus.",40,"Wuppertal, Deutschland",Reiseart: als Paar
Erlebnisdatum: März 2016,Immer wieder beeindruckend,"Am Osterwochenende waren wir in Turandot und es war wieder einmal ein gelungener Abend mit beeindruckenden Bühnenbildern, kreativer Inszenierung und einer herausragenden Besetzung.",50,"Nürnberg, Deutschland",Reiseart: mit Freunden
Erlebnisdatum: Oktober 2015,Große Leistung in einer tollen Umgebung.,Wir sahen eine tolle Veranstaltung mit Jonas Kaufmann. Die Atmosphäre ist fantastisch und die Leistungen sind wirklich Weltklasse. Wir werden dies wieder zu besuchen.,50,"Berlin, Deutschland",Reiseart: mit Freunden
Erlebnisdatum: Oktober 2015,Ein wunderbares Erlebnis,"Als Dauergast in der Oper erlebe ich jedesmal wieder herausragende Aufführungen, sei es Oper oder Ballett. Zur Zeit ist Mozarts Entführung aus dem Serail und Puschkins/ Crankos Onegin u.a. auf dem Spielplan. Die Kostüme sind herrlich und Lucia Lacarra mit Marlon Dino einfach göttlich. Die Tickets können auch online bestellt und ausgedruckt werden, das MVV Ticket ist sogar inklusive.",50,"Passau, Deutschland",
Erlebnisdatum: April 2015,Eines der besten Opernhäuser Deutschlands,"Das Münchner Nationaltheater beherbergt mit der Bayerischen Staatsoper schon seit vielen Jahrzehnten einen herausragenden Musiktheaterbetrieb, der von der Oper für Kinder bis zum glanzvollen Abend mit solistischen Weltstars alles zu bieten hat. Die Akustik mag zwar in anderen Häusern, wie z.B. in der Dresdner Semperoper, besser sein, aber das künstlerische Niveau ist zweifellos weit überdurchschnittlich. Hinzu kommt, dass die Preise auch für die besten Karten vergleichsweise moderat sind. Auch wenn ich die Wiener Staatsoper für das weltweite Non-Plus-Ultra halte, kann ich doch auch das Münchner Haus nur wärmstens empfehlen.",40,"Ruhpolding, Deutschland",Reiseart: allein
Erlebnisdatum: Februar 2015,Romeo und Julia Ballett,"Es war einfach Traumhaft. Man kommt in die Oper und schon beginnt man sich in einer anderen Welt zu fühlen. Wir waren bisher noch nicht in so vielen Opernhäusern. Der Funke ist übergesprungen und das Ballett hat uns in seinen Bann gezogen. Wir waren bei der Familienvorstellung, die erheblich günstiger für Jugendliche ist als die reguläre Vorstellung. Wir werden wieder gehen.",50,"Essingen, Deutschland",Reiseart: mit der Familie
Erlebnisdatum: Juli 2015,Weltklasse Haus,"wunderschönes Haus, gossartiges Esemble, sehr sehr freundliches Personal.Fúr uns ein unvergessliches Opernerlebnis.",50,"Lleida, Spanien",Reiseart: als Paar
Erlebnisdatum: Mai 2015,Immer wieder ein Erlebnis ,"Die bayerische Staatsoper gehört zu den ersten Opernhäusern weltweit. Ein wunderbares Ambiente und großartige Aufführungen. Nur ganz ganz selten kommt es vor, dass ein Sänger einmal nicht voll überzeugt. Aber ist das nicht auch menschlich?Neben den sichtbaren und hörbaren Künstlern möchte ich aber auch all die hervorheben, ohne die ein so gewaltiger  ""Apparat"" nicht so reibungslos perfekt funktionieren könnte. Immerhin hat die Staatsoper ca 900 Beschäftigte, die Tag für Tag ihre Leistung erbringen. Hervorzuheben auch die Freundlichkeit des Personals beim Kartenverkauf. Als Rollstuhlfahrer möchte ich auch danken, dass ""Behinderte"" so gut an den Vorstellungen teilnehmen können. Ein kleiner Vorschlag jedoch dazu:Wie schön wäre es, im Sommer auch in der Pause unter das Eingangsportal rollen zu können. Nur zwei Stufen müssten überwunden werden. Hier sollte sich seitlich eine kleine Rampe machbar sein?Und nun freue ich mich auf viele weitere Vorstellungen.",50,,
Erlebnisdatum: Mai 2015,Eines der schönsten Opernhäuser in Deutschland,"Das Haus an sich besticht durch sein schönes Ambiente im Zuschauerraum und in den Foyers. Hervorzuheben sind allerdings die Spitzenaufführungen im Weltklasseformat und mit Weltklassesängern! Wir haben ""La forza del destino"" mit Kaufmann und Harteros gesehen und waren begeistert. Einziger  Wermuthstropfen: die Karten sind extrem schwer zu bekommen!",50,Gingen,Reiseart: als Paar
,Jeder kann sich Oper leisten,Orchester von Weltrang. Subventionierte Karten. Für Einsteiger gängige Opern.  Ballett Aufführungen wunderbar inszeniert.  Selbst Kinder gehen dort gerne hin.,50,"München, Deutschland",
Erlebnisdatum: Februar 2015,5 Tipps für den Besuch der Bayerischen Staatsoper,"Tipp Nr. 1: Der richtige Zeitpunkt.Suchen Sie sich zu Beginn der Spielzeit ihre Wunschvorstellungen und -termine aus und buchen Sie die Tickets online.Tipp Nr. 2: Die richtigen Plätze.Balkon 1. Reihe (Kategorie 1) // 1. Rang 1. Reihe (Kategorie 2) // 2. Rang 1. Reihe // kein dritter Rang! Keine Stehplätze // MittelplätzeSchreiben Sie Ihre Wünsche möglichst genau in das online-Formular. Mit Prioritäten.Tipp Nr. 3: Die Karten kommen!Sobald der Vorverkauf beginnt, bekommen Sie die Karten zugeschickt. Diese können Sie noch zurückgeben, wenn Sie nicht einverstanden sind. Ansonsten bezahlen Sie per Kreditkarte oder Lastschrift. Ganz einfach.Tipp Nr. 4: Die Pause Die Getränke für die Pause bestellen und bezahlen Sie im voraus. Probieren Sie auch mal das Essen vom Käfer aus. Die Nudeln mit Garnelen sind lecker und machen satt.Tipp Nr. 5: Die richtige EinstellungSeien Sie nicht zu kritisch mit den Darstellern, dem Haus, dem Service und mich sich selbst. Freuen Sie sich darüber, dass Sie das Geld für die Karten haben, gesund genug sind, um die Oper zu besuchen, und wenn Sie dann noch in lieber Begleitung sind, na, dann steht einem wunderbaren Abend nichts im Wege.",50,"München, Deutschland",Reiseart: mit Freunden
Erlebnisdatum: November 2014,Eine andere Welt!,"Zum ersten Mal in der Staatsoper wo meine Oma, mein Paps und Tante schon aufgetreten sind war einfach nur atemraubend. Nicht nur ist die Staatsoper an sich einfach nur beeindruckend mit den Engeln, und Kristalleuchter und goldenen Elementen und Stuck und und und, sondern auch was für eine Maschine diese Bühne ist. Die vielen Bühnen die ein und ausgefahren werden, ich kam aus dem Staunen nicht mehr heraus.Meine Tante hat mich zu Nabucco eingeladen und es war super, das Orchester als auch die Darsteller. Ich bin leider ein kleiner Zappelpeter und ich bin froh das es eine kürzere Oper war, denn mein Pöpös tat mir am ende schon gut weh.Käfer ist für die Snacks zuständig, was sich an Geschmack und Preis/Leistung leider sehr widerspiegelt. Ich weiss nicht was alle an Käfer finden. Die Qualität mag top sein aber ich finde es schmeckt null-8-15. das ist aber auch das einzigste Negative das ich zu melden habe :)",50,,Reiseart: mit der Familie
Erlebnisdatum: Juni 2014,Beeindruckend,"Als Besucher der Staatsoper fällt einem nur das Wort Beeindruckend ein, wenn man das Nationaltheater betritt. Hier erlebt man ein Orchester und Solisten auf Weltniveau!",50,"Bayern, Deutschland",Reiseart: mit Freunden
Erlebnisdatum: Juli 2014,Einer der Lieblingsorte in München,"Von Aussen Mächtig, von Innen verspielt. Ein Lieblingsort in München. Die Aufführungen sin Weltspitze. Das Staatsorchester mit seinen einmaligen Klang hört man aus hunderten Orchestern heraus. Sei es Wagner - Mozart oder Strauss, immer ist der kleine Unterschied dabei, welcher diesen Klangkörper zum Ereigniss macht.Aber Aufgepasst die Karten rechtzeitig reservieren, sonst findet man sich unter den vielen, vielen Leuten mit einem Schild""Karte gesucht"" wieder.",50,"München, Deutschland",Reiseart: mit Freunden
Erlebnisdatum: Juni 2014,Wunderbare Atmosphäre!,"Wir waren zweimal in der Bayerischen Staatsoper und haben zwei fantastische italienische Opern ""erlebt""! Die Atmosphäre im prunkvollen Saal ist wunderbar! Der Aufpreis für die Plätze in den vorderen 10 Reihen lohnt sich 100%! Das Erlebnis ist garantiert!!",50,"Zürich, Schweiz",Reiseart: mit der Familie
Erlebnisdatum: Mai 2014,Die Soldaten,"Musiktheater von Weltrang.Sehr informativer Einführungsvortrag.Diese ""nicht aufführbare"" Oper funktioniert also doch.Ich werde im Herbst wieder versuchen ,eine der raren Karten zu ergattern.",50,"Wolfratshausen, Deutschland",Reiseart: allein
Erlebnisdatum: März 2014,Bravissimo,"München spielt in der absoluten Weltspitze mit. Und das 300 Tage im Jahr. Seltene Opernbesucher mit 'klassischen' Bildern im Kopf, mögen hier manchmal eine Überraschung erleben, denn die Inszenierungen entsprechen selten dem Klischee. Dabei gelingen oft überragende Aufführungen - na ja, und ganz gelegentlich geht es mal daneben: Aber selbst dann war es zumindest spannend und musikalisch top.",50,"München, Deutschland",Reiseart: geschäftlich
Erlebnisdatum: Januar 2014,klassisch schön,"Die bayerische Staatsoper zeigt ich von Außen in einem klassischen Gebäude und verzaubert ihre Zuschauer durch ein tolles Interieur. Schön rot sind die Vorhänge, Sitzplätze und Wände. Vor der Aufführung wird der große Lüster in die Decke gezogen (und ja, auch heute noch fasziniert das nicht nur die Kleinkinder) und es beginnt. Was? Ein toller Abend, oft mit ser modernen Inszenierungen (ja, da kann auch mal ein Dinosaurier auf der Bühne erscheinen und trotzdem ins Bild passen)Ich hab es noch nie bereut! Aber schön wäre es, wenn die Damentoiletten ENDLICH mal renoviert und vergrößert werden können!",50,"Hamburg, Deutschland",Reiseart: mit Freunden
Erlebnisdatum: Januar 2014,Internationaler Flair in Residenzstadt München,"Das Nationaltheater (Bayerische Staatsoper) ist das größte derzeit in Deutschland existierende Opernhaus (bis die Hamburger endlich mal fertig werden!?). Der EIngang durch die Kollonaden ist schon beeindruckend. Innen ist es dann leider etwas verwinkelt und wenig übersichtlich. Die Garderobe ist schwer zu finden, aber dann wenigstens gratis. Die Bestuhlung ist ok. Es gibt bequemeres... Die eigentliche Sensation sind die Sängerinnen und Sänger und das hervorragende Orchester. Ich wurde noch nie enttäuscht. Verdis ""la forza del destino"" war ein Genuß trotz des etwas martialisch anmutenden Bühnenbildes. Das Münchner Opernhaus ist immer einen Besuch wert, wenn es natürlich auch nicht gerade billig ist. Aber Kultur kostet halt....",40,"Bratislava, Slowakei",Reiseart: mit Freunden
Erlebnisdatum: Januar 2014,Angehem,"Es herrschte eine sehr angenehme Atmosphäre,  jedoch haette ich mir ein wenig mehr leistung fuer den preis erwartet. Die saenger haben nicht ihr allerbestes gegeben. Jedoch gilt diese veranstaltung immer och als ueberdurchschnittlich gut in meinen augen.",40,"Frankfurt am Main, Deutschland",
Erlebnisdatum: Januar 2014,Backstage-Führung empfohlen!,"Der Zuschauerraum ist für sich schon eine Wucht, die Qualität der Aufführungen sind bekanntlich vom Besten, was in Deutschland geboten wird (""wir sahen ""Nussknacker-Ballett"" und ""Verdis ""Macht des Schicksals"". Aber die ca. 1,5-stündige Führung im Anschluss ""hinter dem Vorhang"" eröffnete Einblicke und Einsichten in eine Welt, die einem sonst verschlossen bleibt, die zu verstehen aber auch hilft, das Geschehen auf der Bühne richtig einzuordnen. Großes Lob der kundigen und redegewandten Führerin!",50,"Freiburg, Deutschland",Reiseart: als Paar
Erlebnisdatum: Dezember 2013,Schein und Sein,"Die Fassade zum Platz beeindruckt durch sehr gelungene klassizistische Proportionen - von hier die schönste der großen Opern in Deutschland; die Fassade zur Straße erscheint weniger einladend, eher abweisend finster.Innen ist die Oper ""verbastelt"", kleinteilig, sehr unübersichtlich und z.T. unnötig eng, wenn man die Größe des Gebäudes bedenkt. Der Saal gehört lange nicht zu den größten in Deutschland, dennoch passen nominell die meisten Menschen hinnein. Die sich ergebenden Nachteile liegen auf der Hand. Ich habe in dutzenden Theatern gesessen, aber abgesehen von Bad Lauchstädt (Holzänke mit sehr niedrigen Lehnen) und der Arena di Verona (Metallklappstühle für Zwerge), nie mit solchen Qualen für meinen Rücken. Auch gibt es wohl viele Plätze mit schlechter oder ohne Sicht. Dies ist beim Katenkauf zu bedenken. Hinten seitlich im Parkett hört man das Orchester scheinbar von der Seite, die Sänger aber von der Bühne. Daran kann man sich vielleicht gewöhnen, ich jedenfalls nicht. Die Akustik war abgesehen von den Irritationen (wohl bedingt durch den ""Hufeisengrundriss"")  vergleichsweise gut, gehört aber sicher nicht zur Spitze.Der Saal wirkt oppulent, für eine Oper aus konservatoiver Sicht hoch angemessen, scheint mir aber eine 50er-Jahre-Idee vom Klassizismus mit einem leicht barocken Einschag zu sein. Ob das dem historischen Original entspricht weis ich aber nicht. Dennoch - hüpsch anzusehen. Dass man die Toiletten von einem Keller-Raum betritt, in dem in der Pause gegessen und getrunken wird hat mich gewundert.Das Publikum ist hier im Schnitt teuerer angezogen, aber nicht besser als anderswo. Wir waren zu einer Premiere dort. In erlauschten Gesprächsfetzen fiel mir eine doch überraschende Kulturferne einiger Gäste auf. Das Haus ist für moderne Inszenierungen bekannt, die offenbar nur von einem Bruchteil der Zielgruppe goutiert werden. Scheinbar sorgen die oft oppulenten Besetzungen für die hohe Nachfrage.An diesem Abend gab es z.T. herrausragende Leistungen zu hören. Das Publikum zeigte lautstarke Begeistrung, aber für mich ob des gebotenen irritierend kurz. Ich meine die Sängerinnen und Sänger  hätten da mehr Anerkennung verdient! Noch in der ersten Phase setzte in Teilen eine fluchtartige Saalentleerung ein, fast als gäbe es irgendwo Freibier. Der Service war, soweit wir Kontakt hatten, sehr durchwachsen. Ein Drittel war etwas uninformiert, aber freundlich, ein Drittel informiert, aber etwas distanziert und ein Drittel extrem unfreundlich, ja ungehörig !!!!!Durch Orchester und Besetzung war das Potenzial für einen wirklich großen Abend gegeben, durch die uns nicht erreichende Inszenierung, störend zahlreiche Umbaupausen und einige der beschriebenen Unbillen des Hauses hat es leider ""nur"" zu einem sehr schönen gereicht, wennauch mit stimmlich wunderbaren Eindrücken (Harteros *****, Kaufmann ****, u.a.). Ob der vergleichbar hohen Preise würde wir erneut eher nur wegen bestimmter Besetzungen wiederkommen.",30,"Berlin, Deutschland",Reiseart: als Paar
Erlebnisdatum: Mai 2013,Wenn irgend möglich....,....ist ein Opern- oder Ballettabend in der wunderschönen Staatsoper sicherlich ein Highlight bei einem Besuch in München. Frühzeitiges Reservieren der Tickets ist Voraussetzung - aber zahlt sich aus!,50,"München, Deutschland",Reiseart: mit der Familie
Erlebnisdatum: Februar 2013,Opernhaus Besuch hinter den Kulissen,"Die Bayer. Staatsoper bietet Hausführungen an, man erfährt alles über die Arbeit an der Oper, Schneiderei, Kulissen und je nach Spielplan ist auch ein Besuch auf der Bühne möglich. Anmeldungen erforderlich, erfragen bei der Tageskasse an der Oper",30,"München, Deutschland",Reiseart: allein
Erlebnisdatum: Juli 2013,Unvergesslicher Abend,"Ich bekam Karten für Fallstaff zum Geburtstag geschenkt und es war ein absolutes Erlebnis, das man so nicht schnell vergessen wird. Ich komme sehr gerne wieder.",50,Düsseldorf,Reiseart: als Paar
Erlebnisdatum: Februar 2013,Prunkvoll und groß,"Ein tolles Gebäude von außen wie von Innen. Wir hatten Karten ganz oben mit einem tollen Blick in den gesamten Saal, großartig. Herrliche Akustik und eine tolle Atmosphäre.",50,"Düsseldorf, Deutschland",Reiseart: als Paar
Erlebnisdatum: Dezember 2012,Beeindruckend,"Ich war das erste Mal und bin wirklich beeindruckt: Schon das tolle Ambiente ist es wert, eine Vorstellung zu besuchen. Aber dann mit Vittorio Griglio in La Bohème war für mich das Sahnehäubchen.",50,Köfering,Reiseart: mit Freunden
Erlebnisdatum: Mai 2013,Hoffmanns Erzählungen,"Ein traumhaftes Opernhaus. Die Inszenierung war überzeugend. Hingegen war die Stimme des Tenors in der Titelrolle schwach, konnte er kaum mit Orchester und Chor mithalten. Die weiblichen Rollen sowie der Chor hingegen haben überzeugt. Das Orchester lies keine Wünsche offen.",30,Bern,Reiseart: als Paar
Erlebnisdatum: März 2013,Hohes Niveau mit Tradition !,"Seit jeher gehört die Staatsoper in München zu den führenden Opernhäusern Europas. Kaum ein Opernwerk der großen Opernkomponisten, das hier nicht aufgeführt wurde und wenn man Richard Strauss, Mozart, Wagner oder auch Opern aus dem modernen Repertoire mit Niveaubesuchen möchte ist man hier richtig. Die spezielle Athmosphäre der Besucher, die feine aber auch deutlich selbstbewußte Ausstrahlung der einheimischen bayerischen Opernbesucher gibt dem Opernpublikum neben die spezielle lokale Note, wie sie zwischen Salzburg und Bayreuth so ziemlich speziell dasteht und neben der internationalen Besucher Klientel genießend und sich behauptend zeigt. Natürlich hat sich auch das traditionelle Publikum inzwischen an die Modernisierungen der Inszenierungen gewöhnen müssen und in so manchen Gesprächen in den Aufführungspausen bekommt man den rhethorischen Walkürenritt in den Argumentationenzwischen begründetem Gefallen und hinterfragenden Zweifeln mit, wenn sich die Gäste bei ihremVanillieeis mit heißem Himbeer Guß darüber geschmäcklerisch ergehen um gleich wieder in denzweiten Teil des Operngeschehens einzutauchen. Und ein Blick von den Balkonen hinunter auf denMax Joseph Platz ist doch schon alleine unvergesslich und dann erst die hohe Qualität der Szenisch Musikalischen Aufführungen ! Gönnen Sie sich das !",50,"Berlin, Deutschland",Reiseart: mit Freunden
Erlebnisdatum: April 2013,Helden,"Die Bayerische Staatsoper hat ein erstklassiges Programm, hohen musikalischen Standard und ist perfekt (!) organisiert. Der beste online Auftritt, die einfachste Kartenbestellung von allen Opernhäusern weltweit. Das ist keine Übertreibung.Und wenn eine Baustelle vor dem Haus ist, schreibt die Oper einem vor dem Besuch einen freundlichen Brief und gibt Hinweise zur Anfahrt. DAS ist Service.Die Pausen Drinks sind kalt, der Service schnell...also, hier ist jeder Besuch ein großer Genuss. Und die Inszenierungen sind niegefällig sondern immer anspruchsvoll. Hingehen!!!",50,Berlin,Reiseart: geschäftlich
Erlebnisdatum: Mai 2013,Oper Elesir damore,"man muss damit anfangen, dass ich dieses Oper schon einige Male gehoert habe. und ich habe ehrlich gesagt keine besondere Erwartungen gehabt, es war bloss die einzig moegliche Variante an diesem Wochenende ins Oper zu gehen .aber das war so ein supertoller Erlebnis!!! die ganz neue Auffuehrung, sehr modern, frisch und so schoen gemacht, dass man ganz enttaeuscht bemerkt dass es schon das Ende ist))) ausserdem was das Theater selbst anbetrifft, so alles ist sehr gut organisiert (Garderobe, Cafe, ein kleines Suvenierladen usw) das Publikum  ist sehr anstaendig, es hat mich sehr gefreut, dass es sehr viele Kinder gab. so ich habe einen wunderschoehnen Abend im Muenchen verbracht. sehr sehr empfehlenswert!",50,,Reiseart: als Paar
Erlebnisdatum: Februar 2013,Immer ein Erlebnis,"Ein Opernhaus 1. Klasse. Wir gehen häufig in die Staatsoper. Gefallen auch nicht immer die Inszenierungen, so ist die Qualität der Künstlerinnen und Künstler meist immer hervorragend. Ein Schatz ist sicher das Bayerische Staatsorchester, wenn der richtige Dirigent vorsteht. Zuschauerraum und Foyer wirken erhaben und unterstreichen den Eindruck eines großen Opernhauses.Karten sollte man immer sehr zeitig reservieren. Auch keine Garantie, aber man kann auch Glück haben...",50,"München, Deutschland",Reiseart: mit Freunden
Erlebnisdatum: November 2012,Eines der Top Opernhäuser in Europa,Sehr schöner Saal mit hervorragender Akustik. In der Regel erlebt man Sänger die auch an den anderen großen Bühnen der Welt zu finden sind. Das Orchester war hochmotiviert und folgte den Wünschen des Dirigenten stets aufmerksam. Die Pausenbewirtung im Keller ist sicher verbesserungsfähig.,50,"Frankfurt am Main, Deutschland",Reiseart: als Paar
Erlebnisdatum: Oktober 2012,Perfekter Opernabend,"Ich erlebte eine Vorstellung von Tosca mit Jonas Kaufmann. Das war ein großartiges Erlebnis. Die Anreise aus Hamburg hat sich gelohnt. Ich werde gerne wieder nach München reisen, um mir im Nationaltheater weitere Vorstellungen anzusehen. Ich freue mich, dass im Verdi-Jahr 2013 lt. Programmvorschau eine Troubadour-Premiere ansteht.",50,Elmshorn,Reiseart: allein
Erlebnisdatum: Januar 2012,Klassische Aufführungen im klassischen Gebäude,"Schönes Gebäude im griechischen Stil und tolle Aufführungen in meist klassischer Aufführung, sehr schön. Auch ein anderes Publikum als z.B. in der Oper am Gärtnerplatz (wo meist modernere Aufführungen gezeigt werden). Für liebhaber der old-style-Oper :-)Tolle Stehplätze für wenig Geld sind auch zu haben, gerade für kurze Opern bis 3 Stunden oder ""Experimente"" eine prima Altrnative.",50,"München, Deutschland",
Erlebnisdatum: Januar 2012,Ein schöns Haus mit gutem Programm,Die Bayerische Staatsoper ist ein klassizistischer Staatsbau im Herzen der Münchner Altstadt. Regelmäßig werden Aufführen auf hohem Niveau gezeigt. Sowohl Oper als auch Ballett sind gut besetzt und abwechslungsreich. Klassische Aufführen durch moderne Inszenierungen abgewechselt und das alles in einem wunderschön renovierten Haus welches sehr Prachtvoll ist und viel Glanz und Glamour ausstrahlt. Nicht so Exklusiv wie vergleichbare Häuser dieser Größe in Mailand oder Paris aber immerhin ein herausstehendes Haus im deutschsprachigen Raum.,40,München,Reiseart: als Paar
Erlebnisdatum: April 2012,Parsifal zu Ostern,"Die Bayerische Staatsoper zu besuchen ist schon an sich ein Erlebnis! Es ist wirklich schon von der Grösse des Zuschauerraums beieindruckend! Parsifal zu Ostern ist natüirlich ein Erlebnis an sich, tolle Besetzung, sehr interessante Inszenierung. Musikalisch sehr gut. 1 Woche vor der Vorstellung über das Internet noch gute Karten bekommen und spontan hingefahren!",50,"Straßburg, Frankreich",Reiseart: als Paar
Erlebnisdatum: April 2012,Klassische Eleganz,"Die Münchner Oper bietet einem grundsätzlich immer den Anlass die viel zu selten getragene Abendgarderobe auszuführen. Leider sieht  man auch immer öfter Blue-jeans und unpassende Oberteile dazu - dies nicht nur an jungen Menschen/Studenten.... Auch Smokings sind leider etwas rar geworden (ausgenommen Silvester). Trotzdem lohnt sich immer wieder ein Opernbesuch. In der Pause wird man (ich meine im 2. Stock) zum Flanieren eingeladen... Wer einen Sekt oder einen Snack in der Pause zu sich nehmen möchte, sollte sich zu Pausenbeginn beeilen. Die Schlangen sind schnell sehr, sehr lang...",40,"München, Deutschland",
Erlebnisdatum: März 2012,Traditionshaus mit hervorragendem Ensemble und Atmosphäre,"Die Bayerische Staatsoper ist für mich immer ein kulturelles Highlight und ein wirklicher Genuss. Die Inszenierungen haben mich mit ganz wenigen Ausnahmen immer überzeugt, die Atmosphäre dazu im Nationaltheater ist sehr gediegen und elegant, so wie ich es bei einem Opernbesuch schätze. Auch versucht man aktiv, junge Menschen für die Oper zu begeistern (Programm ""Junges Publikum"") und bietet rund um die Staatsoper zahlreiche Informationen und Veranstaltungen an. Institutionen wie diese sind der Grund, weshalb ich so gerne in München lebe!",50,"München, Deutschland",
,Ein wunderbares Gebäude,"Die Bayerische Staatsoper ist das größte Opernhaus Deutschlands. Sie blickt auf 350 Jahre Operntradition zurück. Seit 1523 sind immer wieder bedeutende Dirigenten im Haus. 4 Meisterwerke Richard Wagners wurden in den Jahren 1865 - 1870 uraufgeführt. Seit 1875 gibt es Opernfestspiele. Auf dem Platz vor der Oper gibt es im Sommer vier Wochen lang ""Oper für Alle"".",50,"Pfaffenhofen an der Ilm, Deutschland",
Erlebnisdatum: Juli 2011,Ein Haus mit Tradition!,"Die Bayerische Staatsoper kann auf eine lange Geschichte zurückblicken. Der Kurfürst Ferdinand Maria (der auch Schloss Nymphenburg und die Theatinerkirche bauen ließ) errichtete im 17. Jahrhundert im Herkulessaal der Residenz ein Saaltheater, in dem vor der Hofgesellschaft die ersten italienischen Operndarstellungen inszeniert wurden. 1818 erhielt das Opern-Ensemble mit dem neu errichteten Nationaltheater am Max-Joseph-Platz ein neues Zuhause, bis heute das größte Opernhaus Deutschlands.",50,"Essen, Deutschland",
,Der Kunde als unerwünschtes Übel,"Meine Frau und ich hatten jahrelang ein Abonnement. Aufgrund einer Urlaubsbuchung wollte ich ein halbes Jahr im Voraus eine der Veranstaltungen, die in der betreffenden Woche mehrfach aufgeführt wurde, umbuchen.  Dies war die erste Umbuchung, die ich vornehmen wollte und mir war klar, dass etwas Kulanz erforderlich sein würde. Kulanz und Service sind allerdings Fremdworte für dieses Unternehmen. Mir wurde von einem ziemlich unfreundlichen Mitarbeiter an der Kasse mitgeteilt, dass die Umbuchung etwa 130 € pro Person kostet und noch nicht er dafür noch nicht einmal die Qualität der Plätze sichern kann. Mein Unverständnis über dieses Verhalten wurde mit einem Verweis auf die Vertragsbedingungen kommentiert, woraufhin ich mich entschloss an Ort und Stelle zu kündigen. Ich habe nie mehr etwas von dem Unternehmen gehört. Wer so mit seinen Kunden umgeht hat sie nicht verdient.",10,München,
Erlebnisdatum: Mai 2011,Wunderschöne alte Oper,"Für mich eines der schönsten deutschen Opernhäuser. Zentral gelegen, ist die Staatsoper verkehrstechnisch sehr gut angebunden. Schon von außen ist das Haus beeindruckend, aber der wahre Charme entfaltet sich erst im Innern. Herrschaftlich und etwas einschüchternd, ist man sogleich beeindruckend. Ein besonderes Highlight im Opernsaal ist der riesige Kronleuchter. Auch das Opernprogramm ist dem Hause angemessen, wenn man nicht nur das Haus besichtigen, sondern auch eine Vorstellung sehen möchte. Schon das wunderschön aufgearbeitete Opernheftchen lässt auf die Liebe zum Detail schließen.",50,"Köln, Deutschland",
Erlebnisdatum: November 2011,Fantastisches Opernerlebnis,wir hatten in der Vorweihnachtszeit für meine Tochter und mich Karten für die Zauberflöte in der Jugendvorstellung genutzt. Der Abend begann damit - das alle gebuchten Jugendlichen (3 Euro) 45 min vor Vorstellungbeginn eingelassen wurden und eine Einführung in die Oper von Darstellern bekamen. Anschliessend ging es dann in den Opernsaal - wir hatten Plätze in der 4 Reihe Mitte - für Kinder empfehle ich ein Kissen an der Gaderobe zu leihen. Das Openhaus als solches glänzt mit beindruckender barocker Pracht - in den Pausen gibt es grosse Bereiche für Getränke und Speisen -  ParkMöglichkeiten gibt es direkt vor der Tür - insgesamt ein tolles Erlebenis für meine Tochter,40,"Neuss, Deutschland",
,Großartiges Opernhaus,"Dies gilt sowohl für die Aufführungen als auch für die Architektur und die Ausstattung. Künstler von Weltruf sind hier zu sehen begleitet von einem hervorragenden Orchester. Da die Vorstellungen häufig schnell ausverkauft sind, sollte man wenigsten versuchen bei einer der fast täglich stattfindenden Führung dabei zu sein. Karten im Internet, es lohnt sich.",50,"Ebersberg, Deutschland",
,Oper mit Weltniveau,"Die Münchner Oper zählt neben der Wiener Oper nach wie vor zu den bedeutensten Opernhäusern der Welt. Gott sei Dank geben sich immer noch Weltstars die Klinke in die Hand und das trotz den Intendanten Jonas und Bachler. Ein stark mit Steuergeldern subventioniertes Haus kann es sich leisten optisch entsetzliche Neuproduktionen am laufenden band zu produzieren um den vermeintlchen Hauch des provinziellen Abzuschütteln, dennoch geht man Dank der hervorragenden Musiker dankbar hin. Aber viellicht würde ein wenig Respekt vor den großen Meistern dem Pseudo.Avangardismus nichts schaden.",40,Zorneing,
Erlebnisdatum: Juli 2011,"Nicht nur zu den Opernfestspielen, aber dann erst recht","Habe wie viele Münchener Opernfans Ende Januar schon Karten für die kommenden Opernfestspiele gekauft, um dann geballt das erstklassige Programm zu erleben.Sei es der Ring von Wagner oder moderne Inszenierungen wie Donizettis Liebestrank oder Mozarts Don Giovanni, sei es eine erstklassige traditionelle Inszenierung wie der Rosenkavalier - das Programm und die Räumlichkeiten garantieren ein Erlebnis. und auch die Akustik stimmt.",50,"München, Deutschland",
Erlebnisdatum: Januar 2012,Traumhaft,"Es war wunderschön, eine super Akustik und herrliches Ambiente. Die Musik war traumhaft und es lohnt sich, immer wieder hierherzukommen. Vermutlich macht man das ohnehin viel zu selten. Nichts desto trotz ist die An-/und Abfahrt problemlos, gut zu erreichen und wieder ins Nachtleben von München zu kommen. Ich würde immer wieder in die Oper gehen.",50,"Wolfratshausen, Deutschland",
Erlebnisdatum: Oktober 2011,Spitzenoper!,"Die Bayerische Staatsoper überzeugt immer wieder mit guten, spannenden und musikalisch auf höchstem Niveau dargebotenen Inszenierungen! Das Orchester unter Kent Nagano, der Chor jetzt unter Sören Eckhoff und natürlich die Spitzensolisten - es lohnt sich immer! Dazu gibt es noch sehr freundliche Bedienung an den diversen kleinen Bars....wahrscheinlich ist man sogar viel zu selten da!",50,Munich,
Erlebnisdatum: Januar 2012,Klassizistisches Opernhaus,"Das Münchner Nationaltheater ist schon mehrfach neu aufgebaut worden. Das letzte Mal nach den Zerstörungen des Zweiten Weltkriegs. Damals hat man in das historische Äußere ein im damaligen Zeitgeschmack angepasstes Inneres gesetzt, wobei der Zuschauerraum weiterhin sehr historisch wirkt. In der Etage des ersten Rangs finden sich noch die historischen Säle mit den entsprechenden Treppenaufgängen die in den Vorstellungspausen zum Lustwandeln einladen. Die übrigen Gänge präsentieren sich im Stil der frühen 1960er Jahre.Soviel zur Architektur - auf dem Spielplan steht neben dem klassischen Opernrepertoire  zum Teil in modernen Inszenierungen auch moderne Opern und Ballett.",50,"München, Deutschland",
Erlebnisdatum: Januar 2012,Bin keine Ratingagentur,"Insofern finde ich es eigenartig, für eine Institution wie die Oper eine Note abzugeben. Wie dem auch sei, ins Nationaltheater gehe ich seit circa 17 überwiegend schönen Jahren. Die Herzlichkeit der Jonas-Ägide ist unter Herrn Pachler ein wenig verloren gegangen, das Qualitätsniveau ist dessen ungeachtet immer noch sehr hoch - gerade wenn man sich vor Augen hält, wie produktiv das Haus ist. Ein Muss für den fortgeschrittenen München-Besucher, auch wegen der schönen Architektur und Innengestaltung.",50,"München, Deutschland",
Erlebnisdatum: Januar 2012,Eine Oper von hohem FRang,"Bisher war das Nationaltheater eines der besten Opernhäuser der Welt, Dank neuer Intendanz( mit gelinde gesagt seltsamen Ideen ) und durch die Vertreibung von Kent Nagano ist abzuwarten ob das Niveau erhalten bleibt. Meine letzten Besuche ( z.B. Fidelio ) haben mich nicht sehr überzeugen können.Die Oper selber ist einen Besuch wert, die lette Renovierung ist geglückt, als solche ist die Oper ein Erlebnis. Sehr empfehlenswert eione der Führungen mitzumachen",40,"Gräfelfing, Deutschland",
Erlebnisdatum: Januar 2012,Einer der großen Bühnen der Welt,Wir waren im Januar 2012 in der bayerischen Staatsoper in München. Gewaltige und prächtige Räume empfangen den Besucher. Wir sahen eine phantastische Aufführung von Donizetti `s  L'elisir d'amore ( Der Liebestrank).  In den Pausen sollte man auf alle Fälle einen Rundgang durch die Räume der Oper machen.,50,"München, Deutschland",
Erlebnisdatum: Dezember 2011,ein muss,"in münchen für jeden kulturinteressierten ein muss,es ist schwer, kurzfristig karten zu bekommen, bei notfällen die hotels nutzen, die haben manchmal noch gute kontakte,wenn man es sich leiten kann, lieber weiter vorne sitzen,der online-kauf klappt ganz gut, telefonisch ist man oft zu spät dran,der preis lohnt sich, da man wirklich hochkarätige sänger mit perfekten inszenierungen geboten bekommt",50,Kempten,
Erlebnisdatum: Dezember 2011,Tolles Programm,"Die Münchner Staatsoper liegt direkt an der Maximiliansstraße und nur unweit vom Odeonsplatz entfernt. Neben zahlreichen großen Aufführungen bietet die Staatsoper auch an vielen Tagen eine geführte Tour mit Blick hinter die Kulissen der Staatsoper an. Ein Besuch lohnt sich hier also immer! Negativ ist allerdings die Preisgestaltung für gute Sitzplätze (bis zu 200 € pro Ticket), wer allerdings sparen will kann zu Stehplatzkarten greifen.",40,München,
Erlebnisdatum: September 2011,Traditionelles Gebäude und ausgezeichnetes Programm,"Die Bayerische Staatsoper versucht jung und alt für die Klassik zu begeistern. Mit Angeboten für das junge Publikum ist eine Oper auch für die junge Generation ein kulturelles Angebot, das gerne angenommen wird. Auch an der Abendkasse kann man ab und an noch Restkarten für den gleichen Abend ergattern. Die neuste Erfindung- Oper in Echtzeit online für alle zur Verfügung zu stellen, setzt einen besonderer Anreiz für diejenigen, die nur mal in eine Oper ""hineinschnuppern"" wollen und sich dann inspiriert fühlen eine Opper in der Staatsoper sich anzusehen. Toller Konzept!",50,"München, Deutschland",
Erlebnisdatum: Oktober 2011,Oper mit Tradition,"Die bayerische Staatsoper am Max-Joseph-Platz in München ist eines der weltweit renommiertesten Opernhäuser. Die Oper ist ein beeindruckendes Gebäude im Zentrum der Stadt, auch Nationaltheater genannt. Die prachtvollen Räume sind auf jeden Fall auch außerhalb der Vorführungen eine Besichtigung wert. Zahlreiche Uraufführungen fanden hier statt. Das Staatstheater blickt auf eine jahrelange Geschichte zurück, ein Opernhaus mit Tradition.",40,Hessen,
Erlebnisdatum: Oktober 2011,Oper von Weltruhm,"Das Nationaltheater in München - die ""Oper"" - gehört zu den großen Bühnen auf der Welt. Für Opernfreunde ist es ein Muss dort eine Vorstellung zu besuchen. Das Gebäude wurde nach Zerstörung durch Feuer im Originalzustand wieder aufgebaut und ist für sich selbst bereits ein Augenschmaus. Es gibt auch Führungen durch das Opernhaus. Im Parkett sind praktisch alle Plätze gut, auf den Rängen sollte man nicht zu sehr auf der Seite - und nicht in den oberen Stockwerken - sitzen. Achtung ""1.Rang"" ist bereits der 2.Stock, da dazwischen der ""Balkon"" liegt! Vor der Oper kann man direkt im Parkhaus parken.",50,Poing,
Erlebnisdatum: Januar 2011,Ein beeindruckendes Gebäude,"Die bayr. Staatsoper mitten in der Innenstadt von München ist ein beeindruckendes Gebäude. Ein Palast mitten in München direkt neben der Residenz.Die Inszenierungen jedoch sind in den vergangenen Jahren immer merkwürdiger Geworden. Lediglich Klassiker wie Hänsel und Gretl sind 'noch' davon ausgenommen. Die Mehrzahl der neuen Inszenierungen ist nicht anzusehen, so dass man sich letztlich statt an der Oper lieber am Gebäude erfreuen kann.",50,"München, Deutschland",
Erlebnisdatum: November 2011,Weltklasse,"Die Staatsoper hat mich noch nie enttäuscht: Ob Oper oder Ballett - das Gebotene spielt stets in der höchsten Liga. Dabei sind einzelne Inszenierungen durchaus umstritten, doch das sorgt aus meiner Sicht für frischen Wind. Das Gebäude selbst ist auch außerhalb von Aufführungen einen Besuch wert. Prachtvolle Räume beeindrucken jeden Besucher. Das Personal ist stets sehr freundlich. Garderobe kann kostenlos abgegeben werden.",50,"München, Deutschland",
Erlebnisdatum: Oktober 2011,Grandiose Zauberflöte,"Imposantes Gebäude, sehr klassisch. Zauberflöte wurde sehr locker, sehr unprätentiös dargeboten. Die Königin der Nacht war perfekt! Das Ensemble ohne Schwächen, das Orchester routiniert, ohne sich in den Vordergrund zu spielen. Die Pause etwas hektisch, da die Gänge und Treppen nicht alle Besucher gleichzeitig aufnehmen kann. Eher dürftige Pausenverpflegung",50,"Berlin, Deutschland",Reiseart: mit Freunden
Erlebnisdatum: Januar 2011,Der Musentempel in einer der schönsten Lagen in München.,"Die Bayerische Staatsoper, erbaut im Auftrag Ludwig I von Leo von Klenze, oder wie es in Bayern heisst: Nationaltheater, ist eine der weltweit führenden und bedeutensten Operhäuser. Der Josephsplatz und die ihn umgebenden Gebäude Marstall, Spatenhaus und zur linken die Residenz, lassen einen Besucher das Gefühl geben er befände sich nicht in München sondern eher in einer Stadt in Oberitalien.Das Haus selbst verfügt neben dem Parkett, insgesamt 5 Ränge, und bietet Platz für 2100 Besucher. Berühmt ist das Haus nicht nur wegen seiner vielbeachteten Wagner Interpretationen, sondern ebenso ist es,  unter anderen, den Komponisten Strauss und Verdi zugetan.Innerhalb des Gebäudes befinden sich weitläufige Gänge und Hallen, in denen man in den Pausen umherwandeln kann. Alles ist im neoklassizistischen Stil gehalten, wirkt pompös aber nicht überladen. Es gibt im Parkettbereich eine Cafeteria, sowie ein Restaurant ( unbdingt vorher reservieren!!) In den jeweiligen Rängen befinden sich kleinere Getränke und Snackbars.Die Oper hat ganzjährig geöffnet, bis auf die Monate August und bis zur ersten Hälfte des Septembers. (Theaterferien) und an wenigen Feiertagen an denen sie geschlossen ist. Die Auslastung der Oper liegt bei derzeit 95 % im Jahr. Das ist ein Spiegel der Beliebtheit dieses Hauses.Parkmöglichkeiten sind in der Tiefgarage der Staatsoper, direkt vor dem Josephsplatz. Öffentliche Verkehrsanbindung, Tram, bzw U Bahn Haltestellen Odeonsplatz bzw Marienplatz.Karten sind über die Website der Staatsoper zu bekommen, oder schriftlich zu bestellen.Der Kartenverkauf befindet sich am Marstallplatz hinter der Oper.Fazit: Ich könnt mir München ohne ""meine"" Staatsoper nicht vorstellen. Sie ist schon seit vielen vielen Jahren der Ort, an dem ich in eine andere Welt eintauchen kann. Wenigstens für kurze Zeit. Unbedingt einmal hingehen!!!",50,"München, Deutschland",
Erlebnisdatum: September 2010,gutes Opernhaus,"Das Nationaltheater gehört zu den besten Opernhäusern Deutschlands. Der Bau ist ein Prachtbau aus dem 19. Jahrhundert zum sehen und gesehen werden. Leider hat man von den Seitenrängen nur eingeschränkten Bick auf die Bühne. Das Hauptfoyer ist kunstvoll geschmückt.Viele Inszenierungen sind großartig aber es gibt wie überall auch Flops. Das moderene Regietheater ist auch nicht jedermanns Geschmack. Stimmlich leistet sich München aber stets sehr gute Sängerinnen und Sänger, was sich auch in den recht hohen Eintrittspreisen niederschlägt.",50,"Stuttgart, Deutschland",
,"Schönes Theater, große Auswahl an den Veranstaltungen","Bayerisches Nationaltheater bietet Oper und Balletstücke an. Im Sommer veranstaltet es Opern Festspiele, wohin die weltberühmten Musiker aus der ganzen Welt kommen. Wenn man die Karten zu den Festspielen kaufen will, dann sollte man die richtig im Voraus kaufen.Das Theater hat eine schöne Ausstattung. Die Preise für die Veranstaltungen sind ziemlich teuer. Die günstigsten Tickets sind ca. 10 EUR. Als Student hat man aber die Möglichkeit die Tickets in den Parkett für 10 EUR zu kriegen. Man muss aber diese auch rechtzeitig besorgen, sonst gibt es noch eine kleine Möglichkeit diese an der Abendkasse zu kriegen.",50,"St. Petersburg, Russland",
,Sehr ernüchternd,"Von meiner Vorstellung, dass ein Besuch im Nationaltheater so ziemlich das Beste ist, was man in Punkto Kultur in München geboten bekommt, muss ich mich leider verabschieden.Habe mir eine Oper angeschaut und war mit den Plätzen (Balkon) absolut unzufrieden!Man sieht von hier aus lediglich die Hälfte der Bühne und wenn man sich anlehnt gar nichts mehr.Die Preise sind trotzdem unglaublich hoch.Der Knaller: Hier werden doch tatsächlich auch Stehplätze angeboten, ehrlich das hab ich noch nie erlebt - 3 Stunden in der Oper stehen - Wahnsinn!",20,München,
,Für Opernfans ein Muss!,"Die bayerische Staatsoper zählt zu den ältesten und renommiertesten Opernhäusern in Deutschland und stemmt einen umfangreichen Repertoirebetrieb mit etwa 6 Neuinszenierungen pro Spielzeit. Auf dem Spielplan steht ein weitgefächertes Angebot von Opern aus der Barockzeit bis zur Moderne mit dem Schwerpunkt auf das 19. Jahrhundert (Verdi, Puccini, Wagner). Die Qulität der Aufführungen ist in der Regel hoch, so werden in vielen Vorstellungen internationale Sängerstars verpflichtet. Häufig ist es jedoch schwierig Karten bei absoluten Top-Besetzungen (Anna Netrebko, Jonas Kaufmann) zu ergattern. Diese lässt sich das Opernhaus dann auch teuer bezahlen (teilweise bis 190 Euro für eine gute Parkettkarte). Wer ein wenig Opernluft schnuppern möchte und nicht bereit ist derart viel Geld auszugeben, ist mit einem Stehplatz, den es schon für etwas mehr als 10 Euro gibt, gut beraten. Keine Angst, man steht eigentlich ganz bequem und die Sicht ist auch überwiegend anständig. Lediglich an den äußeren Seiten der Ränge ist diese deutlich eingeschränkt. Weiter Informationen gibt es unter www.staatsoper.de .",50,Ingolstadt,
,Opernbesuch mit Hindernissen,"Wir wollten unseren 37. Hochzeitstag angenehm verbringen und wählten einen Opernbesuch  in München mit einer komfortablen Nächtigung im HILTON Munich Park Plaza aus. Nach 3 stündiger Fahrt von Linz/Österreich kamen wir wohlbehalten im Hotel an und genossen das Mittagessen im Hotel. Abends fuhren wir in die ""Operngarage"" um trockenen Fußes ins Bayerische Nationaltheater zu kommen. Doch zu früh gefreut!!!Die Eintrittskarten im Parkett 2. Reihe hatten wir per Internet gekauft und zur Abholung an der Abendkasse bestellt. Wir folgten von der Garage dem Schild ""zur Oper"" und zeigten dem jungen Türsteher die Bestätigung der Eintrittskarten mit genauer Bestellnummer, Kundennummer und Sitzplatzangabe. Wir durften nicht durch den Eingang zur Abendkasse gehen -um die Karten abzuholen - sondern mußten wieder hinaus in den strömenden Regen um über die vielen Stiegen des Haupteinganges wieder in die Oper zur Kartenkasse zu gelangen. Das ist eine ausserordentliche Schikane ! So etwas gibt es in der Wiener Staatsoper nicht! Man fährt dort in die Operngarage , geht direkt in die Oper - holt sich die Karten - und geht dann direkt zu den Plätzen. In München fährt man zwar auch in die ""Operngarage"" muß dann aber wieder ins Freie hinaus - um über die monumentale Freitreppe - in die Oper zu gelangen.WELTSTADT MIT HERZ,DAS GEGENTEIL IST DER FALL !",20,"Linz, Österreich",
Erlebnisdatum: März 2020,Innen und außen wunderschön.,"Das Äußere ist wie das britische Museum, das Innere besonders, besonders die riesigen Umlaufgebiete, in denen Tausende herumwandern können, um die Kronleuchter zu bewundern und etwas zu trinken.Unklike Covent Garden gibt es kein Restaurant.In Wiens Äquivalent gewesen, wäre es schwierig, die beiden voneinander zu unterscheiden.Wir haben ein modernes Ballett gesehen (die letzte Aufführung jeglicher Art auf absehbare Zeit aufgrund des Coronavirus), konnten also keine Kommentare zur Akustik abgeben. Gute Sichtlinien und Sitzgelegenheiten,",50,surrey,
Erlebnisdatum: Februar 2020,Führung durch das Theater,"Die Tour war ausgezeichnet! Wir verbrachten ungefähr anderthalb Stunden damit, das Theater zu besuchen, nicht nur dort, wo man sitzen kann, sondern auch auf der hinteren Bühne, am Königsstand, im Orchestergraben und sogar auf der Bühne. Es ist beeindruckend zu sehen, wie viel eine einzelne Aufführung erfordert und wie viele Menschen ständig arbeiten, um sicherzustellen, dass alles gut läuft. Unsere großartige Führerin Isabella erzählte uns alles über das Theater und seine Geschichte. Sie können die Tour online buchen! Ich kann den Besuch jedem empfehlen.",50,"München, Deutschland",Reiseart: als Paar
Erlebnisdatum: September 2019,Sightseeing in München.,"In der „Bayerischen Staatsoper“ kann man sagen, dass dies eines der weltweit führenden Opernhäuser ist, das auf mehr als 350 Jahre Opern- und Ballettgeschichte zurückblicken kann. Mit einer Menge, die rund 600.000 Gäste erreicht, die mehr als 450 Veranstaltungen pro Jahr besuchen. Innerhalb einer Spielzeit werden über 40 Opern aus fünf Jahrhunderten und mehr als 20 Ballette aus dem 19. Jahrhundert bis in die Gegenwart aufgeführt, sowie Konzerte und Liederabende. Dies macht das Programm des Hauses zu einem der internationalsten. Das Klassizistische Nationaltheater ist mit 2.101 Plätzen das größte Opernhaus in Deutschland und gilt als eines der schönsten Theater Europas.",40,"Santa Comba Dao, Portugal",
Erlebnisdatum: Oktober 2019,Teure Sitze mit teilweise verdeckter Sicht,"Wir lieben die Staatsoper. Das Gebäude ist großartig, genau wie die Akustik. Die Produktion von „Salome“ war, obwohl sie von verwirrender Regie belastet war, im Allgemeinen erstklassig, mit Marlis Petersen, einer erstaunlich effektiven Salome, und Wolfgang Koch, der als Jochanaan in hervorragender Gesangsform auftrat. Die Nebensänger waren auch sehr gut. Es war seltsam, die Oper in die Gegenwart oder in die jüngste Vergangenheit zu versetzen, und es war bizarr, die Oper mit einem von Mahlers Kindertotenliedern zu beginnen. Aber hey, europäische Regisseure kommen nicht damit durch, Dinge vernünftig zu machen. Die vorherrschende Krankheit der Directoritis zwingt sie dazu, seltsam zu handeln. Das ist zu erwarten. Und es ist nicht der Grund, warum meine Rezension nur drei Sterne vergibt. Ich habe nichts dagegen, 142 Euro pro Sitzplatz zu zahlen, als die Sicht auf die Bühne von unseren Orchestersitzen teilweise versperrt war. Warnung an andere: Vermeiden Sie Sitze in der Nähe der Seiten.",30,"Toronto, Kanada",
Erlebnisdatum: Juli 2019,Gehen! Sie werden dieses Gebäude und die von Ihnen gewählte Aufführung genießen - ein großartiger Schatz für München!,"Ich war jetzt schon einige Male in München und ein Besuch an der Bayerischen Staatsoper beeindruckt und erfreut immer wieder. Auf dieser Reise genossen wir eine der Saisonabschlussvorstellungen der Sommeroper für Alle. Outdoor-Auftritt zum Top-Preis mit einem gesponserten Food and Drink Truck, der nach dem Auftritt auf den Stufen des Opernhauses serviert wird. Was für eine magische Nacht!",50,"San Francisco, Kalifornien",Reiseart: mit Freunden
Erlebnisdatum: Juni 2019,Beeindruckendes Gebäude neben dem Palast,"Dieses Gebäude passt gut zur Residenz am Platz. Wir durften das Innere nicht besichtigen, weil wir in München keine Vorstellungen hatten. Wir haben es jedoch sehr genossen als Kulisse für großartige Bilder.",40,"Pensacola, Florida",Reiseart: mit der Familie
Erlebnisdatum: Juni 2019,Atemberaubend,"Wir haben lange im Voraus einen Stimmzettel für La Traviata mit Placido Domingo beantragt. Nachdem wir erfolgreich waren, haben wir eine kurze Pause eingelegt.Das Opernhaus war einfach umwerfend. Von außen beeindruckend, wird seine Schönheit vom Innenraum übertroffen.Wir hatten 16 Reihen von der Bühne entfernt fantastische Plätze im Auditorium. Die Aussicht war hervorragend, die Sitze äußerst bequem und die Beinfreiheit ausreichend.Jeder Besucher sollte nach oben gehen, wo er beeindruckende Dekorationen und unglaubliche Kronleuchter findet.Während zahlreiche Teilnehmer schwarze Krawatten und Abendkleider trugen, trugen andere schicke Freizeitkleidung.Im Gegensatz zu Auftritten in der UK werden die Türen zum Auditorium erst kurz vor dem Auftritt geöffnet und das Publikum nimmt pünktlich seine Plätze ein. Es wird erwartet, dass jeder das Auditorium in Intervallen verlässt, in denen die Türen geschlossen sind, sobald sie leer sind.Dies war eine fantastische Leistung von La Traviata mit einer unglaublichen Besetzung.",50,"Peterborough, Vereinigtes Königreich",Reiseart: als Paar
Erlebnisdatum: Juni 2019,Atemberaubende Qualität der Oper in einem schönen Opernhaus,"Wir wollten speziell eine brillante Opernsopranistin namens Pretty Yende in LUCIA DI LAMMAMOUR sehen, die sich sehr früh für Tickets bewarb. Gott sei Dank haben wir das getan, da die Vorstellung ausverkauft war. Toller Standard, ein wunderschönes Auditorium, preisgünstige Getränke und Snacks und ein sehr elegantes Publikum. Es lohnt sich, eine Tour durch das Haus zu machen, da es sehr schön ist",50,"Kopenhagen, Dänemark",Reiseart: als Paar
Erlebnisdatum: Juni 2019,Punktgenaue Akustik,"Wir fanden den Online - Buchungsprozess aus Großbritannien recht einfach und es gab kein Problem mit den selbst ausgedruckten Tickets. Die Anweisungen besagten, dass man den Ausweis sowie das Ticket mit sich führen sollte, dies wurde jedoch nicht an der Tür angefordert.Für das Orchesterkonzert am Sonntagmorgen (11 Uhr) waren wir auf dem 3. der 4 Balkone. Die Sicht war etwas eingeschränkt, aber wir bewegten uns ohne Probleme in der Reihe zu zentraleren Plätzen in der Pause. Wir haben festgestellt, dass die meisten Männer - auch an einem Sonntagmorgen - Jacken und elegante Frauenkleider trugen. Es waren keine Jeans in Sicht.Das Bayerische Staatssinfonieorchester war wie erwartet hervorragend. Sie wurden über den (überdachten) Orchestergruben- und Bühnenbereich verteilt. Was uns am meisten aufgefallen ist, war die punktgenaue Akustik. Sogar in den Göttern konnten wir die leisesten Töne von allen Teilen der Bühne sehr deutlich hören. Sehr empfehlenswert für ein Konzert.",50,"Ilkeston, Vereinigtes Königreich",Reiseart: als Paar
Erlebnisdatum: April 2019,Jubiläumsgeschenk am 7. April,"Kurzer Besuch in München mit der Oper Madame Butterfly das Highlight. Wir wurden nicht enttäuscht. Das Opernhaus selbst ist unglaublich und atemberaubend. Wir haben am vergangenen Freitag eine Tour „hinter den Kulissen“ gemacht, die so interessant war und uns einen Einblick in die Art und Weise gab, wie die Aufführung zusammen mit der Geschichte des Gebäudes durchgeführt werden sollte, was faszinierend war.Die Oper selbst war wirklich magisch. (mit deutschen und englischen Untertiteln.)Herzlichen Glückwunsch an meinen Mann zu diesem glänzenden Jubiläumsgeschenk und einer Erinnerung, die Sie schätzen sollten.",50,"Buckinghamshire, Vereinigtes Königreich",Reiseart: als Paar
Erlebnisdatum: April 2019,Wunderbare Ballettkompanie,Ich habe zwei Ballette gesehen: Alice in Wonderland und Anna Karenina. Beide Shows waren wunderbar mit fabelhaften Tänzern. Ausgezeichnete Kostüme und Sets.Das Theater selbst ist erstaunlich hübsch. Der Barbereich ist schön mit einer guten Auswahl an Snacks und Getränken.,50,"Derby, Vereinigtes Königreich",Reiseart: als Paar
Erlebnisdatum: März 2019,Ein Genuss für den Opernliebhaber,"Wir haben ""Don Giovanni"" gesehen und waren begeistert von der Aufführung und schätzten die einzigartige Einstellung / Interpretation dieser Oper. Ich habe einige Tripadvisor-Kommentare bezüglich Ticketkäufen bemerkt; Ich kaufte am 21. Januar online für eine Aufführung am 14. März und hatte keine Probleme, obwohl zugegebenermaßen zu diesem Zeitpunkt nicht viele Sitzplatzoptionen vorhanden waren. Die Tickets standen 1 Stunde vor der Aufführung für Abholung zur Verfügung und die Sicherheitskräfte leiteten uns an den richtigen Ort, um sie abzuholen. Über der Bühne befinden sich deutsche und englische Übersetzungen auf einem Bildschirm. Die meisten Leute waren in geschäftlicher / schicker Kleidung. Sie müssen die Mäntel überprüfen. Wenn Sie erkältet sind, bringen Sie einfach einen Wickel mit. Es war ein wunderschönes Opernhaus und eine wunderbare Erfahrung.",40,"New York City, New York",Reiseart: mit der Familie
Erlebnisdatum: Januar 2019,Ticketbestellung Schritt für Schritt,"Hallo, ich habe gerade meine Ticketbestellung versaut. Also habe ich beschlossen, das mitzuteilen, was ich gerne zuvor gewusst hätte:Für Nicht-Einheimische gibt es zwei Möglichkeiten, Tickets zu erhalten: eine schriftliche Bestellung und eine Online-Bestellung. Das WRITTEN ist 3 Monate im Voraus und das ONLINE genau 2 Monate im Voraus verfügbar. Über WRITTEN wählen Sie nur die Sitzkategorie und das Theater wählt den Sitzplatz für Sie aus. Über ONLINE können Sie den von Ihnen bevorzugten Platz auf einer Karte markieren. In WRITTEN ist die Auswahl der Kategorie schwierig, da die vor Ort verfügbare Sitzplankarte einen Farbcode und eine Preisliste enthält, die nicht vollständig mit der Karte synchronisiert ist. Ich konnte es nicht ganz herausfinden. Also entweder anrufen oder das Roulette spielen.Jetzt reserviert das Theater Tickets für die beiden Methoden in zwei Gruppen. Wenn Sie auf diese Weise nicht früh genug nach Tickets fragen, sind die Tickets bald zu Ende.Für WRITTEN: Schreiben Sie eine einfache E-Mail. Sie werden mit weiteren Verfahren antworten. An dieser Stelle können Sie auch anrufen. Sie antworten schnell und freundlich. Ich habe WRITTEN zu spät versucht, also war es für mich ausverkauft. Aber am Telefon haben sie mir gesagt, wie und wann ich die zweite Charge versuchen soll.Das ONLINE-Verfahren ähnelt dem schwarzen Freitagabsatz. Attack and Grab und Timing sind entscheidend. Mein Tipp: Verbinden Sie sich am Verkaufstag an jedem elektronischen Gerät, das Sie ungefähr eine Stunde vor Verkaufsbeginn haben. - Betreten Sie die Staatsoper-Website - dann planen Sie - dann finden Sie Ihre Show - und klicken Sie auf ""Tickets"". Sie werden zu einer Uhr-Countdown-Seite und in eine Warteschlange weitergeleitet. Wenn der Gong schlägt, werden Sie von jedem Gerät über Ihren Platz in der Reihe informiert. Fahren Sie mit dem Gerät der besten Position fort. Warten Sie und entspannen Sie sich, denn Sie haben nur eine Chance.Wenn Sie an der Reihe sind, wird die Sitzplan-Liste wieder mit der Liste der verdammten Kategorien angezeigt. Vergrößern Sie die Karte mit der Maus. Sitzplatz auswählen, mit einem Mausklick markieren. Ich war früh in der Warteschlange und habe Traumplätze markiert! Aber hier ist, wenn ich alles vermasselt habe - Sie sehen, unter der Karte befinden sich zwei Schaltflächen ""Auswahl nach Karte"" oder ""Bester Platz für Kategorie"". BERÜHRE DAS NICHT. Scrollen Sie stattdessen zum Anfang der Seite zu ""In den Warenkorb"" und gehen Sie von dort aus weiter. Offensichtlich nicht wahr? ""Bester Platz für Kategorie"" ist eine weitere Suche, die nichts mit der Karte zu tun hat. Es ist wieder dieses Roulette. Ich hatte nicht damit gerechnet, es zu finden, also kam ich mit ihm voran, weil es blitzte. Warum ist es überhaupt da? ! Total unlogisch.Ich klickte darauf und dachte, es würde mich weiter bringen, stattdessen verlor ich mich im System, verlor meine Traumsitze und akzeptierte Schlimmeres, das willkürlich für mich ausgewählt wurde. Ich wurde dann gestresst, weil sie nur 15 Minuten für den Prozess haben oder Sie Ihre Position verlieren. Ich hoffe, die Show trotzdem genießen zu können, werde viel Geld dafür zahlen, Flug, Hotel und alle… Wenigstens hoffe ich, dass ich Ihnen diese Verzweiflung ersparen kann.",20,"Modiin, Israel",Reiseart: als Paar
Erlebnisdatum: Dezember 2018,Enttäuschende Nussknacker-Leistung,"Kaufte zwei teure Tickets als Weihnachtsgeschenk, um den Nussknacker zu sehen. Es schien eine moderne Interpretation zu sein, und die einzige Verbindung, die ich zum ursprünglichen Nussknacker sah, war, dass Clara (oder ein anderer Name, in den sie ihn änderten) alle paar Szenen ein Nussknacker-Spielzeug in der Hand hielt. Die Kostüme waren langweilig, das Ballett undramatisch. Ich habe das Ballett völlig unberührt gelassen. Ich freute mich unglaublich auf die Zuckerpflaumenfee, aber die meisten Acts und Musik stammten aus anderen Tschaikowsky-Produktionen. Der Schwanensee.Super enttäuscht, man hätte es nicht Nussknacker nennen dürfen.",10,,Reiseart: als Paar
Erlebnisdatum: November 2018,Schokoladenkastentheater,"Das Innere dieses Theaters ist alles, was Sie von einem Opernhaus erwarten können. Sein Charme wird durch einen hervorragenden Erfrischungsservice mit vielen Speisen und Getränken ergänzt. Eine sehr große Garderobe sorgt für Winterkleidung und es gibt Parkplätze auf dem Platz draußen. Es ist immer eine unvergessliche Erfahrung.",50,"Bournemouth, Vereinigtes Königreich",Reiseart: als Paar
Erlebnisdatum: Juni 2018,Top Quality venue mit all den Beilagen,"Dies ist ein top - erstklassig Opera House - in ein fantasievolles Design - viel rosa, Creme- und Kronleuchtern. Die Musik war einfach herrlich. Es war recht warm aber",50,"Crowborough, Vereinigtes Königreich",Reiseart: allein
Erlebnisdatum: Oktober 2017,Nur von außen,"Das Gebäude ist wunderschön zumindest von außen, in a great Square. zu sehen gibt es von architectural Point.",40,"Sibiu, Rumänien",Reiseart: als Paar
Erlebnisdatum: September 2017,schönes Panorama,"Standing in der Mitte, und Sie bekommen die Panorama Aussicht auf 3 Gebäude ist super. Das Gebäude ist riesig und wunderschön",40,"Kuala Lumpur, Malaysia",Reiseart: mit Freunden
Erlebnisdatum: Januar 2017,"Schön Opera Gebäude, gute Verpflegung und super Opera","Wir sehen uns in die Bayerische Staatsoper Mussorgkys Boris Godunow. Wir hatten eine sehr gute Plätze (Zeile 4 ) . . . . . . . . . . Opera Preise in Deutschland sind nicht so extrem teuer sind wie in Österreich. In unserem Fall € 100 S. S. . Die Oper war großartig; Musik & Sänger. Gastronomie ist gut. Die Oper ist sehr schön, akustische ist gut.",50,"Helvoirt, Niederlande",Reiseart: als Paar
Erlebnisdatum: Oktober 2016,Sie müssen einmal in München einen Besuch abstatten!,"Wunderschöne Architektur, Royal Dekoration, State of the art Auftritte. Vielleicht haben Sie ein Getränk innen und lassen Sie Ihren Mantel mit ohne Aufpreis!",50,"Athen, Griechenland",Reiseart: als Paar
Erlebnisdatum: Mai 2017,Führung durch das National Theatre,"Wir haben versucht, buchen Sie online dies geführte Tour aber erfolglos. Dann haben wir das Theater aber immer noch per E-Mail antworten sie nicht. Dann meine Tochter übersetzte die GMail zu Deutsch und wir bekamen am nächsten Tag unsere Antwort. Wir waren froh, mit nach innen gehen, um das ganze hin Bühne sehen und erklärt die Show wird eindeutig wie wunderbar. Auch wenn wir nicht die Show zu sehen bekommt es aber trotzdem war es ein großartiges Erlebnis. Ich sprach mit dem Guide über unsere Buchungen und wird hoffentlich auch in Englisch von bookings unterhalten werden.",50,"Melaka, Malaysia",Reiseart: mit der Familie
Erlebnisdatum: Mai 2017,Eines der besten,Das Theater ist eines der schönsten in Europa mit einem sehr zivilisiert Verhalten gegenüber der Künste. Wenn Sie sich nicht um die Eintrittskarten für die Oper Ballett ist immer gut. Ihre Produktion an Ein Sommernachtstraum ist ein Juwel. Der Service an der Bar in der Pause ist unvergleichlich trotz der großen Nachfrage.,50,"Bournemouth, Vereinigtes Königreich",Reiseart: als Paar
Erlebnisdatum: März 2017,Zwei Super Abende In Ein Tolles Opera House,"Wir sind toll Opera Liebhaber und durfte in einer Reihe von Standorten Produktionen. Nachdem wir zuvor nicht in München, wir stoppten unser Aufenthalt in der Stadt zu kommen, damit wir zwei Produktionen zu sehen. Das Gebäude ist sehr beeindruckend, die Fassade mit Blick auf den Marktplatz und die ermüdet Auditorium. Wir waren im Orchester Gegend, mit komfortablen Sitzgelegenheiten und gutes sight Linien zum Vergnügen. Wenn Sie noch nie, dann fahren Sie hin und genießen Sie diese sehr hochwertige Produktionen. Wir werden auf jeden Fall wieder kommen.",50,"Portsmouth, Vereinigtes Königreich",Reiseart: als Paar
Erlebnisdatum: Februar 2017,Ein Top Wochenende von Richard Strauss Opern,"Dies war mein erster Besuch hier. Ich sah Elektra und Der Rosenkvalier auf aufeinanderfolgenden Abenden. Die Elektra musikalisch war sehr gut, aber lassen Sie sich von der Produktion. Der Rosenkavalier wir hatten Glück, dass wir Anja Harteros Schritt, weil die Marschallin kurzfristig. Sie war die feinsten Marschallin live zu hören und ich haben in Ordnung war unterstützt durch ein Ensemble. Die orchestral Verhältnisse wesentlich höher sind als man selbst im London Opernhäusern und obwohl München ist etwas teurer als andere Deutsche Häuser, sparen Sie für Bayreuth, es ist immer noch ein sehr viel besseres Preis/Leistungsverhältnis als Beispiel für die Royal Opera House. Akustik war sehr gut und das Theater Bars sind vernünftig preiswert im Vergleich zu Großbritannien. Das einzige, was ich sagen kann, ist, dass das Publikum dort sind etwas lauter als andere Deutsche Häuser, die ich besucht habe. Es gibt keine Kleiderordnung als solches, aber die meisten Männer mehr Jacke und Hose mindestens aber nicht das tragen einer Krawatte war nicht verpönt. Wahrscheinlich das leistungsfähigste House in Europa im Moment",50,"London, Vereinigtes Königreich",Reiseart: mit Freunden
Erlebnisdatum: Januar 2017,"Unglaublich Theater, super Personal!","Ich war schon zweimal in die Bayerische Staatsoper im Januar/ 2017 um 41 Prozent gesenkt werden und beide Male hatte eine unglaubliche Erfahrung. Das Hotel ist wunderschön und das Personal ist unglaublich: die Tänzer Karte korrekt Technik kombiniert mit leidenschaftlich Körper Ausdruck! Muss hier auch erwähnen das "" Vorderhaus "" Team, receptioning mehr als aufmerksam, und der Manager, Charles Maxwell, ein hervorragendes professionell, das macht wirklich den Unterschied in seinem Arbeitsplatz. Als Teil der ausländischen Publikum zu besuchen, ich hoffe auf die Bayerische Staatsoper wann immer ich zurück nach München! !",50,"Salvador, BA",Reiseart: als Paar
Erlebnisdatum: Januar 2017,"Romeo & Julia, atemberaubend! !!","Erschwingliche PreiseSehr schön EtiketteSuper Performance, wirklich WeltklasseErfreulich Pause mit Essen und Wein im Abstieg PreiseInsgesamt einen unvergesslichen Abend",50,"London, Vereinigtes Königreich",Reiseart: als Paar
Erlebnisdatum: April 2016,NEIN,"Nicht einen Ausflug wert. Es ist einfach so schlicht und stilvoll. Wenn man etwas zu bewundern und genießen Sie für Design, ein anderes Land vielleicht in Betracht ziehen.",30,"South-East District, Botswana",Reiseart: geschäftlich
Erlebnisdatum: Dezember 2016,"Schlittschuhläufer auf der Bühne, Akrobaten in der Luft, und teuersten Musik","Das zweite Mal in diesem Opernhaus und ich wurde nicht enttäuscht - ein neues, Avant Garde, Steuerkraftsumme - modernen Produktion von Puccinis Turandot war ein Spektakel zu sehen und hören. Konservative Theater - Partygänger werden Fragen einige der künstlerischen Auswahl, aber die bayerische Staatsoper ist eines von Europas top Opera Houses, auf eine Stufe mit Wien, Berlin, London und sogar La Scala. Halten Sie sich offen und sich sicher sein, dass selbst wenn Sie hassen die Durchführung, das Musical Performances werden ausgezeichnet. Unsere Produktion von Turandot war in die Zukunft und auf unserer Schlittschuhläufer auf der Bühne, Akrobaten in black Vinyl bodysuits quirlen in der Luft, und 3 D die Prognosen der Bilder, die Gläser erforderlich. . . das gesamte Abend war neben dem Haken und das Publikum reagierte mit einer langen Ovation und mehrere Vorhang Anrufe.Sichtbarkeit ist schlecht, falls Sie buchen Sie nichts in der vorderen Hälfte des Opera House; es ist ein altes 1820 s Horseshoe - förmige Theatre, das heißt, Sie werden noch rauslehnen musste man auf der Bühne wenn man hier in der Gestaffelte Tarife Teile. Geben Sie das extra Euro kaufen und Plätze an der Rückseite mit gutes sight Linien.Akustik sind toll, aber das beste wird gesagt, dass ganz oben auf der Ebene, bei denen die Bühne ist nicht sichtbar. nehmen Sie ein schaler Nachgeschmack gelegentlich je nach ein Sänger die Technik - gutes Zeug.Gestaltungen werden können ohne Warnung, so prüfen Sie online (oder Kauf ein Programm der Tag der) sehen können, wer singen. Turandot war angeblich Nina Stemme, wechselte aber zu Catherine Foster in der letzten Minute - sie war hervorragend mit einer Stimme, die das Orchester und Chor begraben zu weinen. München Befehle die besten Sänger auf der Europäischen Opera Circuit, von denen viele sind unbekannt in den USA.Dresscode: viele Debatte über dieses Thema. . . Ich muss sagen ein dunkler Anzug. Deutsch ist der Unterschied zwischen dem Publikum neigen zu verkleiden. Biegen Sie rechts ab und man wird Sie dafür, dass es unter angezogen, aber es macht das Nacht zu sein mit dem Publikum. Jeans ist fehl am Platz. So werden helle Farben.All in, dies hat mein Favorit Zeitvertreib geworden ist und ich freue mich schon auf viele mehr Leistung, wenn ich wieder nach München.",50,"Seattle, Washington",
Erlebnisdatum: Dezember 2016,Eines der besten,"ganz eindeutig eine unglaublich Opera House. Das Gebäude ist wirklich wie ein Musik Tempel. Die Äußere und die Inneneinrichtung sind sehr imposant aus, aber das Auditorium selbst ist besonders beeindruckend und fantastische Akustik. Wir waren dort auf Schostakowitsch Lady MACBETH unter Kirill Petrenko die Richtung und genoss jede Minute. Anja Kampe wie Katerina Ismajlowa war einfach perfekt, atemberaubende Performance.",50,"Milton, Massachusetts",
Erlebnisdatum: September 2016,Schön aber teuer,Der Ort selbst ist ein wunderschönes Stück Architektur. Innen und außen einfach unglaublich schön.Wenn es um die Aufführungen es ist Geschmackssache. denn eines ist sicher: es ist ein bisschen teuer eine Show zu beobachten. Aber das ist normalerweise ein Erlebnis wert.,40,"Frankfurt am Main, Deutschland",Reiseart: als Paar
Erlebnisdatum: Oktober 2016,"Wunderbar Opera House, gewöhnlich Produktion","Die Oper und Bars sind ein Wunder und auf jeden Fall einen Besuch wert. Die Leistung von Donizetti's "" La Favorit "" war nicht ideal - schlecht und kostümbildner und keine dringt von außen keinerlei Choreographien; erinnert an einen Haufen Gesang Pendler verloren in a 1960 s Public Library. Für erst das zweite Mal in Dutzenden von opera prezentationen wir links in der Pause und säugte unsere Interval Getränke während wir bewundern die wundervolle Gebäude.",40,London,Reiseart: als Paar
Erlebnisdatum: Mai 2016,Greek Revival Opera House,"Das imposante Gebäude beherbergt die bayerische Staatsoper. Wir hatten das Glück, dass Ergebnis zwei Karten zu Wagners ""Die Meistersinger von Nürnberg"" an der Staatsoper. Wunderbar, absolut wundervolle Erfahrung!Wir waren sehr beeindruckt mit dem Theater der prachtvollen und seine ausgezeichnete Akustik. Die Sänger waren auch wundervoll und die Durchführung kreativ. am Abend ein sehr zufriedenstellend.",50,"Sydney, Australien",Reiseart: als Paar
Erlebnisdatum: Juni 2016,Ballett,"Ich persönlich würde es für eine Tour gehen. Aber das Gebäude selbst ist wunderschön, innen und außen. Waren im Juni Swan Lake zu sehen, es war eine unglaubliche Leistung. 10 Euro für 3 Stunden stehen aber es war es wert. Das Personal war sehr hilfsbereit in zeigt uns unsere korrekt Stellen.Wir gingen für Wasser am Spiel-Pause ., 3 Euro! Das war meine einzige Beschwerde. Würde auf jeden Fall sehen eine Performance wieder.",40,,Reiseart: mit Freunden
Erlebnisdatum: Juni 2016,Schönes Gebäude,"Ich kann Ihnen nur empfehlen, dort den Urlaub zu verbringen und nehmen Sie ein Bild. Es ist wunderschön und sculpter Gebäude. Aber man kann dort specisl Sth finden.",30,"Köln, Deutschland",Reiseart: allein
Erlebnisdatum: April 2016,Grand Opera House in München,"Grand Opera House in München, der ist in der Nähe der Residenz München und dem Marienplatz entfernt. Die Inneneinrichtung ist auf jeden Fall das Geld wert bewundern Sie wenn Sie die Chance haben, eine Tour oder zu beobachten und Opera Leistung!",40,"Singapur, Singapur",Reiseart: allein
Erlebnisdatum: Dezember 2015,"keine Worte, die es beschreiben können","Es gibt keine Worte um Schönheit und Architektur der Theater. Es ist einen Besuch wert in der ersten Ort. Selbst wenn Sie nicht ein Fan von dieser Art von Unterhaltung, dieses Hotel besuchen.",50,,Reiseart: mit Freunden
Erlebnisdatum: Februar 2016,Wunderschön,"Ich nahm an einem Ballett und ich war in Ehrfurcht wie toll das Gebäude Inneneinrichtung ist. Es ist dem stattlichen alten Welt Europa. Ich war in einem Ständigen Duschkabine nahe der Spitze für eine fast 3 Stunde Performance aber das Ballett war klasse und das Gebäude war wunderschön ... also, ich habe nicht darum kümmern!",50,Gjovik Norway & Kansas USA,Reiseart: mit Freunden
Erlebnisdatum: Februar 2016,Tolle Erfahrung,"Das Äußere des Opera ist wunderschön. Obwohl ich nicht eine Oper nicht beobachten, war es eine sehr angenehme Erfahrung stehen direkt vor der Oper und genießen Sie die Umgebung.",40,"Bangkok, Thailand",Reiseart: allein
Erlebnisdatum: Juni 2015,Ein Fest für die Sinne! (Und sie stunden-livestream!),"Wenn es möglich ist, ich empfehle, eine Opernvorstellung versuchen während Sie in der Stadt sind. Die opulente Einrichtung ist ein Buffet für die Augen -, sobald man es betritt sind Sie umgeben von satten Farben, mit endlosen wunderschönen Details zu entdecken. Die Inneneinrichtung ist beeindruckend, doch es bewahrt eine sehr gemütliche, intime Atmosphäre. Nichts übertrifft erleben Sie eine Show für sich selbst, egal welche Art von Performance Ihrer Wahl (Oper, Ballett, Orchester, abhängig davon, wann Sie).  Tickets sind preisgünstig und ganz einfach online zu kaufen oder per Telefon. Einmal, rief meine Freunde und ich für Tickets für eine Performance mit sehr wenig, und wir hatten das Glück des Gastes Tickets für Plätze im Inneren des King's Box - WOW! Wenn eine Karte nehmen nicht bei Ihnen nicht funktionieren, schauen Sie sich die Webseite wenn Sie wieder zu Hause sind. Sie bieten live streaming auf bestimmte Vorstellungen kostenfrei, was man in Pyjama-Party Hosen von dem Komfort Ihres eigenen Hauses genießen. (Sie können auch ""on Demand"" für eine begrenzte Zeit nach der Veranstaltung beobachten).",50,"Rochester, Minnesota",Reiseart: mit Freunden
Erlebnisdatum: Februar 2016,Fantastisches altes Gebäude,"Ein kurzer Weg vom Marienplatz entfernt und die Gegend ist eine tatsächliche Platz mit der Oper als Teil des Platzes. Eines der besten bayrischen Restaurants gibt es auch Spatenhaus an der Oper. Geben Sie das ausprobieren, da gut.der Arzt",50,Florida,Reiseart: als Paar
Erlebnisdatum: Januar 2016,Tolles Opera T.N.S. und herrlichen Darstellung der Zauberflöte und sterben Fledermause,Ausgezeichnete Opera House mit einer unglaublichen Darstellungen von Mozart und Johann Strauss. Orchester war perfekt und der Rest des Künstlers und Sänger einfach super.,50,Madrid,Reiseart: als Paar
Erlebnisdatum: Dezember 2015,Kaufen Sie Eintrittskarten für eine Show,"Wir waren im Dezember 2014. Wir kauften Eintrittskarten für eine Show, und nahm uns auf eine selbst geführte Tour bevor die Show beginnt. Dieser Ort ist wunderschön! Tickets für eine Oper oder ein Ballett sind angemessen. Ich würde auf jeden Fall einen Besuch während Sie in München sind zu empfehlen.",50,"Los Angeles, Kalifornien",Reiseart: als Paar
Erlebnisdatum: Dezember 2015,Interessante Opera,"Dies ist nicht wie Welt berühmtes Opernhaus wie Wien, aber es hat seinen eigenen Charme. Wir haben nicht zu gehen, um teilzunehmen und eine Karte, aber ich bin mir sicher, dass es toll sein.",50,"Singapur, Singapur",
Erlebnisdatum: Oktober 2015,Luxuriös!,"Wenn Sie die Gelegenheit für eine Oper oder ein Ballett an einer Konferenz teilgenommen haben, dann tun Sie es! Dieser Ort ist fantastisch! !!  Die Dekoration ist fantastisch!",50,"Brasilia, DF",
Erlebnisdatum: Oktober 2015,Großartige Nationaltheater,Ich hatte die Möglichkeit mir zu schauen Sie sich einen modernen Ballett Karte in diesem Theater während einer kürzlichen Aufenthalt in München. Das Gebäude sieht von außen toll und es ist wirklich Majestic innen. Seine wundervolle Ambiente selbst kann wirklich eskalieren was Auftritte ausgestellt.,50,"Tucson, Arizona",Reiseart: mit Freunden
Erlebnisdatum: Oktober 2015,Ein Juwel der Oper Welt,"Ich liebe Oper und zu sehen eine Performance mit Jonas Kaufmann in der Bayerischen Staatsoper war mein Hauptgrund München zu besuchen. Ich wurde nicht enttäuscht! Weltklasse Sänger, zu handeln und Bühne Techniken! Das Opernhaus selbst verfügt über einen wunderschönen aufwendig und prächtigen Inneneinrichtung und trotzdem bewahrt eine fast intime Atmosphäre. Die Sitze sind sehr komfortabel. Es gibt ein Gourmet Restaurant beginnen Sie den Abend für einen guten Start in den Tag und eine sehr schnelle und eleganten knabbern und Getränke Service während der Intervallen. Ich war sehr von der allgemeinen Erfahrung beeindruckt und werde ganz sicher wiederkommen!",50,"London, Vereinigtes Königreich",Reiseart: als Paar
Erlebnisdatum: Januar 2015,Fantastische in Oper Saison,"Ein muss, erleben Sie einen Besuch in München während der Opernsaison! Einige der besten Vorstellungen ich die Ehre hatte zu erleben. Die aufwändigen Ebene von Bühne Kunst und Kostüme, sowie das Niveau der Leistung ist atemberaubend. So sehr es lohnt sich wirklich die Gelegenheit zu sehen.",50,"Montreal, Kanada",
Erlebnisdatum: November 2014,Neo-klassizistischen Juwel auf dem Max-joseph -Platz,"Wunderschönes und elegantes Gebäude steht wie ein bemerkenswertes Beispiel Deutschlands kulturellen Aufstieg nach dem Zweiten Weltkrieg. Ansonsten, nach dem Zweiten Weltkrieg wurde das Gebäude renoviert und neu eröffnet im Jahr 1963. Es wurde von der König in Auftrag Maximilian I. von Bayern im Jahr 1810 eröffnet und für das erste Mal in 1818. Die Oper liegt auf dem Max-joseph -Platz, nur 370 Meter vom Stadtzentrum entfernt. einen Besuch wert!",50,"München, Deutschland",Reiseart: als Paar
Erlebnisdatum: Juli 2015,Opera Festival,"Seit Jahren besuchen wir die Sommer Opera Festival. Es gibt meist tolle Produktionen, aber manchmal Frage der Regisseur kennt seine Arbeit. Sogar mit der ebst Sänger können sie ruiniert einen Performance. Wir hatten das Glück, in 7 Jahren nur einmal wir die Oper zu beenden. Das Gebäude selbst ist es wert zu besuchen, es ist elegant und schön, das Problem ist, dass die Plätze. Im Parterre ist es schrecklich zu sitzen und speziell im Sommer, wenn es einen heißen Monat - was in der Regel - ist als es sehr schwer 2-3 Stunden zu tragen hat.",50,"Budapest, Ungarn",Reiseart: als Paar
Erlebnisdatum: Mai 2015,Tour sehr interessant,"Dies ist die größte Theater in Deutschland. Wir haben eine sehr komplette Tour, konnten wir sehen, dass der Auditorium, Backstage, Personal Vorbereitung der riesige Bühne für eine Show, Orchester und viele andere Zimmer.",40,"Rio de Janeiro, RJ",Reiseart: als Paar
Erlebnisdatum: Mai 2015,"Was;s nicht mag: Oper, Ballett, kulturelle Erfahrung","Es ist sehr leicht zu reservieren Sie im Voraus: die Websites sind zweisprachige. drucken Sie Ihre Tickets mit den Strichcode und yu nicht Tickets für die Abholung von der Box Office brauchen.So. .. rhis ist einen traumhaften Erlebnis. Wir sahen Ballett eine Nacht und der Oper am nächsten. Beide internationalen Standard und eine tolle Gelegenheit zu sehen sie in diese wunderschöne Umgebung.Wie hätten wir verbessert werden? In der Stände, die ersten Reihen sind sehr flach - gehen Sie weiter zu kommen somem Höhenlage und sehen über hoch Personen. und das Einchecken Performance Startzeiten. sie variieren sehr unterhaltsam!",50,,Reiseart: als Paar
Erlebnisdatum: Juni 2015,Famous Opera House,Eine der wichtigsten Opernhäuser der Welt. Wir waren dort für Norma mit einem Top gegossen. Ausgezeichnet,40,"Maarssen, Niederlande",Reiseart: mit Freunden
Erlebnisdatum: Juli 2015,Ausgezeichnete Leistung,"Wir sahen ""Tristan und Isolde hier während der Opera Festival - die Leistung war wunderbar. Es gibt ein paar Dinge - das Wichtigste gibt es keine englischen Untertiteln sind zu wissen, so dass vorbereitet, mit etwas Ahnung, was Sie zu sehen sind. Kleidung war auch sehr formal - Business to Black Tie.Wir konnten vor der Vorstellung bekommen eine Reservierung im Restaurant gibt es - das war wunderbar, alles was Sie brauchen dort auf Vorbestellung (Essen, Wein, usw. ), dann bezahlen im Voraus. Am Anfang jeder Spiel-Pause . ist gibt es einen reservierten Tisch für Sie bereits alles, was man bestellte. Großartig für eine 6-stündige Performance mit 2 50-minütige Pausen, und nicht so teuer wie Sie vielleicht denken.",50,"Boston, Massachusetts",Reiseart: mit Freunden
Erlebnisdatum: Oktober 2014,Architektonische Schönheit,"Nur zu Fuß von ist ein Vergnügen. Dieses majestätische Gebäude ist nicht nur historisch, aber riesig. Es hat Schnitzereien und Figuren wert, studiert und, natürlich, bewundern.",40,"Dallas, Texas",
Erlebnisdatum: Juni 2015,Tolle Leistung,"Wir freuten uns sehr, dass unser Besuch mit einer Leistung von Mozarts Zauberflöte kollidierte.Es ist eine monumentale Gebäude mit einer klassischen Fassade. Die Inneneinrichtung ist sehr reich verzierte über zahlreiche Etagen. Das Konzert Platz ist wunderbar und dekorativen. Die Akustik sind sehr gut.Die Oper setzt waren sehr beeindruckend. Der Gesang war ausgezeichnet. Ein sehr angenehmer Abend.",50,Ireland,Reiseart: als Paar
Erlebnisdatum: April 2015,Niedrige Qualität der großen Oper,"Zimmer verfügen über einen Wohnbereich in München für 2 Jahre und ich habe es endlich kam zum Schluss, dass Bayerische Staatsoper die niedrigste Qualität ist Opera House ich bisher erlebt haben.Meiner Meinung nach ist aufgrund der billig Aufführungen und aparten 'talentiert' moderne Directors auf diesem großen Bühne werden gezeigt. Mai der zeitgenössischen Kunst sollte provokanten aber nicht bis zum Grad sein kann, wenn es solche geschmacklos Shows verwandelt wird. Leider zeigt Bayerische Staatsoper mehr und mehr solche Auftritte. es ist auch bemerkenswert, dass die Oper hat immer minimalistischen Ansatz wenn es um Dekorationen und Kostüme kommt. Einige Zeit möchte ich nur darum bitten, dass - wo sie investieren das gesamte Geld? Kann es gar nicht laden sie einige vernünftige Opernsänger oder verwöhnen München öffentliche mit Welt Opera/Ballett Sterne einige Male?Auf der Suche nach an der Performance Zeitplan für die Semperoper Dresden und München Opernhäuser kann ich die große Lücke im Repertoire und die Qualität der Durchführung sehen.Disappoined:( Ich werde noch viel mehr für eine solche wunderschönen Opernhaus erwarten.",20,"München, Deutschland",Reiseart: mit Freunden
Erlebnisdatum: Juni 2015,Wunderschön,"Dies ist eines der schönsten Zimmer Sie je betreten. Absolut traumhaft, aber für Ihr Geld alles, was man bekommt, sind die mit Glas überdachten Innenhof und das Theater selbst, das ist eigentlich ziemlich klein, seien Sie also vorbereitet für das. Ich würde hier trotzdem bezahlt wenn es Doppelzimmer war. Wirklich sehr schön.",40,"Sydney, Australien",Reiseart: mit Freunden
Erlebnisdatum: Juni 2015,Einige Tipps unter:,"1. Opera oder Karte an diesem Ort ist ein richtiger Angelegenheit, deshalb sollte man dieses Ziel einen richtigen Nacht zu machen. Die Leute werden in Kostümen und Anzüge tragen.2. Wir sahen das Ballett in drei Akten. Vor Karte, und zwischen den einzelnen act, man kann sogar einen Drink zu genehmigen oder Fingerfood an den Theken im Ort und mit Sitzgelegenheiten. Es scheint, dass man viele Einheimische unternehmen.3. Buchen Sie Ihre Eintrittskarten schon früh auf. Wenn Sie auch einen Platz haben möchte, einen Blick auf die ganze theatre Setup würde ich eine an der Vorderseite auf der Seite und Balkon zu nehmen, anstatt nach vorne aber auf der Rückseite.",50,"Sydney, Australien",Reiseart: als Paar
Erlebnisdatum: Mai 2015,Es lohnt sich für planen,"Wenn Sie das Glück haben, nach München wenn es einem Opernbesuch ist, würde ich sagen, nicht zu verpassen. Das Haus ist wunderschön, die Akustik unglaublich. Wir sahen La Forza del destino und es war eine Erfahrung, die ich nicht vergessen werden. Hervorragende Darsteller und Orchester und moderne nacherzählung Verdi Classic. Wow!",50,"Charlotte, North Carolina",Reiseart: mit Freunden
