date,title,text,rating,visitor_origin,visit
Erlebnisdatum: Juli 2020,Wir kommen nochmal wieder! ,Aufgrund des großen Spektrums konnten wir nicht alles an einem Tag ansehen. Wir kommen sicher nochmal wieder und schauen uns den Rest an! Die derzeitige Kaffeeausstellung hat uns gut gefallen! ,40,,
Erlebnisdatum: Februar 2020,Unfassbare Vielfalt,Ein MUST in München. Unglaubliche Vielfalt. Geschichte und Forschung vereint. Für alle Altersgruppen. Immer aktuell und immer wieder Neues!,50,"Düsseldorf, Deutschland",
Erlebnisdatum: Juli 2020,Immer einen Besuch wert,"Sehr informative Ausstellungen mit viel Liebe zum Detail, man muss allerdings Schwerpunkte setzen, da ein Tag kaum reicht, um sich alles anzuschauen.  Abzug gibt es nur für die Cafeteria, da diese nicht besonders einladend ist.",40,"Kanton St. Gallen, Schweiz",
Erlebnisdatum: Juli 2020,Die Geschichte der Technik verstehen,"Ein modernes Museum, dass die Geschichte der Technik veranschaulicht. Wir hatten eine 2 stündige Privatführung (110 € bis 4 Personen) die einen sehr guten Überblick über einige der Highlights der Ausstellungen gibt.  Da das Angebot so riesig ist, empfehlen wir eine solche",50,"Troisdorf, Deutschland",
Erlebnisdatum: Oktober 2019,Immer wieder toll!,"Tolles Museum, die Zeit vergeht hier drinnen viel zu schnell... Mindestens einen halben Tag muss man einplanen.",50,"Salzburg, Österreich",
Erlebnisdatum: Juli 2020,Wir kommen nochmal wieder! ,Aufgrund des großen Spektrums konnten wir nicht alles an einem Tag ansehen. Wir kommen sicher nochmal wieder und schauen uns den Rest an!Die derzeitige Kaffeeausstellung hat uns gut gefallen!,40,,Reiseart: als Paar
Erlebnisdatum: Februar 2020,Unfassbare Vielfalt,Ein MUST in München. Unglaubliche Vielfalt. Geschichte und Forschung vereint. Für alle Altersgruppen. Immer aktuell und immer wieder Neues!,50,"Düsseldorf, Deutschland",Reiseart: geschäftlich
Erlebnisdatum: Juli 2020,Immer einen Besuch wert,"Sehr informative Ausstellungen mit viel Liebe zum Detail, man muss allerdings Schwerpunkte setzen, da ein Tag kaum reicht, um sich alles anzuschauen. Abzug gibt es nur für die Cafeteria, da diese nicht besonders einladend ist.",40,"Kanton St. Gallen, Schweiz",Reiseart: als Paar
Erlebnisdatum: Juli 2020,Die Geschichte der Technik verstehen,"Ein modernes Museum, dass die Geschichte der Technik veranschaulicht. Wir hatten eine 2 stündige Privatführung (110 € bis 4 Personen) die einen sehr guten Überblick über einige der Highlights der Ausstellungen gibt. Da das Angebot so riesig ist, empfehlen wir eine solche Führung für den ersten Besuch.",50,"Troisdorf, Deutschland",
Erlebnisdatum: Oktober 2019,Immer wieder toll!,"Tolles Museum, die Zeit vergeht hier drinnen viel zu schnell... Mindestens einen halben Tag muss man einplanen.",50,"Salzburg, Österreich",Reiseart: mit der Familie
Erlebnisdatum: März 2020,Fantastische Exponate - sehr gute Präsentierung,"Wir waren schon mehrmals da und sind jedesmal von der Vielfalt überrascht und erschlagen. 2 Tage von Öffnung bis Schließung waren wieder sehr anstrengend aber schön und wieder informativ. Einen einzelnen Bereich hervorheben geht gar nicht weil alle Bereiche sehr interessant sind und jeder seinen Interessen folgen sollte.Es war sauber, angenehm temperiert, alles in allem wieder ein gelungener Besuch.Gerne in 2-3 Monaten wieder.Wären wir Münchner hätten wir Dauerkarten.",50,"Aschaffenburg, Deutschland",
Erlebnisdatum: März 2020,Schöner Ausflug,Ich war letzte Woche mit meinem Lesepaten Kind im Deutschen Museum sie ist acht Jahre alt und kommt aus Vietnam. Es war ein schöner Besuch wie immer erlebnisreich und lehrreich ganz besonders haben uns natürlich die Blitze gefallen aber auch das Bergwerk. Das Deutsche Museum ist immer wieder ein Genuss. Auch ich als erwachsener kann nicht oft genug dort sein. Für Kinder ist es natürlich ein echtes Highlight.,50,"München, Deutschland",Reiseart: mit der Familie
Erlebnisdatum: Februar 2020,Spröde,"Hatte gute Erinnerungen an das deutsche Museum aus Kindertagen. Muss leider feststellen daß das Museum sehr spröde wirkt. Für kleinere Kinder, Kinder die noch nicht lesen können ist das Museum ungeeignet. Der Bergerwerkstrakt ist sehenswert. Der gesonderte Kinderbereich ist eher lächerlich, übergroße Lego Steine sind das Highlight.Von fachlichen/sachlichen ist das Museum immernoch top, museumspädagogisch müsste das Museum überarbeitet werden.",30,"Würzburg, Deutschland",Reiseart: mit der Familie
Erlebnisdatum: Februar 2020,Preisleistung stimmt nicht ganz,"War vor Jahren mit den Kindern hier. Jetzt war ich mit Freunden aus Hamburg hier, naja einmal gesehen reicht. Finde den Eintritt zu teuer, das Kombiticket würde sich eher lohnen, hatten aber keine Zeit um nach unterschleissheim zu fahren. Sonnst war alles ok.",30,"München, Deutschland",Reiseart: mit Freunden
Erlebnisdatum: Februar 2020,Vielfältige Reise durch die Welt der Technik,Grosszügige Ausstellungsfläche auf mehreren Etagen zeigen den Vielfalt der Technik inklusive die Technik der Natur.Sehr gut beschildert und erklärt und viele Knöpfe für kleine Kinder.,40,"Köln, Deutschland",Reiseart: als Paar
Erlebnisdatum: Februar 2020,DAS Museum ,"Riesiges Museum, ein Paradies für Technik Liebhaber, jedoch auch für weniger technisch Interessierte (wie mich) einen Besuch wert. Ideal geeignet als Programmpunkt für die ganze Familie, innerhalb der gesamten Ausstellung gibt es auch für die Kleinen einiges zu bestaunen, hinzu kommt ein phantasievoll gestalteter, separater Kinderbereich. Man sollte schon mindestens 3,5h einplanen, selbst dann hat man sicher noch nicht alles gesehen... Am besten schon vor dem Besuch gut planen, was man unbedingt sehen möchte und was eher nicht und dann ganz gezielt losziehen, da das Museum sehr weitläufig ist. Highlight war die Blitz-Vorführung im Bereich Starkstrom/ Elektrizität (10h/12h/14h/16h). Von der Aussichtsplattform/ Sonnenuhrengarten im 6. Stock (Planetarium) aus hat man bei klarer Sicht einen phantastischen Blick über die Stadt bis zu den Alpen.",50,Deutschland,Reiseart: mit der Familie
Erlebnisdatum: Januar 2020,Unterhaltsamer Museumsbesuch,"Der Kinderbereich hat uns sehr gut gefallen, getoppt nur vom Physikbereich mit Dutzenden von Exponaten zum Ausprobieren. Leider war es im Bereich der Werkzeugmaschinen sehr ruhig, dafür haben wir die Windkrafträder vorgeführt bekommen. Unbedingt das Museumspersonal ansprechen! Die Elektro-Show war super, aber zu aufregend für unser Kind. Insgesamt ist das Museum zu groß für einen Tag - mit vielen tollen Ausstellungen, für Kinder und Erwachsene. Und man kann ja wieder kommen :-)",50,"Voecklabruck, Österreich",Reiseart: mit der Familie
Erlebnisdatum: August 2019,Querschnitt durch die Geschichte der Technik,Ob Flugzeuge oder Schiffe und viele andere Technische Gräte es ist für jeden was dabei einfach gut dargestellt,40,,
Erlebnisdatum: Januar 2020,Baustelle,"Es werden weitläufige Restaurierungen durchgeführt, deshalb sind viele Abschnitte gesperrt. Die Baukosten sind immens aus dem Ruder gelaufen",40,"Bayrischzell, Deutschland",Reiseart: als Paar
Erlebnisdatum: Mai 2019,Sehenswert!,Ich war als Schülerin das erste Mal im Museum und ich war sehr beeindruckt.  Jetzt nach 40 (!) Jahren der zweite Besuch und es war immer noch ein tolles Erlebnis!,50,"Achern, Deutschland",Reiseart: als Paar
Erlebnisdatum: Februar 2020,Mit App geplant echt super.,"Wie immer zu viele Informationen für einen Tag! Eine Vorbereitung ist notwendig. Hier hilft die App des Museums!Dieses Mal gab es Physik, Kaffee und Nanotechnologie.Danke liebe Museumsmitarbeiter für die Informationen.",50,"Freigericht, Deutschland",Reiseart: als Paar
Erlebnisdatum: Januar 2020,Erlebnis Deutsches Museum Museumsinsel,"eine einzige Katastrophe seit über 2 Jahren, wir haben immer wieder geschaut ob die bekannten Exponate wie Flugzeuge Tante Ju usw hier sind, immer geschlossen und weggesperrt.Sie verlangen auch noch eine Stunde vor Zusperren 28 Euro für 2Personen und dann gar nichts, eine echte Frechheit,sollte man meiden!!!!wunderschon dagegen das Verkehrszentrum am Bavarienpark nur 7 Euro für den ganzen Tag, schöne und viele Exponate freundliche Aufseher... hier sollte man hingehen, kein Vergleich zu dem gierigen Museumsinsel Nepp dort sollte man zusperren wenn man nichts bieten kann.",10,,
Erlebnisdatum: Januar 2020,Riesige Ausstellung mit Aufklärender Elekto-Show,"Auf Grund der draußen herrschenden Kälte haben wir uns zu einem Besuch im Deutschen Museum entschieden. Die tatsächliche Größe des Museums haben wir dabei total unterschätzt. Die 3h dort vergingen ziemlich schnell. Man sollte also durchaus etwas Zeit einplanen wenn man einen Besuch plant.Die Ausstellung ist dabei ziemlich interessant. Wir haben in unseren 3h lediglich die Nautik/Schiffahrtsausstellung geschafft und die, tatsächlich durch Zufall entdeckte Show zur Hochspannung. Man möge meinen das Hochspannung an sich total langweilig ist aber die Show selbst war das komplette Gegenteil. Blitzeinschläge, sichtbar gemachte Hochspannungen mit helblau leuchtenden Stromflüssen und die Demonstration eines Faradayschen Käfig waren Teil der Show. Unerwartet Spannend und auf jeden Fall einen Besuch wert!Hätten wir mehr Zeit gehabt wäre die ""Show-Mine"" sicherlich auch ein spannendes Thema geworden.Für kleinere Kinder und die, die evtl. nicht so super gerne ein Museum besichtigen möchten, gibt es eine Kids Area in dem sie spielen können sodass Eltern in Ruhe das Museum besichtigen können. Ich werde auf jeden Fall zurück kommen um den Rest zu sehen. Der Eintritt ist mit 14€ ziemlich günstig!Wichtig ist, etwas Zeit ein zu planen!",50,,Reiseart: mit Freunden
Erlebnisdatum: Dezember 2019,Diesmal enttäuscht,"Diesmal wurden wir bei unseren Besuch sehr enttäuscht, da wir nicht wussten, dass das Museum neu gestaltet wird. Es wurde auch nirgends darauf hingewiesen, dass viele Abteilungen geschlossen sind. (Chemie, Titanic, U-Boot, Bergwerk usw.)",30,"Perchtoldsdorf, Österreich",Reiseart: mit Freunden
Erlebnisdatum: April 2019,Interessant,"Wir waren nun schon öfters hier und sind jedes Mal begeistert. Es ist wirklich ein vielseitiges, informatives, interaktives und großes Museum. Für Groß und Klein gibt es Interaktionen bei den Ausstellungsstücken und auch für die ganz Kleinen einen eigenen Kinderbereich. Es ist alles sehr detailgetreu nachgestellt und man hat wirklich Lust sich zu bilden!Zum Abzugspunkt: Sehr lange Schlage beim Eingang (trotz schönem Wetter, wir möchten nicht wissen, was da los ist, wenn es regnet); es ist echt ein sehr großes Museum und man kann einfach nicht alles in ein paar Stunden ansehen - unmöglich",40,"Bad Bleiberg, Österreich",
Erlebnisdatum: Januar 2020,Hervorragend,"Das deutsche Museum ist immer wieder fantastisch! Die Kaffeeausstelllung ist ein Muss wie auch das Planetarium. Ein Tag reicht nicht, um alles zu sehen und zu studieren. Die App des dt Museums ist sehr empfehlenswert. Die vorgeschlagenen Touren lohnenswert. Jeder Euro ist sinnvoll in diese einmalige Sammlung sinnvoll investiert . Wir kommen wieder",50,,Reiseart: als Paar
Erlebnisdatum: Mai 2019,Ein Muss für Jung und Alt,"schon als Kind war ich fasziniert von den vielen Dingen zum Anfassen, auch heute sind die alten Versuche noch in Betrieb, oft aber nur mit einer Führung. ich empfehle jedem, eine der kostenlosen Führungen mit zu machen, ich mache das jedes Mal wenn ich im Museum bin. Da sind engagierte Pensionierte Experten die mit viel Liebe zum Detail und Enthusiasmus die Ausstellung erklären. Wenn ein Kind dabei ist, darf es auch irgendwas selber bewegen, starten oder sonst mitmachen. unbedingt einen ganzen Tag Zeit nehmen, man kann nie alles sehen!",50,"München, Deutschland",
Erlebnisdatum: Januar 2020,Hatte schon bessere Zeiten....,"Als Kind war „Das Deutsche Museum“ neben Hellabrunn & Circus Krone einer der HotSpots in München. Nun war ich nach vielen Jahren mal wieder und war bis auf ein paar Ausnahmen sehr enttäuscht.Viele der Abteilungen/Ausstellungen sind extrem veraltet und auf einem Info Stand von z.B. 1998. Für ein technisches/naturwissenschaftliches Museum ist das aus meiner Sicht ein Armutszeugnis.Auch die vergilbten und verlotterten Schilder etc. wirken alles andere als einladend. Neue bzw. Sonderausstellungen wie die Kaffee-Ausstellung dagegen zeigen, das es auch anders geht.  Ja, mir ist bewusst, dass es wohl eine Budget Frage ist, aber bei 750 Mio.€ Renovierungskosten sollte doch 1 Mio. € für Info-Updates der Bestandsobjekte vorhanden sein.Ebenso ist es jammerschade, dass sowohl Autos, wie auch Flugzeuge nicht mehr am Stammhaus sind, wenn auch verständlich warum. Preis/Leistung ist am Ende dennoch ok, aber der Museums-Shop und das Restaurant sind zu teuer und nicht familienfreundlich!",30,"München, Deutschland",Reiseart: mit Freunden
Erlebnisdatum: Dezember 2019,Es waren alle im Museum,"Da an Silvester geschlossen haben wir uns das Museum für den 30.12. vorgenommen. Anreise mit U- und S-Bahn problemlos. Dann vor und um den Museumsshop die Warteschlange an der Kasse. Besser ie Karten Online gebucht. Mindestens ne halbe Stunde gespart. Im Museum wiebelt und wabelt es, hunderte Familien, alle hatten dieselbe Idee. Übersichtsführung gebucht. Das war eine gute Idee, ca 2 1/4 Stunden. Führer gut aber sprach zu leise. Anschließend noch die Kaffeeausstellung besucht. Kaffeebar leider schon geschossen um 16:00 Uhr, geht gar nicht. Zum Abschluss noch in den Museumsshop. Dort endlich Kaffee. Das nächste mal besuchen wir das DM unter der Woche. Wie habe auch die Aussenmuseen mitgebucht. Tickets unbegrenzt gültig!",30,"Fürth, Deutschland",Reiseart: als Paar
Erlebnisdatum: Dezember 2019,Spannendes Museum für jeden in der Familie,Empfehlenswertes Museum - Eintritte vorher auf dem Internet bestellen und so lange Warteschlangen vermeiden,50,,Reiseart: mit der Familie
Erlebnisdatum: Dezember 2019,Museum von anno dazumal,"Ich war nach 35 Jahren wieder im Deutschen Museum, mit meinen Nichten. Es sieht 1:1 genauso aus wie zu meiner Kindheit: dieselben veralteten Exponate, dieselben abgegriffenen Schaltkästen, dieselben Erklärungen von anno dazumal. Die technologische Entwicklung steht für dieses Museum offenbar seit Jahrzehnten still. EInziger Unterschied zu meiner Kindheit: die Flugzeuge und Eisenbahnen sind weg, und die Hälfte des Gebäudes ist wegen Bauarbeiten gesperrt. Dafür 14 Euro sind eine Frechheit - das Deutsche Museum wäre aber auch für die Hälfte des Preises keinen Besuch. Dass der Freistaat Bayern es so hat verkommen lassen, ist eine Schande.",10,"München, Deutschland",
Erlebnisdatum: Dezember 2019,Out of date,"Sicher sind zahlreiche Exponate etwas sehr besonderes und sehenswert. Aber ... Nach einem enttäuschenden Besuch mit niederländischen Freunden muss ich als Münchnerin jetzt doch mal eine Kommentar hinterlassen. Rund 50 % der Besucher waren fremdsprachig und nichts, aber gar nichts würde den Interessen dieser Besucher gerecht. Kein Audio Guide z. B. Keine Texte in Englisch. Dazu noch dreckiges Restaurant, dreckige Toiletten, unfreundliches Personal. Missmanagement hoch 3.",10,,
Erlebnisdatum: Dezember 2019,Back in time ,"Leider sehr enttäuschend. Wenn 1980 wäre und man keine anderen Museen kennt, dann hat man hier vielleicht Spaß.Leider hat das Museum den Anschluss in die heutige Zeit komplett verpasst. Röhren Monitore und nicht mal eine Audio Tour.Mein damaliger Physik Lehrer hätte seinen Spaß.Siehe mein Foto- das war KEIN Ausstellungsstück sondern eine tatsächlich “touch and see “ Attraktion... (2019!!!!)",10,"München, Deutschland",
Erlebnisdatum: Dezember 2019,Beeindruckend,Ein riesiges Museum für dass man viel einplanen sollte um es vollständig zu erkunden. Alles ist gut erklärt und die Modelle sind wunderschön detailliert. Besonders empfehlenswert ist die Schiff- und Minenabteilung.,50,"Freiburg, Deutschland",Reiseart: mit Freunden
Erlebnisdatum: Dezember 2019,"Sehr interessant, aber Zeitintensiv","Schönes Museum, in dem es wirklich viel zu sehen gibt. Die Menge an Ausstellungsstücken ist imposant. Auch für Kinder ist reichlich dabei. Man sollte aber schon einen ganzen Tag verplanen. Nützlichvist es auch, wenn man sich vorher einen Überblick verschafft und sich die Dinge heraus sucht, die einen vorrangig interessieren. Der Lageplan verschafft leider nicht den erwünschten Überblick. Es verzweigen sich die Ausstellungsräume doch sehr stark.Ist auf jedenfall zu empfehlen.",40,"Lippstadt, Deutschland",Reiseart: als Paar
Erlebnisdatum: November 2019,"""Interessante Welt""","Ist immer einen Besuch wert, überhaupt bei schlechtem Wetter. Interessante Fachthemen wie Wissenschaft, Technik, Astronomie, Elektronik, Energie und Umwelt. Am besten die Historische Luftfahrt, Schifffahrt und Meereskunde. Einfach faszinierend.",50,"Lermoos, Österreich",
Erlebnisdatum: November 2019,Genug Zeit einplanen ,"Positiv war, dass eine eigene Haltestelle vorhanden ist. Für den Eintrittspreis bekommt man seeehr viel zu sehen und ist sein Geld wert. Aber es ist auch sehr viel unter einem Dach und meiner Meinung bisschen unübersichtlich.Wir waren an einem Sonntag mit schlechtem Wetter evtl wenn man wirklich in Ruhe alles anschauen möchte einen Wochentag wählen. DEFINITIV genug Zeit einplanen.",30,"Friesenheim, Deutschland",Reiseart: mit Freunden
Erlebnisdatum: November 2019,Wahrscheinlich besser an einem wochentag,"Wir waren am Sonntag dort, bei mäßigem Wetter.Es war sehr voll!Wir fanden den Aufbau etwas verwirrend und unübersichtlich.Leider gab es auch keinen ""leitfaden"" wie man laufen kann um alles zu sehen, sowie viele Sackgassen.Das Planetarium ( gegen zusätzliche gebühr) war eine echte Enttäuschung.Alles in allem war es für uns nicht das richtige, aber bestimmt einen Versuch wert.",30,"München, Deutschland",Reiseart: mit Freunden
Erlebnisdatum: Oktober 2019,Unbedingt lohnend:,Vor allem die grandiose Bergbau-Abteilung! Eines der spannendsten Museen für Kinder und Jugendliche überhaupt!,50,"Berlin, Deutschland",
Erlebnisdatum: November 2019,Altbewährt und doch immer wieder neu,"Das Deutsche Museum ist ein ""Dauerrenner"" in unserer Familie, weil es durch immer wieder neue ansprechende Ausstellungen zu einem Besuch anregt. Mein Enkel ist immer gerne dabei und bekommt dort immer rote Wangen, die seinen Eifer und die Begeisterung ablesen lassen. Der nächste Besuch ist nicht mehr weit.",50,"München, Deutschland",
Erlebnisdatum: November 2019,Sehenswert!,Das Deutsche Museum ist ein muss für den Besuch der Stadt München! Durch seine Größe ist es schier unmöglich alles an mir einem Besuchstag zu erfassen! Hier ist definitiv für jeden etwas dabei!,50,"Daun, Deutschland",Reiseart: als Paar
Erlebnisdatum: November 2019,"3 Tage, viel Neugierde und gute Schuhe mitbringen","Das grösste und bislang umfangreichste Museum, das ich schon je besucht habe. Erstbesucher seien gewarnt. Ohne Plan ist man verloren. Informieren sie sich vor dem Besuch darüber, was sie gerne sehen wollen. Es gibt zahllose Abteilungen und Millionen Exponate. Um alles zu sehen braucht man wohl 3 Tage. Also auf gewisse Teile beschränken, und mehrmals hingehen. Denn alles ist so interessant hier. Nicht verpassen - die Bergbau-Abteilung. Und legen sie ihre Kinder an die Leine, sonst werden sie sie nie mehr wiederfinden. Gewisse Shows erfordern Extrakarten.",50,"Winterthur, Schweiz",
Erlebnisdatum: November 2018,Für jeden technisch interessierten Menschens einfach sehenswert,"Ich sollte vorher dazu sagen, dass ich einige Jahre nicht mehr im Deutschen Museum war, aber es hat sich über 40 Jahre, in denen ich es regelmäßig besucht habe, nicht viel verändert, also nehme ich mal an, dass es heute noch so ist.Das Deutsche Musum in München ist eines der besten technischen Museen der Welt. Wer sich in irgendeiner Weise für Technik oder Wissenschaft interessiert, wird hier etwas Interessantes finden. Ich habe mir dieses Museum über ein halbes Jahr hinweg mittels Jahreskarte an jedem Wochenende einen Tag lang angesehen, und es damit wirklich einmal ganz gesehen. Wenn man nur einen Tag hat, sollte man sich maximal 2-3 Abteilungen aussuchen, die man ansehen möchte. Das ganze Museum kann man nicht unter 8-10 Tagen sehen. Besonders empfehlenswert, insbesondere mit Kindern: Die Starkstromelektrik mit ihren künstlichen Blitzen. Die Verkehrstechnik wurde ausgelagert und liegt jetzt neben der Wiesn, aber auch der Rest ist phantastisch. Achtung: Technisch Uninteressierte sollte man nicht nötigen, in dieses Museum zu gehen. München hat für alle Geschmäcker was zu bieten. Technisch interessierte Kinder sind hier im Paradies. Die Physik-Abteilung kann in einem Nachmittag spielerisch den Physikunterricht eines ganzen Schuljahrs erfahren, und das mit Spaß.Was man nicht erwarten sollte: Technik-Kritik. Das Deutsche Museum stellt Technik vor, bewertet diese aber nicht. Das ist in diesem Museum Konzept, und meiner Meinung nach auch gut so.",50,"München, Deutschland",
Erlebnisdatum: Oktober 2019,Sonderausstellung Kaffee,Sehr schön aufgebaute Sonderausstellung für Kaffee. Schade dass die Pflanzen 🌱 nicht echt sind. Der Espresso an der Supremo Bar aus Indien ist leider nicht so besonders.Insgesamt aber eine gute Idee mit hilfreichen Informationen,40,"Engen, Deutschland",Reiseart: geschäftlich
Erlebnisdatum: Oktober 2019,Für einen Besuch mit besserer Orga zufriedenstellend,"Das Ausstellung ist sehr vielfältig und bietet für alle Themengebiete das passende. Leider wurden uns Informationen über stattfindende Führungen nicht mitgeteilt, wodurch wir vielfach umsonst gewartet haben. Hinzu kam, dass viele Führungen ohnehin an dem Tag nicht stattfanden. Die Laufwege innerhalb das Museums waren sehr verwirrend, wodurch man sich nicht zurechtfinden konnte. Es fehlte ein klarer Rundgang. Das Planetarium mit Vorführung ist sehr zu empfehlen und ein Besuch wert (Zusatzkosten).",30,,Reiseart: mit der Familie
Erlebnisdatum: Oktober 2019,Deutsches Museum. Das Museum für alle Museumsallergiker :-),"Immer wieder einen Besuch wert. Wenn man alles anschauen und wahrnehmen möchte, langt eine Woche nicht. Also immer mal wieder und Spaß dabei haben",50,"Alzenau, Deutschland",Reiseart: geschäftlich
Erlebnisdatum: September 2019,Toll,Hier muss man gewesen sein. So tolle Informationen und Sehenswürdigkeiten ist selten. Unglaublich interessant und bildend.,50,"München, Deutschland",Reiseart: mit der Familie
Erlebnisdatum: September 2019,Fotomuseum,Auf der website werben sie mit fotomuseum..leider gibts das nicht mehr.4 etagen unterschiedliche austellungenIst interessant.Dem personal..die leute nicht so anstarren..das ist unangenehm fuer den besucher..Wir wollen die austellungen ansehen und nicht klauen.Laesst dich verweilen.,30,"Cagliari, Italien",Reiseart: allein
Erlebnisdatum: September 2019,Sehr interessant teilweise,"Ja das Museum ist in die Jahre gekommen, aber es wird renoviert und saniert und dass man dann Einschränkungen in dieser Zeit in Kauf nehmen muss, ist für mich völlig normal. Es wird wenigstens was getan. Jeder hat so seine Interessen und was der eine spannend findet, interessiert den anderen nicht. So ist das nun mal in einem Museum, welches so viele Bereiche abdeckt. Das Restaurant könnte besser organisiert sein. Und do zwischendurch Ruheecken fände ich auch ganz schön. Aber man kann nicht allen Menschen gerecht werden. Da wir in der Nähe des Ruhrgebiets wohnen und sowohl Zeche Zollverein als auch den Landschaftspark in Duisburg schon besucht haben, ist das Bergwerk etc für uns nicht sooo interessant und gelungen aber für jemanden, der do etwas gar nicht kennt ist es gut gemacht. Was ich nur nicht verstehe, warum eine Riesen Photografie eines Hochofens aus Amerika dort hängt, wo wir in Deutschland die größten Hochöfen stehen haben. Alles in allem waren es interessante und unterhaltsame Stunden bei regnerischem Wetter.",40,"Wegberg, Deutschland",Reiseart: als Paar
Erlebnisdatum: September 2019,Technik pur,"Tolles riesiges und umfangreiches Museum. Beeindruckende Gegenstände oder Nachbauten aus vielen Jahrhunderten. Absolutes Muss wenn einmal in München ist, allerdings sollte man sich Zeit nehmen.",50,,Reiseart: als Paar
Erlebnisdatum: September 2019,Einfach nur noch peinlich - dafür habe ich kein Verständnis,"Ich war an einem regnerischen Sonntagvormittag hier. Der Ansturm um 9.30 Uhr hielt sich noch in Grenzen.Allerdings war ich schon im Außenbereich - nun, nennen wir es - überrascht. Die Kasse in einem Container und Beworben wird eine Tiefsee-Ausstellung aus 2012?!Im Inneren die nächste Ernüchterung - der Kontrolleur am Einlass war mit meiner im Internet gekauften Eintrittskarte überfordert. Und damit zeichnete sich schon ab, was mich dann wohl erwarten würde - Überforderung und Dilettantismus.Während die Schiffe-Abteilung direkt nach dem Eingang war wie gewohnt, war ich schon von der Elektrotechnik-Vorführung ernüchtert. Man schafft es leider nicht, dem Ansturm gerecht zu werden. Sonntagvormittags um 11 war die Vorführung so voll, dass man schlichtweg nichts sehen konnte - mit Kindern gar nicht vorstellbar. Nebenbei bemerkt: die Absperrungen um einige Exponate waren so wackelig, dass man sich nicht mal traute sich dagegen zu lehnen ...Weiter im Haus: Wo ist die Chemie geblieben? Und was soll das für ein Mist bei der Pharmazie sei? Eine Aneinanderreihung von quietsch-farbigen Schautafeln, merkwürdigen Schwerpunkten, nichts, was mit Produktion oder Analytik zu tun hat. Aber man weiß jetzt wenigsten, dass der vorhandenen Farbdrucker funktioniert ...Die Physik: Bewährt, mit sehr verständlichen Experimente, wenn sie denn funktionieren. Mitarbeiter verwenden viel Zeit darauf, die Schaukästen abzustauben, auch dann wenn das Experiment darin gar nicht mehr funktioniert, weil der Zahn der Zeit und die Besucher wohl sehr daran genagt haben ...EDV - echt jetzt (ich wollte mir den Spruch verkneifen, aber mir fällt nichts anderes ein): Eine Anregung von riesigen alten Schalt- und Relais-Schränken. OK, einmal aber nicht 10 mal hintereinander; und das alles scheint vor 15 Jahren stehen geblieben zu sein.Die Sonderausstellung Kaffee - nett (ja, und ich meine das als kleine Schwester von ...) Ein opulenter Sonderbau, über einen extra gebauten Frei-Weg erreichbar - hier hatte wohl das ansonsten bestehende bauliche ""Innenhof-Problem"" (siehe unten) keinen Einfluß?! Im Plan leider dem falschen Stockwerk zugeordnet und nur durch Zufall gefunden. Hier finden sich ganz schöne Exponate, aber wieder viel mehr farbige Schautafeln. Und die Fühlung, äh, was äh, soll äh, ich äh, schreiben? Lesen sie sich doch einfach alles durch, das würde sonst den Rahmen der Führung äh, sprengen.Sorry Leute. Der Fund der Weltkriegsbomben im Innenhof wird thematisiert, auch die Schwierigkeit des Abtransports. Ich habe auch für viel Verständnis. Aber dass man ein Museum dann so runterwirtschaftet? Die geschlossenen Ableitungen im Hauptgebäude haben mit dem Innenhof nichts zu tun. Und dass gefühlt fast alle Führungen und Aktivitäten an einem Sonntag - angeblich wegen Personalmangels - ausfallen müssen, wohl auch nicht.Das, was da aktuell in München als Deutsches Museum rumsteht ist weder der historischen Bedeutung der Einrichtung, der Stadt noch dem Preis und dem Service, der dafür geboten wird, würdig.",10,"Annweiler am Trifels, Deutschland",
Erlebnisdatum: August 2019,Museumsbesuch,Die Ausstellungen sind hoch interessant und einen Besuch wert.Die Präsentation und das Haus als ganzes ist jedoch sehr in die Jahre gekommen.,20,,Reiseart: als Paar
Erlebnisdatum: August 2019,Wir waren gar nicht drin!,"Zuerst: Ich erlaube mir keine Bewertung zum Inneren des Museums. Aber über die ungenügende Organisation in jedem Fall.Da wir mit zwei Kindern extra von weit her angereist sind, war die Vorfreude dementsprechend groß. An einem Samstag in den Schulferien rechnet man natürlich auch damit, dass es voll ist, doch etwas in dieser Dimension hatten wir nicht erwartet. Die Schlange vor der Kasse war so unglaublich lang, dass wir Menschen im vorderen Bereich fragten und diese warteten bereits seit über 2 Stunden. Der Kassenbereich war in einem Container untergebracht, wahrscheinlich wegen der momentanen Bauarbeiten. Ich habe KEINERLEI Verständnis dafür, wie ein Museum dieser Größe und mit dem Zulauf aus der ganzen Welt es nicht schafft, mehr Kassen zur Verfügung zu stellen. Eine absolute Zumutung war das und das Personal war zusätzlich auch noch unfreundlich. Danke für den Frust und die Tränen bei meinen Kindern. Nie wieder.",10,"Gütersloh, Deutschland",
Erlebnisdatum: August 2019,"Schön, groß, Fahrstühle mäh","Das Museum ist riesengroß, hat sehr viel zu bieten, alles soweit auch wunderbar. Wenn man aber mit einem Kindderwagen unterwegs ist, wird es tricky - Fahrstühle sind klein und unbequem, auf anderen Stockwerken außer dem Erdgeschoss wartet man ewig auf einen freien Fahrstuhl nach oben - mit drei bis vier Leuten ist dieser bereits zu voll. Die größeren Fahrstühle gehen nur bis zum dritten OG - unbequem!Das Planetarium lockte mit einer Vorstellung für EUR 3,50 extra, aber die Vorstellung war ein bisschen trocken, nicht sehr zugänglich, teilweise zu viel Fachjargon für einen Ottonormalbesucher. Die vergleichbare Vorstellung im Natural History Museum in New York ist sehr viel schöner und zugänglicher für Nicht-Astronomen.Personal könnte hier und da freundlicher sein. Vor allem nicht die Leute anmotzen, die verborgene kleingedruckte Information nicht direkt beim Betreten des Museums verinnerlicht haben (weil diese nicht sehr omnipräsent ist).",30,"Düsseldorf, Deutschland",
Erlebnisdatum: August 2019,Dieses Museum gehört ins Museum!,"Ich war, glaube ich, vor ca. 45 Jahren das erste Mal in diesem Museum, und dachte, meinen Töchtern und einem befreundeten Mädchen an einem verregneten Augusttag etwas Besonderes bieten zu können. Das klappte auch zu Beginn unerwarteterweise sehr gut, mussten wir doch, auch wegen des nicht funktionierenden Onlineticketing-Service, geschlagene 70 Minuten anstehen, um an einer der 2 (in Worten zwei!) Kassen - mehr sind offensichtlich nicht vorgesehen - unsere Eintrittskarten zu erstehen.In meiner Erinnerung hat sich seit meinem ersten Besuch nicht wirklich etwas verändert, außer daß modernere Entspannungsliegen angeschafft wurden... Die Vorführungen, die wir besuchten - Hochspannung, Flüssiger Stickstoff,   Mikroskopisches Theater - glänzten durch viel zu wenig Platz für interessierte Besucher. Die verschiedenen Themenbereiche gefallen durch eine weitreichende verstaubte Anmutung wahrscheinlich nur eingefleischten Nostalgikern, von modernen interaktiven, didaktisch und für junge Besucher pädagogisch sinnvollen “Experimenten” fehlt weit und breit jede Spur, sieht man von den zaghaften Versuchen im VR-Bereich und den sich daran anschließenden Räumen im Sektor “Neue Technologien” ab... aber bis wir dort waren, hatte sich bei meinen Zöglingen schon allgemeine Ermattung eingestellt. Auch hinsichtlich des Konzeptes zur zielgerichteten Besucherführung ließe sich einiges verbessern. Zugegeben, ein Museum dieser Größenordnung ist schwierig zu strukturieren und für den interessierten Besucher systematisch zu erschließen - zumal in einem Nachmittag, mehr blieb uns nach der anfänglichen Warterei an Zeit nicht übrig. Meines Erachtens ist es dringend erforderlich, in vielen Bereichen über eine zeitgemäße und moderne - im besten Fall innovative - Präsentation der Sammlung und der interaktiven Angebote nachzudenken. Andere Angebote im Alpenumfeld - ob klein oder groß - zeigen, wie das gelingen könnte. Diese haben z.T. allerdings den nicht von der Hand zu weisenden Vorteil, daß sie nicht auf so eine lange Geschichte zurückgreifen können.... Fluch und Segen!Das Museumsrestaurant hat konzeptionell und qualitativ den gleichen Überarbeitungebedarf!",20,"Lörrach, Deutschland",
Erlebnisdatum: Juli 2019,"Das Deutsche Museum ist top, das Verkehrszentrum hat nicht gelohnt","Das Deutsche Museum auf der Museumsinsel ist interessant und mit tollen Exponaten ausgestattet, welche teilweise auch in Vorführungen näher gebracht werden.  Die Themen sind gut gegliedert. Es macht m.E. Sinn, wenn man sich vor dem Besuch gut über das Museum informiert und sich entsprechend seiner persönlichen Interessen vorbereitet. Man verliert dann beim Besuch keine wertvolle Zeit mit der Sucherei in dem riesigen Museum , obwohl die Ausschilderung recht gut ist.Das Verkehrszentrum des Deutschen Museums erscheint mir dagegen konzeptlos.So richtig gezielt wurde da keine Sammlung/Thema aufgebautt, von allem ein bisschen und das etwas durcheinander.Viele Exponate sind nicht gut zu besichtigen, so kann man z.B. bei den Straßenbahnen in den Fahrgastraum sehen, aber das eigentlich Interessante, wie Führerstand und Technik, ist nicht einsehbar.Auch viele der ausgestellten Autos sind innen ebenfalls schlecht bis nicht einsehbar.Einige Exponate waren abgesperrt und einige Vorführungen wurden an dem Besuchstag nicht  angeboten.",30,,Reiseart: als Paar
Erlebnisdatum: Juli 2019,Vielseitig & Eindrücklich,"Das deutsche Museum bietet Einblicke in Technik, Physik, Entwicklungsgeschichte, etc. mit eindrücklichen Ausstellungsobjekten (Schiffe, Kleinflugzeuge).Zudem gibt es noch eindrückliche live-Präsentationen und Vorführungen.",50,"Luzern, Schweiz",Reiseart: mit Freunden
Erlebnisdatum: Juli 2019,1 Stunde Warten,"Teuer Teuer wie ganz München, was man bekommt haut einen nicht mehr vom Hocker. Essen bekommtst um 16.15 Uhr nichts mehr, stop Eis evtl. noch ein Kuchen. Und der Preis dafür wie immer Salzig.",10,,Reiseart: als Paar
Erlebnisdatum: März 2019,Zeit mitbringen,"Das Museum ist einfach riesig und bietet genug um mehrere Tag darin zu verbringen. Wenn man nicht so viel Zeit hat am besten vorher eine Themenauswahl treffen.Kleiner Tipp: Wer die Tickets online kauft, spart sich das Anstehen an der Kasse.",40,,Reiseart: als Paar
Erlebnisdatum: Juli 2019,Enttäuschend,"Ich war enttäuscht. Außer das Planetarium, das fand ich gut. Vieles nicht mehr zeitgemäß, runtergekommen und einfach alt.",20,"Kitzingen, Deutschland",
Erlebnisdatum: Juni 2019,Ein Muss,"Wenn man in München ist, muss man das Deutsche Museum besuchen. Aber man muss viel Zeit einplanen, um alles zu sehen. Es ist einen besuch absolut wert. Kann es nur empfehlen.",50,,Reiseart: mit der Familie
Erlebnisdatum: August 2018,Zu empfehlen ,"Sehr große Museum, mit unterschiedlichen Richtungen. Ich war schon drei mal da und finde immer noch interessant da hin zu fahren. Planetarium ist zu empfehlen, kostet extra aber ich finde es lohnt sich. Hochspannungsanlage ist beeindruckend. Zu mal Zeit kann ich Bayrischer Hotdog empfehlen: Laugensemmel, Weißwurst mit süssem Senf und Meerrettich ist gute Kombination. Am Wochenende und Feiertagen viele Besucher und es loht sich früher kommen um lange Schlange zu vermeiden.",50,"Kempten, Deutschland",Reiseart: mit Freunden
Erlebnisdatum: Juli 2019,Museumsbesuch lohnt sich!,"Riesige Auswahl an Themenbereichen (fast etwas überfordernd). „Bergbau“ cool nachgestellt, physikalische ‚Experimente‘ zum selber Ausprobieren, aktuelle Themen.  Extrem spannend, lehrreich und vielfältig.",40,,Reiseart: als Paar
Erlebnisdatum: Mai 2017,Techn. Geschichte inkl Amateurfunk,"Hervorragendes Museum mit Anbindung an aktuelle Themen.Vieles wird einfach erklärt - ein MUSS für jedermann. Eine eigene Radiostation und auch eine Amateurfunkstation, die täglich in Betrieb sind sind einige der sehr vielen ""Highlights"".Ein MUSS wenn man München besucht!!!",50,"München, Deutschland",Reiseart: mit Freunden
Erlebnisdatum: Juni 2019,Auf völlig falschem Kurs,"Seit über 40 Jahren bin ich Besucher im Deutschen Museum. Der musemumspädagogische Wert, insbesondere der Abteilungen Physik oder Elektrik galt als einzigartig, die teils schlichten Versuche, an denen Kinder und Erwachsene sich probierten, bot tiefe Einblicke und hat bestimmt einige Forscher hervorgebracht. Was passiert nun: Mit enorm viel Klamauk, technischem Schnickschnack, teurem und sponsorenverliebten Aufwand werden neue Abteilungen geschaffen, die unübersichtlich und pädagogisch wenig einfallsreich sind. Der Bereich Pharmazie gleicht einem Provisorium. Was wäre da alles möglich gewesen? Erneuerbare Energien - ist denn niemandem etwas einfallsreicheres eingefallen, als die paar Exponate? Vor allem: Mit wenigen Mitteln, vielleicht sogar etwas ehrenamtlichen Engagement ließen sich die alten und bewährten Abteilungen der Physik, Elektrik, Schifffahrt, Bergbau gut erhalten und weiterentwickeln. Aber dort: Fast jedes dritte experimentelle Exponat ist defekt. Was für ein Trauerspiel! Lasst doch den ganzen Aufwand für Nanophysik! Das ist doch hauptsächlich ein Steckenpferd des Leiters und nur wenige interessieren sich wirklich dafür. Ihr seid ein technisches Museum, keine Zukunftswerkstatt. Wenn Heckl mit Söder in Startreck-Kostümen spielen will, soll er das im Kindergarten tun. Aber bitte lasst das Gute am Deutschen Museum nicht so schändlich zugrunde gehen!Finaziell am Ende, kaum Ideen und nicht das geringste Gespür für die gute Tradition einer einhundertjährigen Einrichtung. Wie konnte das passieren? Wann wird der Kurs korrigiert?",10,"Holzkirchen, Deutschland",Reiseart: mit der Familie
Erlebnisdatum: Juni 2019,Hier gibt es unglaublich viel zu sehen,Dort wird nahezu jeder wissenschaftliche Bereich gezeigt. So groß habe ich es nicht erwartet. Überall gab es etwas zu sehen mit vielen schildern und Erklärungen. Eine Führung haben wir nicht gemacht aber auch diese scheinen regelmäßig zu sein. Manche Etagen sind nicht ganz so sehenswert wie andere aber alles in allem waren wir fast 5 Stunden vor Ort und fanden es einfach fantastisch. Große Empfehlung!!!,50,"Oberhausen, Deutschland",Reiseart: als Paar
Erlebnisdatum: Mai 2019,"Ein Museum, das leider in den 90er Jahren des letzten Jahrhunderts steckengeblieben ist...","Wir hatten eigentlich vor, nach einem Erkundungsbesuch von 2h am nächsten Tag noch mal ein paar Stunden im Deutschen Museum zu verbringen. Das haben wir dann doch lieber sein lassen. Das Museum wird seinem Ruf leider nicht mehr gerecht. Es ist schon ordentlich in die Jahre gekommen. Man hat es einfach nicht auf einem halbwegs aktuellen Stand gehalten. Museumspädagogisch kann es mit anderen berühmten Museen (z.B. in London) bei weitem nicht mithalten. Die erläuternden Texte sind überfrachtet. Touch-Screens sind die Ausnahme. Man findet noch alte Tastaturen, die indirekt durch eine Plexiglasscheibe bedient werden. Zudem findet man in den Erholungsecken alte Massagesessel, die man mit Münzen bezahlt (immerhin schon mit Euromünzen). Die Sanitäreinrichtungen sind eine Katastrophe (Bahnhofsniveau) und das Restaurant hat den Charme einer Kantine.Wir haben uns einen weiteren Besuch lieber erspart und die schöne Innenstadt von München erkundet...",20,"Munster, Deutschland",Reiseart: als Paar
Erlebnisdatum: Mai 2019,Interessantes Museum,"Im deutschen Museum gibt es verschiedene Themengebiete zu sehen (Physik, Keramik, Schifffahrt, Flugzeuge, Amateurfunk und vieles mehr). Man sollte schon einen ganzen Tag einplanen um alles zu besichtigen. Und es lohnt sich wirklich!",40,"Luxemburg, Luxemburg",Reiseart: mit der Familie
Erlebnisdatum: Juni 2018,Einen Familienbesuch wert,Sehr interessante Ausstellungen. Für jedes Interessengebiet. Leider waren auf Grund von Bauarbeiten einige  Auststellungsteile ausgelagert.,40,,Reiseart: als Paar
Erlebnisdatum: Mai 2019,Sehr volkstümlich,"Das Museum ist überaus  volkstümlich und möchte vor allem auch Laien allgemein verständlich Naturwissenschaft und Technik lebendig näher bringen. Erstaunt hat uns auch die Aussage, es sei überhaupt das größte Wissenschafts- und Technikmuseum der Welt. Jährlich sollen es etwa 1,5 Millionen Menschen besuchen. Wir fühlten uns sehr angesprochen und können Touristen zu hundert Prozent empfehlen, nicht ohne drin gewesen zu sein wieder München zu verlassen!",50,"Stuttgart, Deutschland",Reiseart: mit Freunden
Erlebnisdatum: Mai 2019,Verkehrsmuseum,Diesmal waren wir in der Außenstelle vom Deutschen Museum (Verkehrsmuseum) kleine nette Ausstellung mit interessanten Exponaten. 3Hallen groß. Kann man gut in 2 Stunden schaffen.,50,"Issum, Deutschland",Reiseart: mit Freunden
Erlebnisdatum: Mai 2019,Spannende Historie,"Etwas beklemmend, aber toll gemacht: Der unterirdische Rundgang durch ein „Bergwerk“, u.a. mit Erz- und Kohleabbau. Die Fliegerei mit Mitmachstationen und die Astronomie sind ebenfalls einladend. Leider konnten wir uns in drei kurzweiligen Stunden nicht alles ansehen. Tipp: Online-Ticket vorher kaufen und ausgedruckt vorzeigen; das spart Zeit in der Warteschlange.",50,"Friedrichsdorf, Deutschland",Reiseart: mit der Familie
Erlebnisdatum: März 2019,Einmalige Sammlung,Dieses Museum ist ein Muss für jeden technisch begeisterten Menschen. An einem Tag lässt sich jedoch nicht alles erforschen. Man sollte sich mehrere Tage Zeit nehmen und sich bestimmte Gebiete/Bereiche heraussuchen die für einen interessant sind.,50,"Dettingen unter Teck, Deutschland",Reiseart: als Paar
Erlebnisdatum: September 2018,Gutes Essen,"Wer glaubt im Hofbräuhaus wird nur getrunken, der irrt gewaltig. Die Speisekarte ist sehr vielseitig und das Essen ist bei zivilen Preisen sehr gut.",40,"Ingolstadt, Deutschland",Reiseart: mit Freunden
Erlebnisdatum: April 2019,Ein Tempel der Technik,"Wer Technik verstehen, sehen und begreifen mag ist hier genau richtig. Grenzen zeigt nur das Universum..... Ein Muß für das Verständnis der Weiter- Entwicklungen vom Wasser in die Luft. Traumhaft. Ein Tag reicht da nicht aus......",50,"Heilbronn, Deutschland",Reiseart: als Paar
Erlebnisdatum: April 2019,Sollte man mal gesehen haben...,"Ein Besuch im Deutschen Museum ist auf jeden Fall empfehlenswert. Man kann sehr viele ( technische ) Prozesse und Objekte kennenlernen und verstehen.Wenn man sich etwas intensiver damit beschäftigt ist ein Besuchstag relativ schnell um.Allerdings fällt auch auf, dass das DM ein Museum der alten Schule ist, was die vielen Nicht Berühren  Hinweise gut zum Ausdruck bringen. Man fühlt sich als Besucher zu wenig einbezogen oder animiert Dinge auszuprobieren ( es gibt aber einige Beispiele wo man das durchaus tun kann, leider funktioniert vieles nicht ) Angestellte für Fragen oder Hilfen findet man schwer.Wie gesagt, ein Besuch ist es auf jeden Fall wert, aber andere Museen sind inzwischen aktiver um den Besucher bemüht. Trotzdem waren wir ca. 5 h im Museeum. Was mich verwundert und genervt hat, ist die Tatsache dass Besucher dort mit E- Zigaretten rauchen dürfen. Selbst im Kinderbereich. Geht gar nicht. Super ist dass man auch Bilder machen darf.",40,"Baden-Württemberg, Deutschland",Reiseart: als Paar
Erlebnisdatum: April 2019,Wissenschaft pur,Mit meinem Sohn einen Kurztrip nach München gemacht. Natürlich darf da ein Besuch im Deutschen Museum nicht fehlen. Ich war schon öfter dort und komme immer wieder gerne her. Es gibt so viel zu sehen und am praktischen versuchen zu erfahren. Echt klasse,50,"Höchstadt, Deutschland",
Erlebnisdatum: April 2019,Etwas angestaubt,"Vom Konzept her ein tolles Museum. Leider sind einige Austellungen in die Jahre gekommen, andere, wie die Chemie, warten seit Jahren auf Wiedereröffnung. Trotzdem sehenswert.",30,"Bayern, Deutschland",Reiseart: mit der Familie
Erlebnisdatum: April 2019,Früher begeistert - heute enttäuscht ,"Ich hatte das Deutsche Museum beim letzten Besuch vor ca. 15 Jahren als spektakuläres Museum in Erinnerung und wollte nun mit meinen Kindern gleiches wiedererleben. Dies kam aber nicht mehr auf und auch die Kinder (5/9/12 Jahre,) sagten, bis auf den Bergbau war es nicht sehr interessant. Woran liegt es, fragte ich mich, dass sich Eindrücke so verändern. Ich glaube, es liegt daran, dass andere Museen sich modernisiert und weiter entwickelt haben. Im Spectrum Berlin fährt ein informierender Roboter durch die Gänge, im Technoseum in Mannheim begleiten engagierte Angestellte die Besucher mit Tricks und spontanen Vorführungen. Das DM hingegen wirkt so verwaist, keine Mitarbeiter, die Infos mitgeben, die für das Thema brennen. Es durfte generell wenig von innen besichtigt wetden, ein UBoot haben wir z.B. in Wilhelmshavener Schiffsmuseum durchwandern dürfen, da ist es schade, diese im DM nur von außen und bitte nicht berührend zu sehen. Nach 2,5 Stunden waren wir durch, Preis ist aber auch sehr günstig...trotzdem empfehlenswert und sollte bei einem Münchenbesuch eingeplant werden.",30,,Reiseart: mit der Familie
Erlebnisdatum: April 2019,Angestaubt und zu wenig Greifbares,"Wir waren im deutschen Museum und hatten durchaus einen schönen Tag. Jedoch kann das Museum nicht mithalten mit anderen erfahrbaren Angeboten für Kinder.Fühlen, erfahren, ausprobieren... Das kommt mir wirklich zu kurz. Auch ein Konzept generell für Familien mit Kindern fände ich schön. Einige Bereiche sind für jüngere Kinder stinklangweilig. Das Kinderland ist da leider auch wenig einladend. Wie schon mehrmals erwähnt fand ich auch die Luft im Museum sehr schlecht. Alles in allem war das Museum mit seinen Flugzeugen, Schiffen, dem Bergwerk und den Blitzen trotzdem die Reise wert.",30,,Reiseart: mit der Familie
Erlebnisdatum: März 2019,Technik Erleben,Eine sehr umfassende und informative Ausstellung über die Entwicklung und Geschichte der technischen Errungenschaften. In mehreren Ebenen stellt sich hier die gesamte Entwicklungsgeschichte dar. Sehr beeindruckend die Geschichte der Schifffahrt. Ist auf jeden Fall beim nächsten Termin in München ein Fixpunkt.,40,"Ybbs an der Donau, Österreich",Reiseart: allein
Erlebnisdatum: März 2019,Teilweise aktualisierungs- und renovierungsbedürftig,"Wir haben uns den Teil des Museums angesehen, der auf der Museumsinsel im Zentrum von München liegt. Dort haben wir uns auf Transport, Elektrotechnik und Astronomie konzentriert. Alle diese Bereiche sind nicht mehr auf dem neuesten Stand, bzw. sind einige der Schautafeln nur noch teilweise lesbar. Aus manchen Angaben lässt sich schließen, dass sie aus den 90ern stammen. Für diesen Zustand eindeutig zu teuer.",20,"Fribourg, Schweiz",Reiseart: als Paar
Erlebnisdatum: Februar 2019,leider etwas überholt,"Ein sehr großes Museum, mit sehr viel zu sehen. Wir sind im Keller gestartet, das Bergwerk war sehr schön gemacht und auch sehr Interessant, aber leider hielt der Rest nicht was der Keller versprach. Viele Informationstafeln sind verkratzt oder veraltet, hier sollte dringend an einem neuen und modernen Konzept gearbeitet werden.",30,"Düsseldorf, Deutschland",Reiseart: als Paar
Erlebnisdatum: April 2018,Eines der Top Museen der Welt!,"Für einen Besuch sollte man einen ganzen Tag rechnen! Highlights: Hochspannungsvorführung, Planetarium, Bergwerk",50,"München, Deutschland",Reiseart: mit der Familie
Erlebnisdatum: März 2019,Gelungener Besuch,Ist für Kinder jeden Alters zu empfehlen. Gut durchdachtes Konzept.Beim nächstes Mal werden wir weitere dort empfohlene Museen besichtigen.,50,,Reiseart: mit der Familie
Erlebnisdatum: März 2019,"riesig, interessant, angestaubt","Ich war schon viele Mal im Deutschen Museum, das letzte Mal ist aber jetzt auch gut 12 Jahre her. Früher fand ich das Museum richtig toll, der Eindruck des letzten Besuches war jetzt allerdings sehr durchwachsen. Ja, es gibt interessante Abteilungen, aber es ist alles schon angestaubt und ein neue Konzepte müssten her.Einige Bereiche die uns interessierten waren wegen Renovierung geschlossen, mal sehen wie es wird.Die Ausstellung über die preisgekrönten Projekte des Deutschen Zukunftspreises fanden wir sehr interessant und auch gut gemacht. Der Weg dahin war weit.Am Ende blieb ein enttäuschter Eindruck zurück und dass es einem früher so viel besser gefallen hat.",30,"Calw, Deutschland",Reiseart: als Paar
Erlebnisdatum: März 2019,sehr angestaubt und nicht mehr zeitgemäß,"Das Museum ist riesig, es gibt sehr viel zu sehen. Vieles ist auch schon sehr verstaubt und im Zeitalter der modernen Medien nicht mehr wirklich interessant. Die Luft ist in manchen Bereichen dermaßen schlecht, daß man kaum atmen kann. Da ist mit der Belüftung noch nicht genug getan. Für ein Museum das Wissenschaftliche und Technische Areale ausstellt ist das schon erbärmlich. Durch die hohe Besuchermenge ist die Akkustik auch sehr schlecht. es ist unglaublich laut drinnen. dadurch verliert sich diese typische Museumsathmosphäre komplett.  Es gibt ein Restaurant, was gar nicht erwähnenswert ist, da außer Fast Food nichts angeboten wird. Das Personal ist nicht ausgebildet und die Hygiene weist große Mängel auf. Das ,,saubere"" Besteck liegt z.B. offen, ohne Abdeckung da und sieht schon,,benutzt"" aus.",10,"Regensburg, Deutschland",Reiseart: mit der Familie
Erlebnisdatum: Dezember 2018,Riesig,"Das deutsche Museum ist und bleibt ein Münchener Klassiker.Für einen ausführlichen Rundgang sollte man aber mehrere Tage einplanen,am schönsten finde ich immer noch das nachgebaute historische Bergwerk.",50,"München, Deutschland",Reiseart: mit der Familie
Erlebnisdatum: März 2019,Tolles Museum immer wieder gerne,Wir waren in dem Museum und das ist einfach unheimlich interessant zu sehen was es alles gibt gab und so weiter. Die Interaktivität des Museums ist auch soweit schön leider waren sehr viele Exponate außer Betrieb. Ansonsten kommen wir sehr gerne mal wieder und schauen wie es aussieht wenn der Umbau abgeschlossen ist,50,"Donaueschingen, Deutschland",Reiseart: als Paar
Erlebnisdatum: März 2019,Das muss man gesehen haben......,"Das Deutsche Museum in München mit einer riesigen Ausstellungsfläche ist eines der größten Museen der Welt. Über 28.000 Objekte werden hier in verschiedenen Bereichen der Technik und Naturwissenschaften präsentiert. Manches ist schon ein wenig in die Jahre gekommen und könnte auf einen aktuelleren Stand gebracht werden. Uns hat im Untergeschoss das Bergbaumuseum besonders gut gefallen. Auch die Dampfmaschinen und Weltraumabteilungen waren sehr lehrreich. Wer also mal ein paar Tage in München verweilt, sollte das Deutschen Museum auf jeden Fall einmal besuchen.....und Zeit mitbringen.....",40,"Gütersloh, Deutschland",Reiseart: mit Freunden
Erlebnisdatum: Februar 2019,Sehr interessant,Wirklich interessantes Museum wo man seeeeehr viel sehen kann. So viel dass wir nach 5 Stunden immer noch nicht alles gesehen haben. Eintrittspreis wirklich gerechtfertigt.,40,"Südtirol, Italien",Reiseart: mit Freunden
Erlebnisdatum: Februar 2019,Einmalige Exponate ,"Dieses Museum ist wirklich ein Besuch wert. Man könnte wahrscheinlich einen ganzen Tag darin verbringen oder noch mehr. Wir besuchten auch noch das Planetarium im obersten Geschoss. Extra Ticket lösen für eine Vorführung im Parterre, 3€, war genial und gab die Möglichkeit zum ausruhen der Beine. Tolle Aussicht über ganz München von der sechsten Etage, es hat zwei Terrassen, ohne Gastronomie.",50,"Bern, Schweiz",Reiseart: mit Freunden
Erlebnisdatum: Februar 2019,In die Jahre gekommen,"Ausstellungsobjekte aufreihen auch wenn es zum Teil sehr interessante Objekt sind, reicht heute für ein Technik- und Wissenschaftsmuseum nicht mehr. Von den wenigen Experimenten, die man selber bedienen kann (z.B. im Bereich Physik) sind zu viele ausser Betrieb. Vieles wirkt verstaubt, dem Museum ist deshalb eine gründliche Überholung und eine zeitgemässe Ausstellungsgestaltung und -didaktik zu wünschen. Positiv fällt der Museumsshop mit interessanten Angebot auf.",20,,Reiseart: allein
Erlebnisdatum: März 2018,Gigantisches Museum ,"Das Deutsche Museum ist das größte, welches ich bisher besucht habe.Es bietet jedem Museumsgast eine Freude, egal ob zum Thema Technik, Natur, Astrophysik oder Geschichte.An einem Tag fast nicht zu schaffen und man sollte sich auf jeden Fall Zeit dafür nehmen und keinen 1 Stundenzeitplan dafür haben.",50,"Salzburg, Österreich",Reiseart: als Paar
Erlebnisdatum: Februar 2019,Sehr interesant,"Das Museum ist wirklich sehr interesant und auf jeden Fall einen Besuch wert. Da man auch viel ausprobieren kann, wird es für Kinder auch nicht langweilig. Es gibt unendlich viel zu entdecken, deshalb sollte man etwas Zeit mitbringen. Einziger Minuspunkt ist dass das Museum etwas unübersichtlich ist man sich erst zurecht finden muss und aufpassen muss, dass man nicht einen Raum übersieht. Schön wäre ein Rundgang der ausgeschrieben ist.",40,"Weingarten, Deutschland",Reiseart: als Paar
Erlebnisdatum: Januar 2019,Unbedingt besuchen,"Das Deutsche Museum ist das wohl beeindruckendste Museum, dass ich je besucht habe. Die schiere Größe wird nur durch die Vielseitigkeit getippt! Unbedingt besuchen nd überraschen lassen.",50,,Reiseart: als Paar
Erlebnisdatum: Februar 2019,Licht und schatten ,"Grundkomzept alles sehr interaktiv und erklärend zu halten ist top. Leider in den 1990 hängen geblieben und gefühlt ein Drittel der Ausstellungsstücke nicht mehr voll funktionsfähig...Museum nicht an einem Tag zu schaffen, daher sollte man selektieren. Bergbau, Mathe und Physik sind wohl die Highlights",30,,Reiseart: allein
Erlebnisdatum: Februar 2019,Technik die Begeistert ,"Für Technikfreaks reicht ein Tag alleine nicht aus um alles in Ruhe anzuschauen. Sehr breites Themenspektrum, es ist für jeden was dabei. Leider etwas in die Jahre gekommen. Man bekommt schon gehörig Respekt von der Ingenieurleistung vergangener Tage. Kommen bestimmt nochmal wieder her.",50,"Osnabrück, Deutschland",Reiseart: mit der Familie
Erlebnisdatum: August 2018,Flugwerft Oberschleißheim,"Leider finde ich keine eigene Seite des Flugwerft's in Oberschleißheim, bei München aber ich finde, dass dieses auf jeden Fall auch erwähnt werden muss.Für Begeisterte in Sachen Luftfahrt und deren Geschichte ist ein Besuch auf jeden Fall sinnvoll. Tolle Exponate, modern und geschichtlich + ein toller Blick in die Werkstatt / Restauration. Ebenso ein schöner Außenbereich.Mit viel Glück sieht man sogar den ein oder anderen Hubschrauber der Polizei-Fliegerstaffel, welche nicht weit davon entfernt ist.",50,,Reiseart: als Paar
Erlebnisdatum: Januar 2019,Ein sehr großes tolles Museum,Das Museum war das beste in dem ich jemals war.Viele Sachen zum sehen und bestaunen.Ein bisschen Unübersichtlich.Es war schwierig zu sehen wo man war und wo noch nicht.Ansonsten super Atmosphäre.Tolle Maschinen und Funktionen.Würde aber eine Tour buchen um wirklich mehr zu verstehen und zu sehen,40,"Oberschleißheim, Deutschland",Reiseart: mit der Familie
Erlebnisdatum: Januar 2019,"Schönes sehr interessantes Museum, für Jeden was dabei.","Sehr interessantes Museum! Man sollte viel Zeit mitbringen. Viele Führungen beginnen ab 11 Uhr, gut wen man früh dort ist. Die meisten Führungen sind zwischen 20 bis 30 Minuten lang und sehr nett gemacht. Es wird in den nächsten Jahren einiges renoviert, eventuell vorher danach erkundigen.",50,"Karlsruhe, Deutschland",
Erlebnisdatum: Januar 2019,Unbedingt anschauen,Man benötigt locker einen ganzen Tag für dieses Museum. Tickets am besten online buchen sonst steht man gern mal lange an. Es gibt viele sehr anschauliche Themengebiete auf 6 Etagen verteilt. Sehr sehr zu empfehlen!,50,"Blankenhain, Deutschland",Reiseart: mit der Familie
Erlebnisdatum: Januar 2019,Sehr zu empfehlen für freunde der Naturwissenschaft & Familien mit Kinder!,"Wir besichtigten auf unserer München Tour, das Deutsche Museum. Man sollte sehr viel Zeit einplanen. Wir benötigten für ""normal"" durch das Museum zu gehen und um alles zu sehen ca. 8 Std. mit kleiner Essenspause. Für freunde der Naturwissenschaft und Familien mit Kinder ist das Museum ein lohnendes Ausflugsziel. Unser Sohn hatte sehr viel Spaß und vieles neu gelernt. Der Eintritt ist für das was geboten wird familienfreundlich. 25,- Eu kostet die Familienkarte. Deshalb empfehlen wir das Deutsche Museum sehr gerne weiter!",50,"Queidersbach, Deutschland",Reiseart: mit der Familie
Erlebnisdatum: Januar 2019,"Umfassendes Museum, aber in die Jahre gekommen","Wir haben, wie immer wenn wir in München sind, das Deutsche Museum besucht. Wie immer hatten wir das Problem, das viel zu wenig Zeit für viel zu viele Themen/Exponate zur Verfügung stand. Trotzdem hatten wir eine gute Zeit und haben einiges mitgenommen. Allerdings muss man sagen, dass viele Themenbereiche nicht mehr auf der Höhe der Zeit sind. Ich meine damit nicht z.B. die altmodischen Dioramen, die vielleicht sogar einen gewissen Reiz haben sondern die Art und Weise der Wissensvermittlung: Es geht hier häufig mehr darum ein außerordentliches Museumsstück auszustellen denn Hintergründe und Funktionsprinzipien zu vermitteln.  Falls man seine Kinder dazu angeleitet hat, neugierig zu bleiben und die berühmten ""W-Fragen"" zu stellen und selbst nicht umfassend ausgebildeter Naturwissenschaftler ist, dann ist das Museum nur bedingt hilfreich.",30,"Frankfurt am Main, Deutschland",Reiseart: mit der Familie
Erlebnisdatum: Dezember 2018,Schnell vergeht ein Tag,"Museum ist gut und großVon 8 - 10 verschiedene Themen fanden wir 3 Themen besonders spannend (Bergwerk, Unterwasser und Strom) Durchaus einen ganzen Tag planen Besuch in der Kantine/Cafeteria ist ok teilweise aber überteuertCurryWurst mit Pommes über 7 Euro",40,"Wetzlar, Deutschland",Reiseart: mit der Familie
Erlebnisdatum: Dezember 2018,Sehenswert,"Das Museum ist schon sehenswert, vor allem für Kinder. Viele Ausstellungen wirken altmodisch, aber das macht das Museum halt aus. Es zeigt halt die Technik aus vergangener Zeit. Es gibt auch moderne Ausstellungen, wie die Nano Technik oder das Zentrum für Neue Technologien.Das Schilder nicht zu lesen waren, konnten wir nicht feststellen. Alles war sauber und funktionsfähig.Beeindruckt waren wir von der Ausstellung des Bergbaus.Empfehlenswert ist, sich die Tickets über das Internet zu bestellen, damit man nicht in der meterlangen Besucherschlange stehen muss. Wir konnten gleich durchgehen zum Eingang.",40,,Reiseart: mit der Familie
Erlebnisdatum: Dezember 2018,Einzigartig in der Welt,Man kann Tage verbringen und hat doch nicht alles gesehen. Geeignet von 6 bis 80 Jahre und immer wieder ist neues zu entdecken.,50,"Hof, Deutschland",Reiseart: mit Freunden
Erlebnisdatum: Dezember 2018,Der Weg war umsonst,"Wenn man sich vor der Reise noch auf der Homepage über die Öfnungszeiten des Verkehrsmuseums informiert, findet man keinen deutlichen (!)  Hinweis, dass das Museum wg. Betriebsversammlung geschlossen ist. Will man die Leute veräppeln? Einziger Trost ist, dass das marode S-Bahnsystem von München auch schon erlebtes Verkehrsmuseum ist.",10,,Reiseart: allein
Erlebnisdatum: Dezember 2018,Sehr grosses Museum ,Man sollte mindestens einen ganzen Tag dafür planen da es sehr gross ist. Es gibt viel zu sehen für die ganze Familie,50,"Rosenheim, Deutschland",Reiseart: mit Freunden
Erlebnisdatum: November 2018,Auch für KInder geeignet,"Ich war mit meinen Enkelkindern (10, 12 und 13 Jahre alt) schon öfter im Deutschen Museum. Es gibt immer wieder etwas Neus zu entdecken. Besonders beliebt sind das Bergwerk und - das Cafe.",50,"Grünwald bei München, Deutschland",Reiseart: mit der Familie
Erlebnisdatum: Januar 2018,"Insgesamt in die Jahre gekommen, wird jetzt aufgehübscht.","Immer wieder fein anzusehen- insgesamt aber nur noch befriedigend,weil arg in die Jahre gekommen und scheinbar ändert sich nicht groß etwas.Umfassende Neuordnungen und -Bauten werden das sicher grundlegend verändern.Dauert noch jahre.",30,"Kirchseeon, Deutschland",
Erlebnisdatum: November 2018,Ein angenehm leicht hektischer Tag im Museum,"Wir fuhren in der Frühe mit dem Bus ganz entspannt zu einem Museumstag ins Deutsche Museum nach München.  Ein ganz fantastischer Tag, jedoch hatten wir die Größe und die Vielzahl der Ausstellungsbereiche reichlich unterschätzt. Im Museum noch geschwind die DM-App herunter geladen und dann ging es schon los. Atemberaubend für uns besonders die Abteilungen Astronomie, Mathematik und Physik. Aber auch der Bereich Seefahrt, Schiffsbau etc. Ein kleiner Imbiss im Restaurant bei dem Preis Leistung in einem ordentlichen Verhältnis stand. Leider ist das DM kaum an einem Tag zu schaffen, darum haben wir bereits für Februar eine erneute Fährt geplant.",40,"Nürnberg, Deutschland",Reiseart: mit der Familie
Erlebnisdatum: November 2018,Sehr informativ / Naturwissenschaften einfach erklärt,"Ich habe nach knapp 25Jahren das Deutsche Museum mal wieder besucht. Ich war hellauf begeistert. Die Naturwisschenschaft wird dort einfach, anhand kleiner Experimente erklärt. Eigentlich ein Muss für jede Schulklasse. In vielen Bereichen gab es sehr informative Führungen, egal wie groß die Gruppe war. Leider sind einige Fachbereiche wegen Renovierungsarbeiten geschlossen gewesen oder ausgegliedert worden, aber die Größe war gerade noch akzeptabel für die 12€ Eintritt.",50,"Rheine, Deutschland",Reiseart: allein
Erlebnisdatum: Dezember 2018,Unbedingt zu empfehlen!,"Das Museum ist wirklich ausserordentlich! Ein Muss für jeden, der an Technik interessiert ist! Eigentlich braucht man da 2 ganze Tage, um alles gesehen zu haben. Dann gibt es auch noch einen super Museumsshop, den ich auch empfehlen kann!",50,,Reiseart: allein
Erlebnisdatum: November 2018,Technik von A bis Z - für Jeden etwas Spannendes,"Nehmt euch mindestens einen Tag Zeit für dieses Museum. Eigentlich hat es Stoff für eine Woche...Bergbau, Fliegerei oder Nanotechnologie: gut erklärt, viel Historisches und einzigartig. Man kann die Vielfältigkeit gar nicht beschreiben. Toll gemacht, auch wenn es zeitweise nach veralteter Museumspädagogik schmeckt. Vieles kann berührt, probiert oder erlebt werden. Nicht verpassen!",40,"Obfelden, Schweiz",Reiseart: als Paar
Erlebnisdatum: November 2018,Museum ist eine Reise wert. ,Die einzelnen Abteilungen sind mit einer solchen Sorgfalt zusammengestellt sehr zu empfehlen. Wenn man alles sehen will braucht man mehr als einen Tag.,50,"Coburg, Deutschland",Reiseart: als Paar
Erlebnisdatum: November 2018,Unbedingt sehenswert,Das deutsche Museum ist das Museum in München. Seine Vielfalt ist einzigartig und die Beschreibung würde hier den Rahmen sprengen.Unbedingt viel Zeit mitbringen und sich dann treiben lassen.,50,"Nürnberg, Deutschland",Reiseart: als Paar
Erlebnisdatum: November 2018,Pflicht,"Absolutes Pflichtprogramm für alle Schulkinder und Menschen die danach nicht aufhören zu lernen und zu staunen. Es wird oft angepasst und umgebaut. Keines der Museen wo alles angestaubt rumsteht. Anschauen, anfassen, ausprobieren steht hier auf dem Plan. Ich bin jetzt 34 und war bestimmt 10 mal drin obwohl ich 600km writ entfernt aufgewachsen bin.",50,"Traunstein, Deutschland",Reiseart: als Paar
Erlebnisdatum: November 2018,"Einerseits nicht mehr das, was es mal war und andererseits noch nicht im Jetzt angekommen!","Bevor ich die letzte Woche im Deutschen Museum war, war ich vor mehr als dreißig Jahren, und davor öfters, als junger Mensch im Deutschen Museum und da entsprechend begeistert und über mehrere Stunden.Als ich also kürzlich im Deutschen Museum war, war das teilweise wie ein Schock. Manches hat sich nicht, oder nicht wirklich, geädert wie der Physikbereich und manches habe ich gar nicht wiedergefunden. Vielleicht liegt es an den großen Umbaumaßnahmen, die das Museum verkleinern, aber das ist es sicher nicht alleine.Das deutsche Museum ist sicher eine Institution, die auf ihre Objekte stolz ist. Eine Computer- oder sollte ich schreiben Informatikabteilung kann nicht durch die alten Computeranlagen leben, sondern muß moderner, mit der Möglichkeit des Erfahrens existieren. Hier ein paar logische Schaltungen (Nicht, Und, Oder und Xor) und dort ein paar andere Schaltungen und das ohne Erklärung, das kann es nicht sein.",20,"Kronberg im Taunus, Deutschland",Reiseart: allein
Erlebnisdatum: Dezember 2017,Teamevent mal anders,"Da ich mich privat alle paar Jahre für das deutsche Museum begeistern kann, habe ich einmal einen Teamevent dort durchgeführt. Auch das traf auf Begeisterung.Besonders empfehlenswert sind die kostenfreien Führungen pro Bereich - zum Beispiel Luftfahrt.Auch sehr toll ist es in der Nacht der Museen durch dieses große wunderbare Museum zu gehen.Außerdem gibt es auch noch aktuelle Ausstellungen.",50,"München, Deutschland",Reiseart: geschäftlich
Erlebnisdatum: November 2018,"Sehr gut, aber bräuchte mal ein Makeover","War das letzte Mal vor 40 Jahren da und es hat sich gefühlt noch nichts geändert. Ist generell noch sehr interessant, aber halt nicht mehr auf der Höhe der Zeit.An vielen Stationen hat zudem was nicht funktioniert.Hätte mir schon ein Paar Neuerungen erwartet.",30,"Berlin, Deutschland",Reiseart: mit der Familie
Erlebnisdatum: November 2018,Nicht an starken Besuchertagen ratsam!,"Gerade wegen der umfangreichen Informationen und Abteilungen (z.B. Schifffahrt, Bergbau, Informatik, Physik, Pharmazie, …) ist dieses Museum unbedingt an Tagen zu besuchen, an denen sicher wenig Menschen dort sind! Für Kinder unbedingt genau überlegen, welche Abteilung man anschauen will!",40,"Wien, Österreich",
Erlebnisdatum: November 2018,Nicht mehr das was es mal war ,"War früher regelmäßig im Deutschen Museum. Heute nach vielen Jahren mal wieder rein und bin nach 1,5 Stunden enttäuscht gegangen. Meiner Meinung nach hat das, was dort jetzt gezeigt wird nichts mehr mit Museum zu tun.Sicher empfindet das jeder anders, aber das war sicher mein letzter Besuch.",10,"Überlingen, Deutschland",Reiseart: als Paar
Erlebnisdatum: Oktober 2018,"Darstellung in vielen Bereichen etwas ""alt"", aber lohnt sich in jedem Fall.","Man merkt, dass hier ein altes deutsches Traditionsmuseum steht. Viele Ausstellungsgegenstände wohl seit 1920 unverändert. Sicher nach wie vor sehr relevant (physikalische Gesetze ändern sich ja nicht), aber teilweise etwas ""langweilig"" präsentiert.Modernere Abteilungen und Sonderausstellungen: großartig! Wir haben besucht: Virtual Reality Fahrt (steuere ein Mondauto), Roboter in der Pflegeausstellung (unser Sohn konnte sich kaum wieder von dem Roboter trennen). Die Sonderausstellung Energiewende (super, mit vielen Fragen zu denen man selbst entscheiden und abstimmen konnte!). Die Ausstellung zur Genforschung, mit vielen Geschichten von Betroffenen, wieder mit der Frage an einen selbst, wie man jeweils entscheiden würde. Da merkt man schnell, wie schwierig das Thema ist und schnell über reine Forschung/Technik zu ethischen Fragen führt.Prima Mikroskopier-Bereich. An dem Tag einer der regelmäßigen Donnerstags-Mitmachworkshop für Kinder. Kostete nichts und man konnte kommen und gehen wann man wollte. Die Unverbindlichkeit machte es unserem Kind leicht, mal rein zu schauen. Sehr simple, eindrückliche und tolle Experimente zum Thema Klang und Ton. Es waren ca. 20 einzelne Stationen aufgebaut, an denen auf laminierten Karten erklärt war, was auszuprobieren ist und auf der Rückseite die Erklärung der Ergebnisse. 2-3 Mitarbeiter waren zustätzlich da, um zu helfen und Fragen zu beantworten. SUPER!!!Spannende Ausstellung zur Geschichte der Ziegelsteine - wer hätte das gedacht?Wir sind Stunden herumgewandert und haben nur einen Bruchteil gesehen. Kind war hinterher etwas überreizt von all den tollen Exponatent....Tipp: Wenn man die Zeit und das Geld hat: Jahreskarte kaufen (kostet für Familien 52 Euro, gilt auch für Verkehrsmuseum und Flugzeugwerft, man kann beliebig oft hin) und häufiger für 2-3 Stunden maximal wiederkommen, den Rest des Tages was anderes machen, sonst ""erschlägt"" einen die Fülle der Infos. Tickets online buchen! Spart viel kostbare Zeit, die man besser ins Ansehen investiert.Picknickraum vorhanden!!!Fazit: Tolles Museum, insbesondere in allen Bereichen die bereits modernisiert wurden.",40,"Luxemburg, Luxemburg",Reiseart: mit der Familie
Erlebnisdatum: Oktober 2018,Genug Zeit einplanen!,"Mit 3 Generationen im Museum, kein Problem! Wir beherzigten den Tipp, vorher zu planen, was wir sehen wollten inkl. den Vorführungen. Sehr zu empfehlen!Die kostenlose  App ist auch sehr hilfreich, Daumen hoch!Es gibt allerdings recht wenig Sitzmöglichkeiten zwischendurch. Das Restaurant war dem Besucherstrom nur mäßig gewachsen, es gab zu wenig Besteck und das Anstellen geschieht quer im Aus-/Eingang. Das Essen war lecker.Die Abteilung  mit den physikalischen Experimenten hat uns zum Schluss noch aufgehalten, da fanden alle Gefallen und man hätte dort noch mal genauso viel Zeit verbringen können wie zuvor im Museum....Insgesamt: Viel zu viel für einen Tag ;-)",40,"Schloß Holte-Stukenbrock, Deutschland",Reiseart: mit der Familie
Erlebnisdatum: Oktober 2018,Erwartungen leider nicht erfüllt...,"Der letzte Besuch vor 20 Jahren hat sich wiederholt... teilweise sehr in die Jahre gekommen... die für uns ""langweiligen"" Sachen sind immer noch da, die für uns interessanten Sachen leider nicht mehr (hätten wir uns aber vorher informieren können). Sehr theoretisch... Unsrem neunjährigen hat's gefallen und das ist die Hauptsache!",30,"Utjeha, Montenegro",Reiseart: mit der Familie
Erlebnisdatum: Oktober 2018,Immer einen Besuch wert,"Ich finde, das deutsche Museeum ist immer wieder einen Bescuh wert, man konn dort so viel sehen, berühren und so viele unterschiedliche Bereiche entdecken das sich ein BEsuch immer wieder lohnt. Gerade der nachgestellte Bergbaubereich ist sehens - und erlebenswert. Einen Punktabzug gibt es für die zum Teil nicht funktionierenden und überalterten Aufzüge, die jemanden, der nicht gut zu fuß ist daran hindern, das komplette Museum besichtigen zu können.",40,"Aachen, Deutschland",Reiseart: mit der Familie
Erlebnisdatum: Oktober 2018,Sehr in die Jahre gekommen!,"Wir kommen aus der Nähe von Mannheim und sind begeistert vom modernen Technoseum! Voll Freude sind wir ins Deutsche Museum. Die Thematiken sind ähnlich- Naturwissenschaft im Fokus.Die Exponate sind leider oft stark verstaubt, viele Beschilderungen nicht mehr lesbar. Das darf in dem renommierten Museum nicht sein- traurig!Dabei ist die Gesamtkonzeption gelungen. Das Bergwerk war überzeugend!",20,"Schriesheim, Deutschland",Reiseart: mit der Familie
Erlebnisdatum: Oktober 2018,Gutes und geosses Museum,"Das Museum bietet sehr viele verschiedene Imformationen zu verschiedenen Themen. Es hat für jeden etwas dabei. Schade, dass so viele Sachen defekt waren, die man. icht ausprobieren konnte. Deshalb einen Punkt abgezogen. Die Starkstromshow war aber toll, leider ist es nicht aus allen Winkeln zu sehen.",40,"Wetzikon, Schweiz",
Erlebnisdatum: September 2018,Tolles Museum,"Wer viel über die deutsche Geschichte sehen will, ist hier gut aufgehoben, hier erfährt man alles, über das Mittelalter, über das dritte Reich und über die Neuzeit. Objekte aus den Zeiten sieht man ebenfalls, die Raketen aus Peenemünde, die Jagdflieger Fokker Wukf und ME 109, man sieht aber auch Bergwerksstollen mit Eisen, Erze und Steinsalz. Will man alles Sehen, viel Zeit mitnehmen, etwas für einen Regentag.",50,"Braunschweig, Deutschland",Reiseart: als Paar
Erlebnisdatum: Oktober 2018,Unglaublich!,"Unglaubliche Ausstellung mit vielen interessanten Objekten. Da hat es für jeden und jede etwas! Guter Mix aus selber ausprobieren, selber lesen und Demonstration (live oder Film). Tagelang könnten wir hier verbleiben. Wir werden wieder kommen.",50,"Landquart, Schweiz",Reiseart: mit der Familie
Erlebnisdatum: Oktober 2018,Auch wenn ein Museum „alte“ Sachen hat....,.... wäre eine Auffrischung aller Abteilungen dringend notwendig. Mein letzter Besuch war vor ca 30 Jahren. Zu heute hat sich nichts geändert. Teilweise etwas verkommen und recht schmutzige Toiletten. Irgendwie fehlt der rote Faden in den Ausstellungen. Auch die Starkstrom Vorführung ist seid ewigkeiten die gleiche aber trotzdem sehenswert,30,"Düren, Deutschland",Reiseart: als Paar
Erlebnisdatum: Oktober 2018,Sehr spannendes Museum,Tolles Museum mit riesiger Auswahl an verschiedenen Themenbereiche! Es gibt immer wieder was Neues zu entdecken. Sehr zu empfehlen!,50,,Reiseart: mit Freunden
Erlebnisdatum: Juli 2018,"Irgendwie ä bissl schad', aber trotzdem immer noch außergewöhnlich gut...","Irgendwie ist es etwas schade, dass das Deutsche Museum auf der Isar-Insel einen großen Teil seiner Sammlung - Landfahrzeuge und Flugzeuge - zu zwei Standorten außerhalb des Stammhauses ausgelagert hat - das schmälert schon etwas das Erlebnis, die gesamte Technik-Geschichte und -Gegenwart an einem Ort erleben zu können.Aber andererseits war es sowieso unmöglich, das Deutsche Museum an nur einem Tag zu besuchen und es ist noch mehr als genug übrig geblieben. Was man auf der Museumsinsel sehen kann ist faszinierend, hat viel Bezug zu unserem Alltag und ist in dieser Form einmalig - nicht nur in Deutschland.SEHR schade ist, dass im Haupthaus, wie auch in den Nebenhäusern, anscheinend der Sparzwang zugeschlagen hat - viele Attraktionen sind insbesondere am Wochenende stillgelegt oder nicht zugänglich - weil Aufsichts- oder Betriebspersonal fehlt. Als Steuerzahler irritiert mich das sehr - ich gehe davon aus, dass alle drei Häuser massiv durch Steuergelder in Millionenhöhe subventioniert sind und dann spart man an ein paar tausend Euro Schichtkosten am Wochenende... das ist der Gesellschaft gegenüber unfair und irgendwie in ganz eigener Form arm...",40,"Scilla, Italien",Reiseart: mit Freunden
Erlebnisdatum: Oktober 2018,Altbacken und zu theoretisch ,"Seit mehr als 30 Jahren komme ich immer wieder hierher. Doch es ändert sich fast nichts. Es hat zwar neue Bereiche, doch geht das Museum nicht mit der Zeit. Neue Themen werden zwar aufgenommen, aber die Art und Weise wie sie vermittelt werden ist zu theoretisch. Heutzutage muss mehr Praxis/Hands-on dabei sein. Ansonsten riskiert man dass das jüngere Publikum (Teenager) abgehängt werden. Des weiteren ist die Küche wirklich nicht empfehlenswert. Da geht man besser in die Stadt essen. Trotzdem, wer Interesse, Zeit und Geduld mitbringt sich auch mit der Theorie auseinanderzusetzen kommt auf seine Rechnung.",30,,Reiseart: mit der Familie
Erlebnisdatum: Oktober 2018,Immer einen Besuch wert,"Also, ich komm schon seit mehr als 40 Jahren ins Deutsche Museum, ich finde, dass es ein außergewöhnliches Erlebnis bleibt.Es werden viele Dinge praktisch erklärt und verständlich dargestellt.",50,"München, Deutschland",Reiseart: mit der Familie
Erlebnisdatum: Oktober 2018,Immer einen Besuch wert,Allein für die Starkstromvorführung und die fantastisch aufbereitete Bergwerksabteilung lohnt der Besuch. Für Kinder ein Erlebnis. Vieles zum ausprobieren und drücken.,50,"Mainz, Deutschland",Reiseart: mit der Familie
Erlebnisdatum: September 2018,Toll gemacht.,Hochspannend und wunderschön aufbereitet. Das Deutsche Museum ist ein Muss und direkt am Isartor gelegen auch leicht erreichbar. Top!,50,"München, Deutschland",Reiseart: mit Freunden
Erlebnisdatum: April 2018,Einfach immer wieder ein toller Tagesausflug!,"Unzählige Exponate aus allen Bereichen der Forschung & Wissenschaften, man sollte sich viel Zeit nehmen. Empfehlung Online-Ticket, gibt oft lange Warteschlangen,",50,,Reiseart: mit der Familie
Erlebnisdatum: Februar 2018,"Interessante Themen, leider etwas veraltet","Das Museum hat viele interessante Bereiche, die gut und sinnig aufgeteilt sind.Leider sind einige Exponate schon in die Jahre gekommen.",40,"München, Deutschland",Reiseart: mit der Familie
Erlebnisdatum: April 2018,Tolles Ausflugsziel für die ganze Familie,"Wir waren mit unseren zwei Kindern (10 & 8 Jahre) im Deutschen Museum in München und es war toll, die Kindern hatten viel Spaß und waren sehr interessiert an all den verschiedenen Themen die dort zu sehen und aufgebaut waren. Wir haben fast einen ganzen Tag dort verbracht und es war keine Sekunde langweilig. Gerade bei schlechtem Wetter ein sehr gute Alternative zu all den weiteren tollen Sehenswürdigkeiten in München.",40,"Wiesloch, Deutschland",Reiseart: mit der Familie
Erlebnisdatum: September 2018,Enttäuscht   ,"Museumsdidaktisch aus dem letzten Jahrhundert. Hier waren sicherlich fleißige Menschen am Werk, ohne Frage ( Stichwort:größtes Technikmuseum der Welt). Masse heißt jedoch nicht Klasse. Es fehlt der Spirit und die Atmosphäre ist auch eher düster. Wie im Physiksaal während meiner Schulzeit (60ziger Jahre). Planetarium kostet nochmal extra. Die einzelnen Abteilungen (Bsp Pharmazie) bleiben weitgehend auf einem allgemeinen Niveau (z.B. Krebs) stehen und sind dadurch wenig hilfreich. Dr. Google, Wikipedia und YouTube sind da mehr uptodate und differenzierter. Gelungene Beispiele: Kommunikationsmuseum Frankfurt, Cit‘e Paris. Schade",20,"Westerburg, Deutschland",
Erlebnisdatum: September 2018,Ausflug nach München,"Ein sehr interessantes Museum, welches durch die Ferien und die Wetterlage am Samstag recht voll war.Das Restaurant war ok, allerdings auch, wie mittlerweile üblich, relativ teuer.Leider waren auch zu viele Objekte derzeit außer Betrieb, was dann natürlich ärgerlich ist. Einige Führungen dürften bei einer so hohen Besucherzahl auch öfter angeboten werden.Für den Besuch sollte man allerdings mindestens einen ganzen Tag einplanen, da es sehr viel zu entdecken gibt. Wir werden wieder kommen, da es für Kinder auch eine sehr gute Bereicherung zum Unterricht darstellt.",30,"Nürnberg, Deutschland",Reiseart: mit der Familie
Erlebnisdatum: August 2018,Einfach Klasse - auch für kleinere Kinder,Ich war am Anfang Skeptisch aber mein Sohn und ich fanden es einfach Klasse. Es gibt einen gesonderten Kinderbereich (Tipp: Murmeln mitnehmen). An der Kasse gibt es lange Wartezeiten (Tipp: nutzt die App und kauft direkt Online und ihr seid in 5 min im Museum).,50,"Düsseldorf, Deutschland",Reiseart: mit der Familie
Erlebnisdatum: Oktober 2017,Kleinhirn an Grosshirn .....,"Das Richtige für Technikbegeisterte, lädt zum Verweilen für mehrere Stunden ein. Wer nicht an jeder naturwissenschaftlichen Disziplin interessiert ist, kann auch selektieren.",50,"Öhningen, Deutschland",Reiseart: mit der Familie
Erlebnisdatum: August 2018,"Sehr guter Aufbau, zeitlich gut eingeordnet und umfangriche Erklärungen","sehr gut und relativ entspannte Atmosphäre, kein Gedrängel und keine Belästigungen durch Lärm. Die Darstellung der Objekte mit ausreichenden Abständen und helle Hallenausleuchtung.",50,"Essen, Deutschland",Reiseart: mit der Familie
Erlebnisdatum: Juli 2018,Hochinteressantes Museum,"Das Deutsche Museum ist auch für alle zu empfehlen, die normalerweise nicht unbedingt ins Museum gehen. Das Angebot ist so weitläufig, dass niemandem langweilig wird. Immerhin ist es das größte Wissenschafts- und Technikmuseum der Welt.",40,Wien,Reiseart: als Paar
Erlebnisdatum: August 2018,Entäuschend,Nach vielen Jahren waren wir wieder im Deutschen Museum. Vieles ist ausgelagert und nicht mehr so interessant auch waren viele Demos defekt oder außer Betrieb!,30,"Bad Wildungen, Deutschland",Reiseart: mit der Familie
Erlebnisdatum: August 2018,Sehr gut ausgestattet ,Viele interessante Ausstellungen allerdings bisschen zu viele Informationen auf einmal.Man muss sich auf einen Bereich begrenzen um wirklich was mitzunehmen.Sonst sehr schön gemacht und auch Kosten günstig.,40,"München, Deutschland",Reiseart: mit der Familie
Erlebnisdatum: August 2018,Toll.,"Auch hier muss man hin wenn die Sonne nicht so toll ist. Da gibt es viel zu sehen, sehr interessant. Lohnt sich.",50,Leverkusen,Reiseart: als Paar
Erlebnisdatum: August 2018,Wenigstens einmal im Leben...,"... sollte man dieses Museum besuchen, es ist riesig und sehr lehrreich für Jung und Alt. Man schafft in einem Tag nicht durch alle Räume. Wer nur begrenzt Zeit hat, sollte sich im Vorfeld einen Plan machen, was man sehen möchte!",50,"München, Deutschland",Reiseart: mit Freunden
Erlebnisdatum: September 2017,Großes Technikmuseum,"Welches man einmal gesehen haben muss. Im Inneren befinden sich selbst Flugzeuge und Schiffe. Es gibt verschiedene Stationen für kleinere Versuche und ""Experimente""",40,,Reiseart: als Paar
Erlebnisdatum: August 2018,Riesig! ,Ich war heute zum ersten Mal im deutschen Museum. Ich fand es zwar etwas verwirrend aber dennoch wirklich toll. Es gibt viel zu sehen und man kann viel laufen  ;),50,"Trogir, Kroatien",
Erlebnisdatum: August 2018,Toll aber etwas unstruckturiert,"Schönes Museum jedoch ist der Lageplan und der Aufbau hin und wieder unklar, zudem sind einige Räume schlecht belüftet.Man sollte aufgrund der Größe entweder sich vorher klar machen was man sehen will oder einen kompletten Tag einplanen.",40,"Albersweiler, Deutschland",Reiseart: als Paar
Erlebnisdatum: August 2018,Neugier,"Sehr nett aufgebaut, Neugier und Interesse wird gestillt. Großes Plus: Die Weitläufigkeit, kein Gedränge oder Geschubse auch bei hoher Besucherzahl.",40,"Wien, Österreich",Reiseart: als Paar
