date,title,text,rating,visitor_origin,visit
Erlebnisdatum: Februar 2020,Super Museum,Tolles Museum für die ganze Familie - speziell für Kinder sehr gut geeignet! Sogar unsere kleine Tochter (9 Jahre) die man sonst nicht freiwillig in ein Museum bekommt war am Ende total begeistert :-) !!,50,"Ulm, Deutschland",
Erlebnisdatum: Mai 2019,Tolles Museum für groß und klein,"ein tolles Museum für groß und klein, wissenswertes über die Entstehung der Welt, Tierwelt, dem Menschen usw., viele tolle Quiz-Stationen für groß und klein, die Sonderaustellungen sind auch super, Museum sehr empfehlenswert",50,"München, Deutschland",
Erlebnisdatum: Januar 2019,Sehr schönes Museum für Familien mit Kinder!,Wir waren in München auf Stadt-Tour und besichtigten das Museum Mensch und Natur im Schloss Nymphenburg gelegen. Das Museum ist ein ideales Ausflugsziel für Familen mit Kinder. Der Eintritt ist auch familienfreundlich. Deshalb eine klare Weiterempfehlung von uns!,40,"Queidersbach, Deutschland",
Erlebnisdatum: November 2018,Für Kinder sehr zu empfehlen,"Mit Kindern kann man hier locker einen ganzen Tag verbringen, wobei die interaktiven Spiele im ersten Stock wahrlich ein Highlight waren ... günstiger Eintritt und lockere Atmosphäre!",50,"Linz, Österreich",
Erlebnisdatum: Oktober 2018,"Super für Grundschulkinder! Multimedial, interaktiv, spannend!","Sehr schönes Museum mit vielfältigen Themen die Kindern Spaß machen. Wunderbar aufbereitet, mit vielen Mitmach- und Mitratemöglichkeiten. Viele Knöpfchen zum drücken :-) Wenn Ihr Kind Sachbücher zu Themen wie Weltraum, Insekten, Steinzeit, Körper etc. liebt, ist das hier genau",50,"Luxemburg, Luxemburg",
Erlebnisdatum: August 2018,Immer wieder gerne,"Meine Tochter, meine beiden Enkel und ich waren im Mensch und Natur Museum und es hat sich auf alle Fälle gelohnt. Hat sehr viel Spaß gemacht. Alles ist sehr gut erklärt und es gibt viel zu entdecken. Es hat meinen Kindern auch schon viel Freude gemacht.Im Lokal vom Museum hatten die Kinder Milchreis (war eher Suppe, sehr flüssig) und die Kartoffeln vom Kartoffelsalat waren am Rand sehr trocken. Schade.",50,"Kirchheim bei München, Deutschland",Reiseart: mit der Familie
Erlebnisdatum: März 2018,Sehr interessant und für Kinder geeignet,"Das Museum Mensch und Natur ist sehr liebevoll gestaltet, äußerst interessant und zudem für Kinder geeignet. Ich selbst habe es auch schon alle Kind geliebt (Dinosaurier etc.). Außerdem liegt das Museum schön im Stadtteil Nymphenburg; die Lage lädt zu einem anschließenden Spaziergang, z.B. durch den Schlosspark, ein.",50,"München, Deutschland",Reiseart: mit Freunden
Erlebnisdatum: März 2018,schönes Naturkundemuseum auch für Kids geeignet,"Da sich unsere Kids sehr für Biologie interessieren, haben wir bei unserem Aufenthalt in München kurzfristig dieses Museum besucht.Es ist nicht all zu groß, aber sehr schön gemacht. Im Erdgeschoss gab es viele Informationen zur Entstehung der Erde, zu Planeten, Gestein, Minerale, Entstehung von Leben, Lebensformen ect. Im Obergeschoss geht es um den Mensch wie z.B. das Thema Gene, Erbfaktoren, Gehirn und Nerven. Zudem gibt es einen Raum mit spielerischen Lernelementen. Man muss viele Fragen richtig beantworten, richtige Paare finden usw. Das wurde von allen Besuchern sehr gut angenommen.Zur Zeit gibt es noch eine Sonderausstellung zum Thema Wasser. Allerdings haben wir diese aus Zeitgründen nicht besucht.Beim Ausgang gibt es zudem ein kleines Café. Die Eintrittspreise sind familienfreundlich, Kinder unter 18 Jahre sind kostenfrei, Erwachsene zahlen 3,50 €.Das Museum selbst liegt in einer großen Parkanlage von Schloss Nymphenburg. Auch der Park scheint einen Besuch wert zu sein. Sicherlich werden wir diesen auch nochmal einen Besuch abstatten.",40,"Nizza, Frankreich",Reiseart: mit der Familie
Erlebnisdatum: Februar 2018,Interessanter Besuch ,"Der Besuch im Museum war interessant und hat sich gelohnt. Es ist zwar klein, aber trotzdem schön und gut.",40,"München, Deutschland",Reiseart: mit Freunden
Erlebnisdatum: Oktober 2017,Abwechslungsreich,"Es bietet viel abwechslungsreichen in verschiedenen Bereichen, von der entstehenung des Menschen, über die Natur und das Weltall und vieles mehr. Unter der Woche kann es passieren das Schulklassen unterwegs sind im Museum, da ist es dann schon recht anstrengend wenn man kaum vor die Schaukästen kommt oder mitten im Raum gerade etwas spielerisch erklärt wird",30,"Schwarzenberg, Deutschland",Reiseart: als Paar
Erlebnisdatum: Januar 2018,"Klein, aber fein","Eine überschaubare Schau über die Entstehung von Mensch und Natur, vom Urknall bis heute.Erwachsene sollten, wenn möglich, wochentags außerhalb der Ferien bzw. nicht kurz vor Ferienanfang dort hin gehen, dann ist nämlich Platz vor den Schaukästen und Exponaten.Es wird zwar damit geworben, dass es auch für Kinder ab sechs Jahren geeignet ist, daran habe ich meine Zweifel. Denn dann ist schulfrei und es tummeln sich sehr viele Familien drin. Somit wird es schwierig für Ihr Kind sich auf Ihre Erklärungen zu konzentrieren.Das Cafe kann ich nur empfehlen.Für Rollstuhlfahrer sehr geeignet!!! Leider sind die Behindertenparkplätze relativ weit vom Eingang entfernt. Das ist bei Regen etwas unbequem.",50,"Bad Abbach, Deutschland",Reiseart: mit der Familie
Erlebnisdatum: August 2017,Schönes und interessantes Museum,"Wir waren mit unseren vier Enkeln (11, 6, 6 und 4 Jahre) im Museum und allen hat es sehr gut gefallen. Die verschiedenen Abteilungen sind sehr lehrreich und interessant. Etwas seltsam ist, dass manche Erklärungen für die Kinder über die Kopfhörer in bayerischer Mundart sind. Als ob alle Besucher bayerisch verstehen würden. Nach dem Museum kann man unten ins kleine Restaurant gehen oder aber in das nahe gelegene Palmenhaus im Nymphenburger Park.",50,"München, Deutschland",Reiseart: mit der Familie
Erlebnisdatum: Juli 2017,sehr lehrreiches Museum für Alt und Jung,"Das Museum Mensch und Natur befindet sich im Schloss Nymphenburg. Es ist ein Naturkunde-Museum, das lebendige Wissen in den Bereichen der Bio- und Geowissenschaften sowie Life-Sciences vermittelt. Eindrucksvolle Dioramen, authentische Naturobjekte, naturgetreue Nachbildungen und interaktive Exponate erlauben spannende Einblicke in die Geschichte unserer Erde und des Lebens, aber auch in die Natur des Menschen und seine Rolle als Teil und Gestalter seiner Umwelt. Kinder können auf Knöpfe drücken und spielend Sachen erlernen. Erwachsene können ebenso spielend lernen oder ihr einst Erlerntes und Vergessenes wieder auffrischen. Bei schlechtem Wetter kann man den ganzen Tag hier verbringen.",40,"Freiburg, Deutschland",Reiseart: mit der Familie
Erlebnisdatum: Juli 2017,"viel zu lernen, aber nur für Deutschsprechende Kinder und Jugendlich","Ein wirklich schönes, interaktives und lehrreiches Museum, aber leider gibt es nur eine Abteilung, die auch Englisch beschriftet ist, d.h. mit ausländischen Besuchern muss alles übersetzt werden. Sehr schade, weil das Museum wirklich ausgesprochen gut gemacht ist und es können auch Erwachsene immer wieder ihr Wissen auffrischen.Für Kleinkinder ist es mehr ein Beobachtungsbesuch, aber ab Grundschulalter bis 99 Jahre ganz wunderbar.",40,"München, Deutschland",Reiseart: mit der Familie
Erlebnisdatum: Juni 2017,Mensch/Natur als Erlebnis mit Lerneffekt,"Ein tolles interaktives Museum für klein und groß. Wirklich ein Museum für die ganze Famile. Besonders die vielen Stationen die zum Spiel und Lernen einladen. Super die wechselnden Ausstellungen. Interessant auch der Teil der sich mit Bruno dem leider erschossenen ""Problem Bär"" befasst. Krass auch der Vergleich der Ernährung der einzelnen Länder. Sehr anschaulich mit Fotos von Familen und deren Wochenration üblicher Lebensmittel. Alles ein wenig Retro Like präsentiert jedoch für die ganze Familie ein Erlebnis. Nächstes mal nehmen wir uns mehr Zeit. Hier kann man locker mehrere Stunden verbringen.Unbedingt anschleissend im Cafe des Museums im Erdgeschoss den super tollen Kaffee und selbst gemachten Kuchen probieren. Ein echter Geheimtip. Das Personal sehr nett und alles ein wenig unbeholfen aber mit einem tollen Charme serviert.",50,"Hohenlinden, Deutschland",Reiseart: mit der Familie
Erlebnisdatum: April 2017,Faszinierend ,"Ich war in der ""Wildlife Photography"" Austellung, da mich das Thema generell sehr anspricht. Mir sind sehr viele Erinnerungen hoch gekommen, da ich als Kind auch schon sehr oft dort war, doch mit dem Alter verliert man sowas ja gern aus den Augen - umso schöner, dass ich es wieder fand! :) Es ist sehr günstig (Sonntags nur 1€) und man kann das gesamte Museum besuchen. Es gibt sehr viel zu sehen, es ist alles gut ausgeschildert und die interaktiven Räume für die Kinder fand ich auch sehr mitreißend. Alles in allem ein sehr süßes und empfehlenswertes Museum mit wechselnden Austellungen :)",50,"München, Deutschland",Reiseart: als Paar
Erlebnisdatum: Februar 2017,Informativ und interessant ,"Sonntag mit den Kindern im Museum verbracht! Wir haben viel gelernt und tolle neue Sachen gelernt! Für Kinder vom Kleinkinder bis zum Teenager geeignet! Gerade Sonntags eine tolle Alternative bei schlechtem Wetter! Kinder bis 18 Jahre haben kostenfreien Eintritt, Erwachsene zahlen Sonntags nur 1,-€ Eintritt!",40,"Serfaus, Österreich",Reiseart: mit der Familie
Erlebnisdatum: Mai 2016,Sehr gut gestaltet,"Vor allem für Familien, aber nicht nurViele Aktionen, bei denen spielend gelernt und Wissen angeeignet wird",50,Deutschland,Reiseart: mit der Familie
Erlebnisdatum: November 2016,Für JEDES Alter!,"Das Museum Mensch und Natur ist wirklich ein Museum für jedes Alter, selbst unsere Kleinste (2) ist jedesmal begeistert, und wir waren schon öfter da. Es gibt sehr viele interaktive Elemente, durch die Kinder spielerisch etwas lernen, es gibt viel zu gucken (Bilder, Tiere, Natur, Weltall, Landschaften,  ...), oft werden tolle Fotoausstellungen (National Geographic u.a.) gezeigt. Nett auch der Brotzeitraum. Insgesamt ein wirklich empfehlenswertes Museum, besonders in der Schmuddelwetterzeit, für Familien mit Kindern ab 2.",50,"München, Deutschland",Reiseart: mit der Familie
Erlebnisdatum: November 2016,Tolles Museum mit Kindern ,"Das Museum bietet für alle Altersgruppen etwas. Unser 6-jährigem Jungs waren von der Vulkan-, der Mineralien, der Dino- und Tierausstellung ganz begeistert. Die Erklärungen waren ihnen teilweise noch zu langatmig aber trotzdem haben sie schon viele Informationen mit nehmen können.Das Café bietet leckere Kuchen, kleine Snacks und Getränke, ist allerdings nicht sehr groß und deswegen schnell überfüllt.Der Eintritt ist sensationell günstig für das, was geboten wird!",40,"Freising, Deutschland",Reiseart: mit der Familie
Erlebnisdatum: Dezember 2016,Tolles Interaktives Museum,"das Museum ist für Groß und Klein geeignet, tolle Ausstellung über Tiere, Mensch, Natur, Weltall und vieles mehr",50,"München, Deutschland",Reiseart: mit der Familie
Erlebnisdatum: Dezember 2016,"Nettes, interaktives Museum","Für Kinder super, vieles zum ausprobieren oder interagieren. Die Ausstellungen sind umfangreich und interessant. Nicht unbedingt modern aber der Besuch lohnt sich allemal!Insbesondere hervorzuheben ist die Sonderausstellung zu den Naturfotos des Jahres!",40,"Amsterdam, Niederlande",
Erlebnisdatum: April 2016,Fabelhaft,"Dies ist ein ganz besonderes Museum, spannend, interessant.  Ganz wunderbar, kann man öfter hingehen. Nur der ausgestopfte Bruno wäre nicht nötig gewesen.",50,"München, Deutschland",Reiseart: als Paar
Erlebnisdatum: September 2015,Schönes Museum für Familien,"Hatte einige schöne und lehrreiche Stunden mit meinen Kinder, absolut empfehlenswert.Auch für Erwachsene sehr interessant",50,"Regensburg, Deutschland",Reiseart: mit der Familie
Erlebnisdatum: Mai 2016,"Interessant, abwechslungsreich, kindgerecht","Während eines Kurzurlaubs in München stand neben dem Deutschen Museum auch das Museum 'Mensch und Natur' auf unserem Programm.Wir (meine Frau, unsere 9-jährige Tochter und ich) waren recht begeistert von diesem Museum. Im Gegensatz zum tags zuvor besuchten Deutschen Museum wurde hier Wissenswertes interessant aufbereitet. An verschiedenen Stationen konnte man sein Wissen spielerisch aktiv erweitern und testen.Wir verbrachten kurzweilige viereinhalb Stunden im Museum",40,Lüneburg,Reiseart: mit der Familie
Erlebnisdatum: April 2016,Mit den Patenkindern ,"Das Museum ist sehr toll gerade mit kleineren Kindern, da diese hier viel entdecken und spielerisch lernen können. Auch für erwachsene ist es sehr lehrreich und informativ. Kinder unter 18 zahlen keinen Eintritt. erwachsene nur 3,50)",50,"Ruhpolding, Deutschland",
Erlebnisdatum: März 2016,Immer hervorragende Ausstellungen!,"Immer wieder äusserst interessant und sehenswert, ist diesesMuseum. Ich kann mich an viele tolle Ausstellungen erinnern. Und jetzt im Frühling lohnt sich der Besuch auch im Park wieder!",50,"München, Deutschland",Reiseart: mit der Familie
Erlebnisdatum: März 2016,Spontan Besuch ,"Das Museum finde ich sehr interessant, die verschiedenen Themen sind anschaulich und und gut verständlich erklärt. Toll finde ich auch das man vieles in der Ausstellung anfassen darf. Gut geeignet für Kinder, an vielen Stationen gibt es Rätsel und Quiz. Um entweder sein wissen aufzufrischen oder etwas neues zu lernen.",40,"Wien, Österreich",Reiseart: allein
Erlebnisdatum: Februar 2016,Museum für Kinder und Fotobegeisterte,"Interaktive Dauerausstellungen zu naturwissenschaftlichen Themen mit vielen Knöpfen und Quizzen. Dem Look-and-Feel nach das Ende der Neunziger verpasst, aber mit Kindern auf jeden Fall einen Besuch wert. Das Highlight sind allerdings die alljährlichen Fotosonderaustellungen, wie Wüsten der Erde oder Wildlife Photographer of the Year. Und das alles zum kleinen Preis.",40,"Olching, Deutschland",Reiseart: mit der Familie
Erlebnisdatum: Oktober 2015,"tolles, erlebbares Museum für Kinder","Dieses Museum zeichnet sich durch seine hohe Interaktivität aus. Man kan in den verschiedenen Themenbereichen viel ausprobieren und bekommt die Informationen auf verschiedenen Wegen: Erzählt vom Pumuckel, als Quiz, auf Plakaten, in Schaukästen etc.Besonders Kinder haben hier ihren Spaß und können die Welt erleben. Tipp: Sonntags kostet der Eintritt nur 1 €!",40,"Munich, Bayern, Germany",
Erlebnisdatum: April 2015,sehr interessantes Museum auch für Kinder,"ein wirklich sehenswertes Museum, bestens auch für Kinder geeignet mit eigenem Kinderbereich. Sehr interessante Ausstellungen, lehhreiche Informationen. Sehr empfehlenswert!",50,"Murnau, Deutschland",Reiseart: mit der Familie
Erlebnisdatum: Juni 2015,Ein lehrreiches interessantes Museum,"Etwas versteckt in der Anlage von Schloss Nymphenburg liegt dieses Museum, das sich neben den berühmten Münchner Museen nicht zu verstecken braucht. Die Entstehung der Erde und des Lebens auf derselben, Mineralogie und Tierwelt sind Schwerpunkte. Eindrucksvoll die Dokumentation zum Bär Bruno, der  in Bayern den Tod fand. Die vielen anwesenden Kinder finden das allles ganz toll, da vieles zum Mitmachen angeboten wird..",50,München,Reiseart: mit der Familie
Erlebnisdatum: April 2015,"schöne Lage, interessante Ausstellungen","Das Museum liegt sehr schön, aber auch etwas versteckt, in einem Seitenflügel von Schloss Nymphenburg. Es bietet immer wieder interessante Sonderausstellungen und ist gerade für Kinder sehr gut geeignet.",40,"München, Deutschland",Reiseart: allein
,Hervorragende Mischung aus Wissen und Vermittlung ,"Das Museum ist absolute Pflicht,  besonders für Eltern mit Kindern. Die spielerische Vermittlung der durchaus komplexen Zusammenhänge ist genial. Sonntags nur ein Euro. Das neue bewirtschaftet Café ist super gelungen und das Angebot um Klassen besser als beim Vorgänger. Supremo Café, ein Spitzenprodukt. Seit letztem Jahr sind auch eine Menge neuer Terminals mit Multimedia Inhalten dazugekommen, echt toll.",50,,
Erlebnisdatum: August 2013,interessant für alle Altersstufen,"Habe das Museum mit meinen Enkeln besucht, drei und fünf Jahre. Es ist zwar nicht jede Abteilung ihrem Alter gerecht, aber es gab so viel zu sehen, dass sie aus dem Staunen nicht heraus kamen. Wir werden jetzt auf jeden Fall ein bis zwei Besuche pro Jahr einplanen, jeweils dem zunehmenden Alter gerecht.",50,München,Reiseart: mit Freunden
Erlebnisdatum: Dezember 2012,Optimal für Kinder,"Ein supertolles Museum für Kinder. die wollen dort garantiert gar nicht mehr weg. Sehr viel zum selber machen, anfassen und entdecken. Aber auch Fakten die so mach Eltern noch nicht wusste. Der Eintritt ist sehr günstig und das Museum ist in einem Nebengbäude des Schloßes, so kann man das wunderbar miteinander verbinden.",50,"Landshut, Deutschland",Reiseart: mit der Familie
Erlebnisdatum: Mai 2013,Super für die Kinder,Also ich und mein Sohn finden das Museum richtg gut.Sehr interesant.Trotzdem auf der anderen seite finde ich es sehr blöd das alles nur auf Deutsch beschrieben wird...Ich wahr zum 3 mal in diesem museum in den letzten jahren....Und nicht mal auf Englisch das ist schon Traurig.,40,Portugal,
,toll für Kinder,"super für Kinder bis ins Grundschulalter, wechselnde Ausstellungen, ein Museeum zu mitmachen und erleben, Sonntags fast freier Eintritt und danach können die kids noch die überschüssigen Kräfte im Park ausstoben...",50,Bayern,
,Viel zu lernen,"Es ist sehr groß ich wahr überrascht und gleich neben dem Schloß.Viel zu sehen man kann vieles ausprobieren,mich haben die Tiere am besten gefallen ein Spaß für Groß und klein.:)",50,Baar-Ebenhausen,
Erlebnisdatum: Februar 2012,Für die ganze Familie,"Es gibt hier verschiedene Themen des manchmal variieren. Für jüngere Kinder ist dieses museum sehr interessant, da vieles Kindergerecht erklärt wird und die Kleinen einiges selbst ausprobieren können.",30,"Munich, Bayern, Germany",Reiseart: mit Freunden
Erlebnisdatum: Juli 2012,Super für Kinder und Erwachsene,"sehr empfehlenswertes Museum für alle Kinder, die Sachkundeunterricht lieben !",50,"Puebla, Mexiko",Reiseart: mit der Familie
Erlebnisdatum: Februar 2012,Immer wieder Toll,"Ich war mal wieder mit meiner Familie Im Museum Mensch und Natur, ich denke ich war mittlerweile schon 100 mal dort da ich als ich klein war dieses Museum geliebt habe und ich meine Eltern immer zwang mit mir da hinzugehen. Nun wie soll es auch anders sein lieben es auch meine Nichten. Das Museum ist kein Stupides angucken von Gemälden oder Kunst, nein es ist ein erleben, anfassen und erkunden und genau das macht es für die kleinen so interessant. Man kann viele Dinge ausprobieren oder einfach einen Kopfhörer aufsetzen und sich die Geschichte erzählen lassen. Ich finde es perfekt für kleine Kinder im alter von 3 aufwärts. Ich gehe immer wieder gerne hin und kann mich immer wieder dafür begeistern.",50,"Hamburg, Deutschland",
Erlebnisdatum: November 2011,Museum für Gross und Klein,"Das Museum „Mensch und Natur“ gehört sicherlich nicht nur aufgrund seiner Lage zu den absoluten Highlights. Wunderbar im rechten Seitenflügel des Nymphenburger Schlosses integriert bietet es (für EUR 1,--!!!) Kindern wie Erwachsenen eine breite Vielfalt an interessanten Fakten rund um unsere Erde, ihre Bewohner und die Natur. Sehr vielseitig, schön arrangiert und auch für kleine Kinder wird Wissenswertes interessant vermittelt. Von der Entstehung der Erde, dem Planetensystem, Entwicklung der Tierarten und allerlei über Pflanzen, Vegetationszonen und dem menschlichen Körper wird hier sehr anschaulich erklärt, wobei teilweise auch (inter-)aktiv mitgewirkt werden kann. Man findet einfach immer wieder neue Kleinigkeiten.",50,"München, Deutschland",
Erlebnisdatum: Oktober 2011,Erdgeschichte leicht erklärt,"Das 1990 vom damaligen Bayerischen Ministerpräsident Max Streibl eröffnete Naturkundemuseum befindet sich im Nordteil des Nymphenburger Schlosses. Schon lange war der Freistaat Bayern und die Stadt München auf der Such nach einer geeigneten Stelle der im Krieg zerstörten und bis dato nicht wieder aufgebauten naturkundlichen Ausstellungen in der Alten Akademie in München.Bis sich im Nordflügel des Schlosses Nymphenburg ein geeigneter Platz anbot.Entstanden ist ein modernes erdgeschichtliches Naturkundemuseum, in denen vor allem Kinder und Jugendliche angesprochen werden. Es gibt mehrere Abteilungen, grosszügig ausgestaltete Dioramen, und eine Lernabteilung, in der auf spielerische Art und Weise Kindern die Zusammenhänge der Natur erklärt werden. Ich selbst musste mehrmals im Jahr, als meine Kinder noch klein waren, mit ihnen in das Museum gehen.Ich muss neidlos anerkennen, dass man  bei der Ausgestaltung des Museums sowie bei der Umsetzung der Lerninhalte grösste Mühe und Sorgfalt an den Tag gelegt hat.Geöffnet : Dienstag, Mittwoch, Freitag von 9 bis 17 Uhr, Donnerstags von 9 - 20 Uhr.                 Samstag, Sonntag und Feiertage von 10 bis 18 UhrGeschlossen: Montag, Weihnachten sowie Sylvester.Eintrittspreise: Erwachsene 3 Euro, Kinder unter 18 Jahren haben Freien Eintritt.Es gibt Senioren, sowie Studenten und Gruppentarife.Kombiticket mit Botanischen Garten 5,50 Euro.Fazit: Ein absolutes Muss für jeden Münchenbesucher oder diejenigen die in München wohnen, ein oder mehrmals mit seinen Kindern das Museum zu besuchen. Kostet ja für Kinder eh nichts. Und darüberhinaus kann man danach einen wunderschönen Gang durch den Schlosspark machen, oder den gleich um die Ecke liegenden Botanischen Garten besuchen. Allemal ein preiswertes Ausflugsziel, für einen Tag.Hervorragend!",50,"München, Deutschland",Reiseart: als Paar
Erlebnisdatum: Oktober 2011,Gut geeignet für kalte Herbst/Winter Tage,"Das Museum ist sehr schön angelegt. Man folgt einem Rundgang, welcher bei der Entstehungsgeschichte der Erde beginnt und mit der Veränderung durch den Menschen endet. Zwischendrin gibt es natürlich alle Stationen von Formung der Erdkruste, erste Lebewesen, Entwicklung der heutigen Fauna und Flora und die Geburtsstunde des Menschen.Als besonderes Highlight ist Bruno dort ausgestellt.",50,"Augsburg, Deutschland",Reiseart: als Paar
Erlebnisdatum: August 2011,Kleines didaktisch hervorragendes Museum für Naturinteressierte,"In Münchens Toplage - Nordflügel des Schlosses Nymphenburg - ein zusätzliche Attraktion zu Schloss, Botanischem Garten und Park. Unterhaltung und Bildung auf hohem Niveau für die ganze Familie. Großer Wert wird auf Pädagogik gelegt - kurzweilig lernt der Besucher zu Themen wie Evolution, Geologie, Genetik, Gehirn, Ernährung... und nicht zuletzt hat Braunbär ""Bruno"" ein würdigen Platz gefunden. Hervorragende Sonderausstellungen (z.Zt ""Paradiesvögel"")",50,München,
Erlebnisdatum: Dezember 2019,Interessant und unterhaltsam,"Wir besuchten das Museum, nachdem wir einige Zeit im Schloss Nymphenburg verbracht hatten, da das Museum gleich nebenan liegt. Wie bereits erwähnt, sind alle Informationen in deutscher Sprache verfasst. Ich habe ein rudimentäres Verständnis von Deutsch und dies war eine wunderbare Erfahrung, meine Deutschkenntnisse zu testen. Ich empfehle jedoch, die Kamerafunktion von Google Translate zu verwenden, um die Informationen optimal zu nutzen.",50,,
Erlebnisdatum: Dezember 2018,Besuchen,"Faszinierend. Beleuchten. Und interessant dargestellt (Bitte beachten Sie, dass ein Großteil der Informationen nur in deutscher Sprache verfügbar ist). Bringen Sie viel Zeit und Neugier mit. Oder noch besser: Planen Sie mehrere Reisen, um die verschiedenen Abschnitte zu genießen, von denen jeder eine Reise für sich wert wäre.",50,"Bukarest, Rumänien",
Erlebnisdatum: November 2018,Unterhaltsames Museum,"Viel zu lernen über Natur und Menschen. Nicht teuer:, 3. 5 € pro Person. Ich habe 1 gebraucht. 5 Stunden durch die verschiedenen Räume, aber ich muss sagen, ich habe nicht alles gelesen, weil alles auf Deutsch ist, mein Deutsch ist nicht gut, leider gibt es keine Übersetzung in einer anderen Sprache.",40,"München, Deutschland",Reiseart: mit der Familie
Erlebnisdatum: März 2018,Zeitverlust,"Ich kann es nicht empfehlen. Alles ist sehr alt und nicht hygienisch ( 100 alt Telefon Empfänger zu hören) . Auf der einen Seite ist es mehr für Kinder - wirklich einfach Informationen, aber andererseits die Sprache ist so kompliziert, dass die Erwachsenen können Probleme bekommen. In Folge, niemand ist zufrieden.Das Museum ist auch sehr klein. Wir haben schon alles gesehen in ca. einer Stunde so entschlossen wir uns zu einem Besuch extra erdbebensimulator. . . . Es kostet 2, 50 Euro extra und war sogar noch mehr enttäuschend als die gesamte Museum. Es war ein sehr kleines Behälter außerhalb des Museums mit praktisch keine LUFTZIRKULATION. 20 Leute auf 3 m 2 und keine Sauerstoff. War es nicht angeblich ein 'meinem letzten Atemzug Golfsimulator'?",10,"Gliwice, Polen",Reiseart: als Paar
