date,title,text,rating,visitor_origin,visit
Erlebnisdatum: Juli 2020,Großartig,"Es lohnt sich immer einen Abstecher ins Brandhorst zu machen , die Ausstellungen sind immer von hoher Qualität und das Haus ist Immer etwas besonderes",40,"München, Deutschland",
Erlebnisdatum: Dezember 2019,Am Sonntag nur 1€,Die aktuelle Ausstellung lohnt sich sehr und es gibt viel interessantes zu entdecken. Jeden Sonntag ist der Eintritt nur 1€. Man darf im Museum auch Fotos machen.,50,"München, Deutschland",
Erlebnisdatum: Oktober 2019,10 Jahre schon!,Gibt es dieses Museum. Früher war das Gelände eine Brache. Ein einigermaßen ansehnlicher Bau mit verschiedenen modernen Ausstellungen. ,50,"Berlin, Deutschland",
Erlebnisdatum: Oktober 2019,Eine Schatzkiste,"Bekannt aus vielen Architekturpublikationen habe ich 2019 die Forever Young Ausstellung, die 10 Jahre Museum Brandhorst feiert besucht.   Die Architektur besticht nicht nur durch die vor 10 Jahren innovative Fassade sondern in den Innenräumen auch durch eine hohe Qualität in der",50,,
Erlebnisdatum: Oktober 2019,Tolles Museum - innen und außen!,"Haben an einem Sonntagmorgen das Museum Brandhorst besucht (und nur einen Euro Eintritt gezahlt) und waren durchweg begeistert. Imposantes Gebäude und eine wirklich tolle Sammlung auf drei Ebenen. Die Cy Twombly-Räume sind eine absolute Wucht - natürlich wegen der Kunst, aber",50,Frankfurt,
Erlebnisdatum: Juli 2020,Großartig,"Es lohnt sich immer einen Abstecher ins Brandhorst zu machen , die Ausstellungen sind immer von hoher Qualität und das Haus ist Immer etwas besonderes",40,"München, Deutschland",Reiseart: als Paar
Erlebnisdatum: Dezember 2019,Am Sonntag nur 1€,Die aktuelle Ausstellung lohnt sich sehr und es gibt viel interessantes zu entdecken. Jeden Sonntag ist der Eintritt nur 1€. Man darf im Museum auch Fotos machen.,50,"München, Deutschland",Reiseart: mit Freunden
Erlebnisdatum: Oktober 2019,10 Jahre schon!,Gibt es dieses Museum. Früher war das Gelände eine Brache. Ein einigermaßen ansehnlicher Bau mit verschiedenen modernen Ausstellungen.,50,"Berlin, Deutschland",
Erlebnisdatum: Oktober 2019,Eine Schatzkiste,"Bekannt aus vielen Architekturpublikationen habe ich 2019 die Forever Young Ausstellung, die 10 Jahre Museum Brandhorst feiert besucht. Die Architektur besticht nicht nur durch die vor 10 Jahren innovative Fassade sondern in den Innenräumen auch durch eine hohe Qualität in der Durchgestaltung und Ausführung. Die Exponate, die in der Forever Young Ausstellung aus der Sammlung präsentiert werden sind von Andy Warhol, Jean-Michel Basquiat, Keith Haring, Damien Hirst (super!), Wolfgang Tillmans, Richard Avedon, Cady Noland, Gerhard Richter, Martin Kippenberger... Highlight im Obergeschoss ist die Cy-Twombly-Ausstellung - eine Inspiration!",50,,
Erlebnisdatum: Oktober 2019,Tolles Museum - innen und außen!,"Haben an einem Sonntagmorgen das Museum Brandhorst besucht (und nur einen Euro Eintritt gezahlt) und waren durchweg begeistert. Imposantes Gebäude und eine wirklich tolle Sammlung auf drei Ebenen. Die Cy Twombly-Räume sind eine absolute Wucht - natürlich wegen der Kunst, aber auch wegen dem Innen-Design. Alles wirklich gut gelungen, tolle Licht- und Raumkonzepte (und eine tolle Sammlung sowieso). Ein schöner Ausflug für etwa 1-1,5 Stunden! Danach kann man im Gebiet um die Uni auch gut Mittagessen.",50,Frankfurt,
Erlebnisdatum: Februar 2018,Sehr einseitige Sammlung,"Wir waren sehr enttäuscht von dieser Sammlung. Die ersten zwei Etagen waren allein zwei Künstlern gewidmet: Cy Twombly und Seth Price. Die untere Etage griff erneut Price auf, führte jedoch dann weiter mit ein paar anderen Künstlern, darunter Warhol. Ein paar Werke die angeblich in der Sammlung waren (sehr berühmte Werke) waren aus irgendeinem Grund nicht da. Dies war sehr enttäuschend. Letztendlich haben wir maximal eine Stunde in dem Museum verbracht. Ich würde keinen Besuch mit Kindern empfehlen, da auch sehr sexuelle Bilder ausgestellt werden (speziell eine Videoaufnahme mit pornografischen Bildern).",30,"Leipzig, Deutschland",Reiseart: mit Freunden
Erlebnisdatum: Februar 2018,"Großartige Ausstellungsarchitektur, perfekt genützt ","Die Sammlung ist nicht riesig, aber groß genug, um ein paar Stunden darin zu verweilen. Optimale Räume zur Präsentation von wechselnden und ständigen Ausstellungen. Besonders hervorzuheben ist für mich der Lepanto-Raum von Cy Twombly mit den 12 Großgemälden zur Schlacht von Lepanto.",50,"Wien, Österreich",Reiseart: geschäftlich
Erlebnisdatum: Januar 2018,Moderne Kunst ist immer auch Gechmackssache,"Tolles Gebäude. Audio-Guide günstig und empfehlenswert. Obergeschoss nur Cy Twombly. Kann man mögen, muss man aber nicht. Erdgeschoss des Hauses und eine Hälfte des Kellers Sonderausstellung Seth Price. Ganz sicher nicht meins. Die andere Hälfte des Untergeschosses Pop-Art, insbesondere Andy Warhol. Das gefiel mir gut und die Erklärungen des Audio-Guide sind prima. Besuchen sollte man das Haus, wenn einen eine Sonderausstellung thematisch anspricht. Im Eingangsbereich Cafe mit frischen Salaten und angemessenem Preis-Leistungs-Verhältnis.",40,"Litzendorf, Deutschland",Reiseart: allein
Erlebnisdatum: Februar 2017,Absolut besuchenswert,Absolut besuchenswert für Interessierte an moderner Kunst! Guter Überblick möglich! Auch das Restaurant ist zu empfehlen :-),50,"Stuttgart, Deutschland",Reiseart: als Paar
Erlebnisdatum: August 2017,Innovative Kunst unserer Zeit im innovativen Museum,"„Innovation“ heißt die Ausstellung von Kerstin Brätsch (bis 17.9.17) – das steht für ihre Verbindung innovativer Techniken mit Malerei – aber auch für die Architektur und Ausrichtung dieses Museums selbst. Fotos sind nur erlaubt im schönen Aussichtsraum im OG, dort entstand meine Zeichnung: Blick zum Alten Museum im Museums-Areal. Links die Front der Pinakothek der Moderne.",50,"Umkirch, Deutschland",Reiseart: allein
Erlebnisdatum: August 2017,"Modern, Zeitgenössisch",Das Museum Brandhorst bietet moderne und zeitgenössische Kunst aus der Sammlung von Udo und Anette Brandhorst. So gab es im August 2017: Pop Pictures PeopleKerstin BrätschCY Trombly,30,"Köln, Deutschland",Reiseart: als Paar
Erlebnisdatum: März 2017,sehr sehenswertes Museum: sowohl die Sammlung als auch die Architektur,"Die Sammlung Brandhorst ist ein wirklich sehenswertes Museum. Allein schon das Gebäude gefällt mir sehr gut. Zudem kommt noch die großartige Sammlung. Gerade der große (riesige) Raum mit dem Monumentalwerk ""Lepanto"" von Cy Twombly ist eine Reise wert. Aber auch der Rest ist fantastisch. Wenn ich in München bin, dann ist das Museum Brandhorst immer auf der Liste.",50,"Wien, Österreich",
Erlebnisdatum: Juni 2017,Kleiner Rundgang und sehr abstrakte Kunst,"Die Kunst im Museum Brandhorst ist schon sehr abstrakt. Man muss meist bei jedem Bild im Austellungsführer nachlesen was die/der Künstler damit meint. Es ist aber auch mal was anderes als nur immer die bekannten Maler. Das Gebäude ist sehr schön auch von innen. Falls man also die Pinakotheken schon durch hat, sollte auch mal einen Blick in dieses Museum werfen.",40,"Allershausen, Deutschland",Reiseart: allein
Erlebnisdatum: April 2017,Kurzweiliger Rundgang,Wir sind gegen Mittag gekommen und mit Audiogide durch die Ausstellung gegangen. Sehr interessant und gut gemacht. Alleine das Gebäude ist von Innen der Wahnsinn. Cafe im Eingangsbereich ist auch zu empfehlen,40,"München, Deutschland",Reiseart: als Paar
Erlebnisdatum: Februar 2017,Teils teils,Eigentlich interessantes Museum. Aber die Ausstellung von Wade Guyton fanden wir nicht so gut. Unserer Meinung nach waren die Bilder etwas langweilig. Auch fanden wir das Personal sehr streng und das Fotoverbot war sehr unnötig. Dafür hat uns die Ausstellung von Twombly im Obergeschoss gut gefallen. Sehr nett ist auch der nur 1€ teure Eintritt am Sonntag.,30,"München, Deutschland",Reiseart: mit Freunden
Erlebnisdatum: Juli 2016,Man muss es wollen,"Da Kunst ja immer polarisiert, ist es hier auch ganz besonders so. Sicher sind Beuys und Warhol auch Magneten, aber bei diesem Museum muss man vorher auch hierherwollen. So einfach mal rein und nen schönen Nachmittag gemacht ist nicht....Für den Liebhaber genau dieser Kunstform Topadresse, wer nur mal schauen will sollte in eine der drei Pinakotheken gehen",30,Deutschland,Reiseart: mit der Familie
Erlebnisdatum: Januar 2017,Schönes Museum für Kunst des 20. Jahrhunderts - Fotoverbot macht keinen Sinn und ist ärgerlich,"Schönes Museum mit Fokus auf ein / zwei Künstler und einer Ebene mit Stücken aus der Sammlung. Nicht zu groß, so dass man sich nicht überrollt fühlt. Besonders gut ist der Raum mit den zwölf Bildern ""Lepanto"" von Cy Twomblywas super nervig ist (und wenig überzeugend mit versicherungstechnischen Gründen begründet), dass man keine Fotos machen darf. Wie versichern eigentlich andere Museen Ihre Bilder?",30,"Denver, Colorado",Reiseart: allein
Erlebnisdatum: Dezember 2016,Über Kunst lässt sich streiten,"Nach dem Besuch von 2 Pinakotheken haben wir uns noch dieses Museum angesehen. Zuerst muß man sagen, das Personal hier, war im Gegensatz zu den beiden vorherigen Museen, sehr unfreundlich. Und was die Gemälte betrifft, so kann man das was die ausgestellten Künstler auf die Leinwand gebracht haben nicht wirklich als Kunst ernst nehmen, auch wenn berühmte Namen dran stehen. Es erinnert vieles an das Gekleckse kleiner Kinder.",30,,Reiseart: mit der Familie
Erlebnisdatum: November 2016,Schiff ahoi,"Der Besuch dieses Museums ist eine spannende Reise im die Welt moderner und modernster Kunst. Hier kann man Werke von Andy Warhol, Josef Beuys, Sigmar Polke oder Dan Flavin besichtigen. Herzstück des Museums ist die Sammlung von Werken von Cy Twombly, insbesondere ""Lepanto"" und die ""Risenbilder"". Auch das Gebäude selber ist sehenswert und schon allein einen Besuch wert.",40,"Berlin, Deutschland",Reiseart: als Paar
Erlebnisdatum: November 2016,"Kameraverbot, grimmiges Personal und weniger Highlights als erhofft ","Der von mir verwendete Reiseführer empfahl die Sammlung Brandhorst als Highlight der Stadt. Dem muss ich deutlich widersprechen: es finden sich weniger Highlights als erwartet, die Pinakothek der Moderne hat mich deutlich stärker angesprochen. Für sich betrachtet ist die Sammlung aber einen Besuch wert! Tipp: Im Kombiticket mit mindestens einer der Pinakotheken spart man deutlich Bitte beachten: innen herrscht Fotoverbot Irritierend: es gibt keine Trennlinien oder Absperrungen vor den Werken, alle paar Minuten löst daher ein Gast ungewollt den Alarm aus Sehr schade: das grimmige Personal, das sich vom Besucher oft beim Spielen am Handy gestört fühlt",30,"Lübeck-Travemünde, Deutschland",Reiseart: allein
Erlebnisdatum: Oktober 2016,Sehenswertes Museum,"Direkt neben der Pinakothek der Moderne findet man ein weiteres wunderbares Museum für erne Kunst. Bisher bin ich immer in der Pinakothek hängen geblieben, aber der Besuch des Museum Brandhorst lohnt. Ich komme wieder!",50,"Kaiserslautern, Deutschland",Reiseart: allein
Erlebnisdatum: Oktober 2016,"Ein bereicherendes Museum, das man gesehen haben sollte!","Gegenwartskunst des 20. und des 21. Jahrhunderts kann man in dieser großartigen Sammlung von ca. 700 ausgestellten Werken genießen. Eins der ganz großen deutschen Museen, ein Besuch lohnt sich unbedingt!!!",50,"Montpellier, Frankreich",Reiseart: als Paar
Erlebnisdatum: Oktober 2016,Moderne Kunst,"Auch wer noch keinen wirklichen Zugang zur Kunst des 20./21. Jahrhunderts hat, sollte sich dieses Museum ansehen! Hier finden sich ganz bedeutende Werke!",50,"Innsbruck, Österreich",
Erlebnisdatum: Mai 2016,Könnte noch besser sein,"Mir gefallen Architektur und Styling des Museums persönlich sehr gut. Insbesondere der riesige Raum im OG für die Gemälde von Cy Twombly. Die Ausstellungen sind leider wechselnder Qualität. Auch schade ,daß die Audioguides dabei vieles auslassen. Die kleinen Unannehmlichkeiten anderer Museen gibt es hier nicht (Schließfächer genug, Bistro angenehm ) zudem mit öffentlichen Verkehrsmitteln gut zu erreichen. Die Ausstellung Painting 2.0 fand ich nicht besonders, vieles hatte mit 2.0 nichts zu tun.Trotzdem insgesamt eine Bereicherung für München und sehenswert.",40,"Dießen am Ammersee, Deutschland",Reiseart: als Paar
Erlebnisdatum: März 2016,Ausstellung Painting 2.0,"Ich war in der Ausstellung  Paintings 2.0 und war leider sehr enttäuscht.Es gab ca. 3 Ausstelungsstücke die ansprechen waren , sonst leider viele Lückenfüller. Bei den meisten Ausstellungsstücken handelte es sich um Werke der 60er und 70er Jahre. Vielleicht war das damals spannend, heute besser für den Sperrmüll zu gebrauchen. Es gab in der Werbung ein nettes Bild , es wurde bei mir der falsche Eindruck erweckt das solche Stücke mehrfach zu sehen sind. Leider war dem nicht so. Falls ich wieder einmal in das Museum gehen sollte, werde ich mich ganz genau erkundigen. Diese Ausstellung war leider bestenfalls mittelmäßig.",10,M,Reiseart: mit Freunden
Erlebnisdatum: März 2016,Einmal und nie wieder,"Ein sehr grosser und auffälliger Bau  eingekeilt zwischen Gebäuden. Leider wurde unsere Neugier auf moderne Kunst stark getrübt, sind doch die meisten Werke für mich als Laien, aber kein Kunstbanause, absolut unverständlich, obwohl vielfach Hinweise vorzufinden sind. Einzig Exponate von Andy Warhol machten mir Freude. Ich war mit meinem Empfinden nicht allein. Im angrenzenden Bistro bestätigte mich eine Dame. Auch sie empfand es teilweise als Zumutung, sich mit dieser Kunst auseinander zu setzen zu müssen.",30,"Locarno, Schweiz",Reiseart: mit Freunden
Erlebnisdatum: Januar 2016,licht und luft für die kunstwerke,"dieser phänomenale bau kommt quasi ohne künstliches licht aus:  das ist besonders faszinierend, wenn der wechsel von sonnenlicht und wolken mit den rosen von cy twombly spielt. ein ausgeklügeltes system von klimatisierung gewährleistet, dass mensch und kunstwerk sich optimal wohlfühlen.die innenausstattung des brandhorst ist aus edlem holz; fast schon ein sinnliches erlebnis! zurück zur kunst: mit einer umfangreichen damian hirst-sammlung,  mit andy warhole, mit jeff koons, um nur die teuersten zu nennen, ist dieses recht kleine museum super ausgestattet.",50,"Herne, Deutschland",Reiseart: allein
Erlebnisdatum: Mai 2015,Einfach toll,"Das Brandhorst ist unbedingt sehenswert und lädt mit unterschiedlichen Bildern zur Besichtigung ein. Sehr modern, großzügig - ich finde es einfach toll",50,"Regenstauf, Deutschland",Reiseart: als Paar
Erlebnisdatum: November 2015,ich liebe das Brandhorst,"Bisher war jede Ausstellung unbedingt sehenswert. Ich bin relativ oft im Brandhorst und empfehle es jedem dort mal vorbei zu schauen. Wer noch nicht dort war, sollte schnellsten mal hin.",50,"Ottobrunn, Deutschland",Reiseart: mit der Familie
Erlebnisdatum: November 2015,spannend schon von aussen,"Dieses Museum ist ein ""must"" für denjenigen, der die zeitgenössische Kunst liebt. Für die anderen ist die Aussenfassade ein ""must"".... lasst Euch verzaubern von Sauerbruch und Huttons Keramikoberfläche.... das Farbspiel macht einfach Spaß!",50,"München, Deutschland",Reiseart: mit der Familie
Erlebnisdatum: August 2015,Must,Wie soll man diese Bewertung vervollständig. Ein Must im Museumsviertel in München. Integriert ein Bookshop und ein kleines Bistro,40,"Province of Verona, Italien",
Erlebnisdatum: Oktober 2015,"Überschaubares, nicht zu grosses Museum mit beachtenswerter Warhol Sammlung / Ausstellung","Samstag morgens mit Familie (2 Erw./2 Jgdl.) gezielt die Andy Warhol Ausstellung besucht. Museum leicht mit Tram zu erreichen. Gebäude architektonisch interessant, die Farbigkeit und der gesamte optische Eindruck der Fassade hat uns allen gefallen. Personal im Museum sehr freundlich und hilfsbereit. Genügend Schliessfächer für Taschen etc vorhanden.  Museum / Ausstellung  nicht überlaufen, so dass man oftmals ungestörte Sicht auf die Kunstwerke hat. Audio Guides sind zu empfehlen, waren gut gemacht (sowohl für Erwachsene und die Kids) und kostenlos für die Kinder.  Auswahl der Werke hat uns allen gut gefallen, Länge der Warhol Ausstellung ok für uns und die Kids.",30,"Zürich, Schweiz",Reiseart: mit der Familie
Erlebnisdatum: August 2015,Wunderbare Architektur und tolle moderne Kunst!,"In diesem Museum war ich nun schon einige Male und jedes Mal gefällt mir vor allem die Architektur (das aber auch wenn ich schon alleine dran vorbeiradele).Die Mitarbeiter sind immer freundlich und die Ausstellung ansprechend gestaltet. Ich bin nicht der größte Twombly-Fan (um es mal diplomatisch auszudrücken), aber meinen Begleitern gefällt vor allem die Lepanto-Sammlung im Obergeschoss des Museums sehr gut.",50,"Köln, Deutschland",Reiseart: als Paar
Erlebnisdatum: September 2015,Sehenswerte Architektur,"Anspruchsvolle Architektur, Architektur von Sauerbruch & Hutton, gute Sammlung moderner Kunst, u.a.Fotografie, Medienarbeiten und Installationen",50,"München, Deutschland",Reiseart: als Paar
Erlebnisdatum: Januar 2015,Eines der schönsten Kunstgebäude Münchens.,Von Warhol bis zu anderen kontemporären Künstler bietet das Haus aus privater Sammlung sehenswerte und einzigartige Kunst. Die Verkleidung des Gebäudes ist mit tausenden bunten Kermaikstäbchen verkleidet.,50,"München, Deutschland",Reiseart: mit Freunden
Erlebnisdatum: September 2015,Innen und außen faszinierend,"Allein der Museumsbau ist sehenswert. Es gibt zwar bis heute Probleme mit der Umsetzung der Energiewirtschaftlichkeit, innen und außen ist das Gebäude aber höchst interessant und ansprechend. Die Warhol-Ausstellung ist eindrucksvoll, so viele Werke des Künstlers auf einmal sieht man selten.",50,"Hamburg, Deutschland",Reiseart: allein
Erlebnisdatum: Juli 2015,Ein muss!,Schon von außen eine Augenweide:Bunte Emailstäbe gehen eine Symbiose mit Holz und Beton ein. Stärkung im integrierten Restaurant Horst und dann hinauf zu der einmaligen Cy Twombly Ausstellung: schwelgen in Farben.,50,"München, Deutschland",Reiseart: als Paar
Erlebnisdatum: August 2015,Spannender Bau,"Der Bau ist eine Wucht! und die Cy Twombly Ausstellung absolut sehenswert, ebenfalls ein Genuss ist das museumscafe",50,Schweiz,
Erlebnisdatum: August 2015,"kein sehr breites Spektrum, geht mehr in die Tiefe","wenige Künstler, aber dafür mit mehr Werken, v.a. Warholden Audioguide fand ich extrem gut gemacht, die Beiträge für junge Hörer sind auch für Erwachsene zu empfehlen!",50,"Bamberg, Deutschland",Reiseart: allein
Erlebnisdatum: Juni 2015,Allein der Bau ist eine Augenweide,"Unbedingt ein Kombiticket für die Pinakothek der Moderne, die gleich gegenüber ist, kaufen, denn das lohnt sich! Die beiden Bauten sind ein Fest der Augen und Sinne für Archikekturfreaks und ja, die Ausstellungen können sich auch sehen lassen, aber treten im Vergleich zur großartigen Gestaltung der riesenhaften Räume in den Hintergrund.",50,,Reiseart: geschäftlich
Erlebnisdatum: Juni 2015,Interessantissimo!,"Diese Sammlung sucht ihresgleichen. Der Besuch lohnt sich schon aufgrund der überaus sehenswerten Architektur des Gebäudes! Nicht überlaufen, einfach nur sehenswert und äusserst interessant!!!",50,"München, Deutschland",Reiseart: geschäftlich
Erlebnisdatum: Juni 2015,Etwas dünn,"Wenn man moderne Kunst anschauen will, geht man besser in die Pinakothek der Moderne, das Spektrum im Museum Brandhorst war uns zu dünn. Am Sonntag kostet es nur 1EUR Eintritt, dadurch war aus unserer Sicht das Preis-Leistungs-Verhältnis korrekt wiedergegeben.",30,"Hamburg, Deutschland",Reiseart: geschäftlich
Erlebnisdatum: April 2015,Ein wunderbares Museum für moderne Kunst,"Immer wieder gehe ich in dieses schöne Museum. Auch architektonisch ist es interessant. Sogar an einem Sonntag, wenn auch dieses Museum nur einen Euro Eintritt kostet, kann man Ruhe finden und die Bilder entspannt genießen.",50,"München, Deutschland",
,Absolutes Muss für jeden Kunstfreund,"Allein die Architektur ist schon sehr beeindruckend.Wir waren auf einer Ausstellung zeitgenössischer Kunst mit Andy Warhole, etc. Es hat sich wirklich gelohnt.",50,Hamburg,
Erlebnisdatum: Mai 2015,Kunst des 20. und 21. Jahrhunderts,"Ein sensationelles Museum, das die Sammlung von Udo und Anette Brandhorst beherbergt, die aus über 700 Werken von Künstlergrössen wie Cy Twombly, Andy Warhol, Damien Hirse oder Joseph Beuys....) besteht. Ein Must in München!",50,"Köln, Deutschland",Reiseart: mit Freunden
Erlebnisdatum: März 2015,Sonntags nur € 1,"Der billige Eintritt am Sonntag ist das beste am Inneren dieses Museums. Die Andy Warhol Stücke sind beeindruckend, keine Frage. Das wars dann aber auch. Oben gibt es Semi-Kunst wie einen Riesenanus nebst Austritt aus lackiertem Aluminium. Für Freunde des erweiterteren Kunstbegriffs kann das eine Freude sein, für mich nicht. Ebenso wie die Videoinstallation im UG, in der ohne Ende ""I talk to you - you listen to me"" palavert wird. Wie eine Folterkammer. Ich mag nicht intellektuell genug für diese Ausstellung sein, mich erinnert das mehrheitlich an Hape Kerkelings ""Hurz!"". Architektonisch natürlich ein toller Bau.",20,"Stuttgart, Deutschland",Reiseart: als Paar
Erlebnisdatum: März 2015,Zeit mitbringen,"Das Museum fängt schon draußen an, die Architektur und deren Funktionen bedarf näherer Betrachtung. Wie die Exponate innen, deren räumliche Umgebung z.T. vom schöpfenden Künstler mit-bestimmt wurden. Zeit mitbringen - Zeit lassen - Fragen stellen - Zuhören und danach zufrieden zu HORST, der Esskultur Lounge im Hause.",50,"Wasserburg, Deutschland",Reiseart: mit Freunden
Erlebnisdatum: Januar 2015,Ein allseits gelungener Bau,"Der Besuch des Museums Brandhorst hat uns schlicht begeistert: Der Bau, aussen, wie innen und der Inhalt. Während Bilder und Skulpturen eine Spende aus der Waschpulverdynastie Henkel sind, wurde der Museumsbau durch den Freistaat Bayern errichtet.Durchwegs modern, findet hier jeder seine Favoriten. Wir waren besonders vom Lepanto-Zyklus von Cy Twombly im ersten Obergeschoss angetan. Hier wurde das Gebäude um die Bilder gebaut und nicht, wie meist sonst, umgekehrt.Eine Erfrischung im Museumscafé (selbstgemachte Limo!) rundet einen allseits gelungenen Besuch ab.",50,"Basel, Schweiz",Reiseart: mit Freunden
Erlebnisdatum: April 2014,Schönste Ausstellung von Andy Warhol,Ich war mittlerweile mit meinen Besuchen in diesem sehr sehr schönen Museum bereits 3 Mal vor Ort und immer wieder begeistert. Insbesondere die beeindruckenden Kunstwerke von Andy Warhol sind immer wieder sehenswert und wohl eine der größten Ausstellungen dieser Künstlers. Eine Kunstaustellung von Künstlern der letzten 60 Jahre.,50,"Provinz Olbia-Tempio, Italien",Reiseart: mit Freunden
,Super!,Super. Komme immer wieder gerne vorbei um die neuen Ausstellungen zu sehen! Die Sammlung besteht aus vielen modernen Sachen. Für den der es mag wirklich super. Auch die Räume sind immer wieder schön zu erleben und zu sehen.,50,"Munich, Bayern, Germany",
,Schönes & modernes Museum,Eigentlich bin ich gar kein Fan von Museen. Aber das Museum Brandhorst hat eine der interessantesten Ausstellungen die ich je gesehen habe! Von alltäglichen Dingen über PopArt und ModernArt sind dort viele Kunstwerke zu finden mit denen man wirklich etwas anfangen kann. Zudem ist der Audioguide sehr gut gestaltet sodass man mit anderen Augen durch die Räumlichkeiten geführt wird.,50,"Frankenberg, Deutschland",
Erlebnisdatum: September 2014,Sehr gutes Museum mit hervorragender Ausstellung,"Das moderne Museum ist sehr interessant. Konnten eine wunderbare (temporäre) Fotoausstellung von Richard Avedon erleben. Eine wunderbare Ausstellung! Insgesamt ist die Atmosphäre in dem Museum sehr gut. Auch im Foyer das Kaffee ""HORST"" ist irgendwie gut gemacht und läd irgendwie zum verweilen ein.",50,Erfurt,Reiseart: geschäftlich
Erlebnisdatum: September 2013,Münchens erste Adresse für moderne Kunst,"Das Museum Brandhorst liegt direkt neben der Pinakothek der Moderne und bietet zusammen mit ihr einen weltweit einzigartigen Überblick auf die Gegenwartskunst. Die Architektur (außen wie innen) ist schon eine Reise wert. Ans Herz legen möchte ich die Werke von Cy Twombly, dem eine ganze Etage gewidmet ist.",50,"Bayern, Deutschland",Reiseart: als Paar
Erlebnisdatum: August 2014,Tolle Ausstellung,"Wir haben die Ausstellung über den Fotografen Richard Avedor besucht und waren restlos begeistert. Unbedingt den einführenden Film ansehen, den das Bayr. Fernsehen bereits vor Jahren gedreht hat. Tolle Repräsentation von großartigen Fotos!!",50,Lüneburg,Reiseart: als Paar
Erlebnisdatum: Januar 2014,Ein tolles Museum moderner Kunst - 1a Audioführung,"Dieses Museum hat uns rundum begeistert - neben der phantastischen Architektur, die man innen wie außen erleben kann, bietet es eine phantastische Ergänzung - ja geradezu einen idealen Kontrapunkt - zur Pinakothek der Moderne. Das Arrangement von Kunst und Raumarchitektur, die Schaffung eines natürlichen Lichtes und die bald auslaufende Sonderausstelllung von Büchern Andy Warhols (ich wusste nicht, dass er auch in diesem Feld aktiv war) haben uns uneingeschränkt fasziniert. Aber auch oder wohl besser ganz besonders die Dauerausstellung des Stiftungsbestandes insbesondere die Werke von Cy Twombly sind atemberaubend arrangiert. Das iPod-geführte Audiosystem ist eine Wucht - speziell für Kinder (unsere 5 und 9 Jahre) wird zu bestimmten Bereichen auch ein museumspädagogisch ganz besonders wertvolles ""Alternativprogramm"" geboten. Unser ""Großer"" war aber gleichermaßen vom ""Standard""-Audioführer fasziniert. Der Ausklang bei leckerem englischen Käsekuchen im Museums-Café waren ein krönender Abschluss.Dieses Museum ist eine ""Must""-Empfehlung in München!",50,"Münster, Deutschland",Reiseart: mit der Familie
Erlebnisdatum: Dezember 2013,eine gandiose Architektur außen wie innen,"dieses eines der neuen Museen iun Müpnchen lässt einen nur über si vie Kreatiuvität der Architekten und useusgestalter staunen. Die Ausstellunsräume auf den verschiedenen Ebenen, die Anlage des Treppenhauses sind schon Kunst fürm sich, die esm zu besuchen gilt. Leder ist mit den  alles dominierenden Werken vn Warhol ( ca.90 % ) das Museum weit unter denMöglichkeiten genutzt. Aber das kann sich ja noch änderen.Muss es sich auch. Während unseres gut einstündigen Besuchs waren außer uns noch 4 Besucher in diesen Räumen. Das muss doch den Verantwortlichen zu denken geben. Man sollte auch an die  Museumswärter denken, die sich vr Langweie die Füße in den Bauch stehen.",50,Köln,Reiseart: als Paar
Erlebnisdatum: März 2013,Neue ästhetische Erlebnisse der Kunst unserer Zeit,"schon das Äußere des von Sauerbruch & Hutton (Berlin) entworfenen Gebäudes ist spannend: die farbigen Keramikstäbe: sie machen Lust, zu erkunden, was sich dahinter verbirgt: Werkkomplexe einzelner Künstler, Klassische Moderne und Kunst ab 1950. Immer wieder neue Seh-Erfahrungen verlocken zum Wiederkommen!",50,"Umkirch, Deutschland",Reiseart: geschäftlich
Erlebnisdatum: Oktober 2013,Von außen und innen ein Kunsterlebnis,"Das Museum befindet sich in der Nähe der Pinakotheken und ist nicht zu übersehen mit seiner bunten Fassade aus geschickt angeordneten farbigen Keramikstäben. Je nach Blickwinkel entstehen neue Eindrücke. Zum Preis von € 7 kann man die Sammlung des amerikanischen Künstlers Cy Twombley im ersten Stock sehen und Andy Warhol im Erdgeschoss. Außerdem ist Ed Ruscha ausgestellt. Besonders der Saal mit dem Lepanto-Zyklus ist sehr empfehlenswert! Das Gebäude ist großzügig, hell und bietet immer wieder neue Perspektiven beim Herumgehen. Das Personal haben wir freundlich, interessiert und aufgeschlossen erlebt, eine Seltenheit in der Welt der Museen.",50,Regensburg,Reiseart: als Paar
Erlebnisdatum: Juni 2013,Cy Twombley im 1. Stock ein MUST !!,"Interessante Architektur, schönes übersichtliches Museum im Münchner Kunstareal. Ich liebe die  tolle Cy Twombley Sammlung im ersten Stock. Grossartig, ein Must für Kunstfreunde !!",50,"Abu Dhabi, Vereinigte Arabische Emirate",Reiseart: mit Freunden
Erlebnisdatum: August 2013,"Sehr schönes, modernes Museum","Schon das Gbäude selbst ist sehenswert:36.000 vertikal platzierte, einen Meter lange Vierkantstäbe aus über 20 unterschiedlich farbig glasierter Keramik. Ich hatte die Chance, zwei Ausstellungen von Cy Twombly und Ed Ruscha zu sehen, echt toll. Aber natürlich wird alles von Andy Warhol überstrahlt. Leider waren hier einige Räume gesperrt, da diese für die nächste Sonderausstellung ""Reading Andy Warhol"" ab 18.09. hergerichtet wrden. Tipp: Wer sich das Museumseck an einem Tag geben möchte, sollte sich das Tagesticket für das Museum Brandhorst, die Pinakotheken und Sammlung Schack für 12,- € kaufen - vom Weg her kein Problem, denn liegt alles dicht beieinander.",40,Köfering,Reiseart: allein
Erlebnisdatum: April 2013,Sehr schönes Museum,"Da macht es Spass Kunst anzusehen.Von außen und von innen. Sehr abwechslungsreich, hell und selten zu voll. Und gegenüber die beste Eisdiele Münchens...",50,"München, Deutschland",
Erlebnisdatum: März 2013,Ein tolles Museum,"Dieses Kunstmuseum ist nicht nur als Gebäude sehenswert. Innen  gibt es viel wichtiges und anregendes an moderner Kunst zu sehen. Warhol und Beuys sind nur zwei der Namen. Der Eintrittspreis ist moderat, der Service gut und unaufdringlich.",50,"Isernhagen, Deutschland",Reiseart: als Paar
Erlebnisdatum: Februar 2013,"Wer moderne Kunst liebt, muss dorthin","Wer moderne Kunst liebt, muss dort hin. Ich habe gleich daneben in einem sehr gemütlichen Bed and Breakfast gewohnt und musste nur die Straße überqueren, das war sehr praktisch.Sonntags kann man für nur 1 reingehen. Die Baukunst überzeugt, die Architektur ist beeindruckend, was will man sonst mehr.",50,"Prag, Tschechien",Reiseart: mit der Familie
,Moderne Kundst,"Wenn jemand moderne Kunst liebt, muss er ins Museum Brandhorst. Es gibt immer wieder Sonderausstellungen. Schon die Fassade des Museums ist Kunst, die man gesehen haben muss",50,"Neumarkt in der Oberpfalz, Deutschland",
Erlebnisdatum: November 2012,Schnupperkurs Moderne Kunst fuer Regentage,Wo gibt es das noch - fuer nur  1 Euro kann man jeweils Sonntag in Museum Brandhorst in Moderne Kunst hineinschnuppern. Unbedingt auf der 1 Etage mit Cy Twombly beginnen ( am besten vorab mal auf youtube nach LEPANTO suchen) - hilft beim Bild Verstaendnis - dann die 1 Etage mit Warhol - und abschliessend  den Untergschossbereich mit den Videokuenstlern - das ganze benoetigt vielleicht 1 Stunde - abgeschlossen mit einem Kaffee & More im grosszuegigen MuseumCafe -  ein Schnupperkurs in Moderne Kunst fuer Regentage,50,"Neuss, Deutschland",Reiseart: mit der Familie
Erlebnisdatum: April 2012,Ein Gewinn für München,"Tolle Baukunst, beeindruckende Architektur und Innenraumgestaltung, ausgezeichnete Kunst - was will man mehr.",50,"Dachau, Deutschland",
Erlebnisdatum: Februar 2012,Moderne Kunst vom Feinsten,"Die Privatsammlung im Brandhorst ist nicht nur einmal, sondern immer wieder sehenswert. Bilder und Skulpturen großartiger Künstler begeistern immer wieder, aber auch das Haus selbst ist schon attreaktiv und ""künstlerisch wertvoll"". Das Museum ist sicher nicht für jeden, aber €1.- am Sonntag ist zum moderne Kunst schnuppern auch für darin ""Ungeübte"" ein toller Anreiz.",50,"Bad Homburg, Deutschland",Reiseart: allein
Erlebnisdatum: Mai 2012,Moderne Kunst,"Die im Museum Brandhorst ausgestellte moderne Kunst ist wahrscheinlich nicht jedermanns Sache. Wer mit abstrakten Motiven etwas anfangen kann, ist hier sicherlich sehr gut aufgehoben. Der Eintritt kostet regulär 7,00 Euro. Es empfielt sich jedoch, ein Kombiticket für 12,00 Euro zu erwerben, womit man auch die drei Pinakotheken besuchen kann. Positiv ist, dass der Audioguide im Preis enthalten ist - außer Sonntags.",30,"München, Deutschland",Reiseart: mit Freunden
Erlebnisdatum: März 2012,"Klein, aber sehenswert","Das Museum Brandhorst - Schwerpunkt moderne Malerei - ist in unmittelbarer Nachbarschaft zur Pinakothek der Moderne (auch die alte und neue Pinakothek sind nicht weit entfernt). Eine Kombination bietet sich an. Das Gebäude ist bereits von aussen sehenswert. Es handelt sich um den jüngsten Bau der genannten Museen. Der Bau wurde bereits an den Exponaten der Künstler, die zu sehen sind, ausgerichtet. Es wurde viel Raum für die Exponate geschaffen, nichts ist überfüllt, die Werke können wirken. Unbedingt zu empfehlen ist der Audio-Guide, der sehr kurzweilig und anschaulich Informationen zu den Ausstellungsstücken gibt. Leider gibt es wenig (freie) Parkplätze in der Umgebung (keine Parkhäuser).",40,Poing,Reiseart: mit Freunden
Erlebnisdatum: Dezember 2011,moderne eindrücke,"einmal ganz andere bilder bekommt man hier zu sehen als in den bekannten pinakotheken von münchen,wenn man sich genauer informieren will, sollte man unbedingt den elektronischen führer ausleihen und vor den interessantesten stationen ihn einschalten,mit 2 bis 3 stunden ist man ausreichend informiert und kann im cafe auch noch einen kaffee genießen, am sonntag ist es besonders empfehlenswert,",50,Kempten,
Erlebnisdatum: Dezember 2011,Gemischte Gefühle....,"Einfach zu erreichen mit dem Museumsbus Linie 100; fährt z.B. am Hauptbahnof ab. Eintritt kostet EUR 7 (gibt auch Kombi-Tickets mit den Pinakotheken mit Ermaessigung). Ja und zur Ausstellung selbst... gemischte Gefühle. Kunst ist ja Geschmacksache.... empfand Teile der Ausstellung sehenswert , aber...",30,"Rüsselsheim, Deutschland",Reiseart: allein
Erlebnisdatum: November 2011,Warhol und Cy Twombly,"Ich besuchte das Museum am Sonntag, wenn der Eintritt beträgt nur 1 Euro. Wenn Sie ein Fan von Gemälden von Andy Warhol und Cy Twombly sind, das Brandhorst ist der richtige Ort, um zu gehen. Es gibt einen riesigen Raum mit Gemälden von ""Lepanto""-Zyklus von Cy Twombly. Eine sehr bedeutende und eindrucksvolle Sammlung... Leider hat das Museum Buchhandlung nicht haben eine große Auswahl. Sie sollten veröffentlicht einen guten Reiseführer.",40,St Petersburg,
Erlebnisdatum: Oktober 2011,Münchens Pedant zum Museum Ludwig,"Das Museum Brandhorst ist eine Privatsammlung im Münchner Museumsviertel. Die Außenfasade aus bunten Keramikstäben lassen das Gebäude im Viertel auffallen. Die Sammlung besteht ausschließlich aus moderner Kunst. Wichtige Werke der letzten 100 Jahre sind dort zu finden. Obwohl das Museum Ludwig für meinen Geschmack noch ein kleines bißchen mehr bietet, ist das Museum Brandhorst durchaus den einen oder anderen Besuch wert.",40,Munich,
Erlebnisdatum: November 2011,Ten thousand waves alleine ist den Besuch wert,"Das Museum begeistert mich immer wieder. Auch wenn ich nur etwa eine Stunde Zeit habe, schaue ich hier Sonntags (für 1 Euro) gerne mal kurz vorbei. Zum Beispiel die Lepantos oder die Rosen von Cy Twombly im Obergeschoß, vor allem aber die derzeitige Videoinstallation ""Ten Thousand Waves"" begeistern mich immer wieder. Letztere ist allein schon einen Besuch wert!",50,"München, Deutschland",
Erlebnisdatum: September 2011,Viel Raum und große Flächen: Cy Twombly,"Der (kürzlich verstorbene) amerikanische Künstler Cy Twombly ist sicherlich nicht jedermanns Sache: minimalistische ""Kritzeleien"" oder großflächige Farbballungen erzeugen nicht unbedingt spontane Begeisterung. Am leichtesten sollte die Annäherung an diesen Künstler aber in diesem Museum fallen, wo Bilder,  Räume und Licht ein harmonisches Ensemble bilden. So füllt der Zyklus um die Seeschlacht von Lepanto einen Saal und das Auge, mühelos von einem zum anderen Bild schweifend, entdeckt Details und überblickt das Ganze. In Münchens Pinakothekenviertel ist dieses Museum ein Juwel.Zeit sollte man schon mitbringen. Bester, d.h. günstigster Besuchstag ist der Sonntag, wenn alle vier Musee, jeweils nur einen Euro Eintritt kosten. Auch an Wochentagen gibt es eine günstige Alternative, die Kombi-Karte für alle vier Museen, allerdings müssen die alle an einem Tag besucht werden, durchlaufen, abgearbeitet.... Sinn und Genuss gehen dabei wohl tendenziell gegen Null! Schade.",50,Köln,
Erlebnisdatum: Juni 2011,Modernes Museum,"Das Brandhorst Museum ist gleich zwischen den Pinakotheken zu finden. Das Museum ist noch ziemlich neu und beinhaltet moderne Kunst. Die Fasade ist kunterbund. Am besten geht man Sonntags hin, denn dann beträgt der Eintrittspreis nur 1 euro (sonst 7 Euro bzw. ermäßigt 5 euro). Persönlich würde ich aber bei Interesse an moderner Kunst, die Pinakothek der Moderne gegenüber dem Brandhorst Museum empfehlen.",40,"München, Deutschland",
Erlebnisdatum: Dezember 2010,Kunst mit Augenzwinkern,"Das Brandhorstmuseum ist eine tolle Bereicherung für München.Gehen sie Sonntags, da kostets nur 1 Euro!Die Ausstellung und ist auch was für junge Leute und nicht ansatzweise verstaubt!Mir hat besonders das Untergeschoss gefallen, das sind faszinierende Skulpturen dabei.Ob man das ganze Obergeschoss mit Bildern von nur einem Künstler vollmachen sollte, finde ich fragwürdig. Vor Ort in der Maxvorstadt sollte man auch mal ne Runde laufen, das ist ein ganz tolles Viertel. Insidertipp: Fahren sie mit der MVV Buslinie 100. Die fährt alle Museen ab, und man spart sich fast eine Stadtrundfahrt. Es geht entlang vieler Sehenswürdigkeiten!",50,"München, Deutschland",
Erlebnisdatum: Juni 2011,"Tolle Architektur, etwas einseitige Sammlung","Das Museum ist ein relativ neues Museum im Münchner Univiertel, das die moderne Sammlung des Ehepaars Brandhorst beherbergt. Am besten hat mir die Architektur des Gebäudes selbst gefallen - weitläufig und unkonventionell, eine Sehenswürdigkeit für sich. Zur Sammlung: Da es sich um eine Privatsammlung handelt, haben die Brandhorst natürlich eher nach ihrem eigenen Geschmack ausgewählt als nach Kriterien der Vielseitigkeit, daher findet sich recht viel von einzelnen Künstlern, insbesondere Cy Twomby - eigentlich überhaupt nicht mein Fall, aber großformatig in einem eigenen Raum gehängt konnte ich sogar diesem Künstler etwas abgewinnen. Weitere Sammlungsschwerpunkte sind Warhol, Katz und Baselitz.",40,"Hamburg, Deutschland",
Erlebnisdatum: September 2010,Sehenswert,"In unmittelbarer Nähe zu den Pinakotheken ist es nicht einfach ein Museum zu schaffen, das da mithalten kann. Trotzdem ist das Museum Brandhost sehenswert und bietet so einige moderne Kunstwerke, die es in der Pinakothek der Moderne nicht zu sehen gibt. Sehr schön ist auch der Blick auf die Pinakothek der Moderne aus dem ""Eckzimmer"", das im Gegensatz zum größten Teil des Gebäudes mit Fenstern ausgestattet ist.",40,"Tokio, Japan",
,Ein Paradies für Liebhaber moderner Kunst,"Die Sammlung Brandhorst befindet sich in München in unmittelbarer Nähe zu den Pinakotheken. Die Sammlung besteht aus unzähligen Modernen Kunstwerken, die die Familie Brandhorst in dem Museum ausstellt. Dabei wechselt die Ausstellung immer wieder. Das Gebäude ist extra für diese Sammlung errichtet worden und auch sehr modern gehalten. Neben Bildern finden sich auch plastische Kunstwerke. Da sich das ganze Museum über mehrere Ebenen und den Keller erstreckt, ist ein Besuch des ganzen Museums sehr umfangreich. Eine Führung ist empfelenswert, da dabei viel über die Künstler und ihre Ambitionen erzählt wird und man auch die Werke erklärt bekommt, die man sonst gar nicht verstehen würde.Ich finde das Museum Brandhorst ist die beste Adresse in München um sich etwas moderne Kunst anzuschauen. Als ich das erste mal dort war, war ich begeistert. Allerdings gibt es auch viele Werke, die in meinen Augen keine Kunst sind, so dass es auch etwas langweilig werden kann.",40,"München, Deutschland",
,Moderne Kunst aber ein bisschen wenig,"Das Museum Brandhorst liegt an der TU München, direkt neben der Pinakothek der Moderne. Und bereits von außen kann man die moderne Kunst betrachten. Das Gebäude an sich ist schon ein wahres Kunstwerk. Leider ist die Kunstausstellung selber ein bisschen übersichtlich geraten. Und da der Eintrittspreis mir rund 7 EURO meiner Meinung nach ein Bisschen hoch ist, bekommt es von mir nur 3 Sterne.",30,"München, Deutschland",
,Ein Schmuckstück für München!,"Die Sammlung Brandhorst beinhaltet in punkto Moderne klingende Namen der Scene: Damien Hirst, CY Twombly (mit dem Saal für den Lepanto Zyklus), Andy Warhol etc.etc. Alles in einem perfekten Rahmen präsentiert. Da merkt man, daß sich die Architektur nach der Sammlung richtet. Wunderbares Licht (vor allem Tageslicht, ideal durch Oberlichte verteilt), dazu Treppen und Böden aus edlem Holz. Hier hat das Land Bayern gemeinsam mit den Brandhorsts einen ebenbürtigen Rahmen für die Kunstwerke geschaffen.",50,"Zorneding, Deutschland",
,Tolles Museum,"Das Museum Brandhorst liegt direkt neben der Pinakothek der Moderne in München. Alleine für die Betrachtung des Gebäudes lohnt sich ein Abstecher. Die sehenswerte Architektur setzt sich im Inneren fort. Insbesondere die vielen Holzelement machen es zu einem Ort, wo man sich gerne aufhält. Die Kunstsammlung ist angenehm übersichtlich und erstreckt sich nicht in endlosen Fluren. Jedes Stockwerk bietet besondere Kunststücke. Mir hat es vor allem der Papagei auf dem Farbtopf von Jannis Kounellis angetan.",50,München,
,Pop Art Schmuckkästchen,"Das aus einer Privaten Sammlung entstandene Museum, ist eines der besten für moderne Kunst, das ich bisher gesehen habe. Untergebracht in einem schlichten, denoch sehr schönen Bau, welcher der Kunst den Vortritt gibt. Die Sammlung verzettelt sich nicht darin, alles zeigen zu wollen sondern konzentriert sich auf ihre Schwerpunkte: Pop Art (v.a. Andy Warhol), Zeitgenösisches und den Künstler Cy Twombly, mit einer eindrucksvollen Sammlung. Ein MUSS in München!",50,"Shanghai, China",
,Großartiges Gebäude mit großartiger Sammlung!,Für mich eines der besten Museen mit moderner Kunst. Zur tollen Sammlung Brandhorst kommt noch ein sehr angenehmes Gebäude in handwerklich schöner Ausführung. Die Gastronomie im Foyer ist auch zu empfehlen. Die Lage im Kunstareal München ist perfekt mit öffentlichen oder auch per Auto zu erreichen. Auch die Vorreservierungen an den Eröffnungstagen waren perfekt organisiert.,50,"München, Deutschland",
,Cy Twombly im perfekten Rahmen,"Das Museum Brandhorst könnte ein wenig unscheinbar an einer viel befahrenen Straßenecke neben der TU München stehen - wäre da nicht die auffällige Fassade. Das Brandhorst ist schon von außen Kunst. Rundum wurde es mit bunten, vertikalen Keramilkstäben verkleidet, was einerseits eine weltweit einmalige Fassade ergibt und andererseits klimatechnisch ausgeklügelt ist. Superschön! Innen schnappt man sich am besten einen der sehr guten Audioguides und lässt sich durch das Museum treiben um die ungewöhnliche zeitgenössische Sammling zu erkunden. Meine Lieblingssäle sind im EG hinten links der Raum mit Eric Fischl-Bildern, im UG der mittlere Saal mit dem riesigen Pillenschrank von Damien Hirst und das Highlight: Die Cy Twombly-Säle im OG, wobei ich den Lepanto-Saal wirklich überragend finde. Nicht verpassen: Die verglaste Sitzecke im OG mit herrlichem Ausblick auf die anderen Pinakotheken und langer Audioguide-Erklärung zur Architektur des Museums. Man sollte sich schon 2 Stunden Zeit nehmen, hat dann aber ein wriklich besonderes Museum gesehen.",50,erding,
Erlebnisdatum: April 2019,Sehenswert Warhol,"Wahrscheinlich die größte Warhol-Sammlung hier, daher einen Besuch wert. Empfohlen, wenn Sie sich für zeitgenössische Kunst interessieren, sonst werden Ihnen alle übrigen Bereiche des Museums nicht viel erzählen",30,milano,
Erlebnisdatum: Dezember 2019,"Fabelhaft, wenn Sie Cy Twombly mögen","Gute Sammlung zeitgenössischer Kunst. Fantastische Ausstellung von Cy Twombly Arbeiten wunderschön aufgehängt. Ein Besuch lohnt sich für diese allein und kostenlos, wenn Sie das All-in-Pinakotheke-Ticket kaufen.",50,"London, Vereinigtes Königreich",
Erlebnisdatum: Oktober 2019,Andy Warhol Sammlung,Dies ist ein kleines Kunstmuseum mit der größten Sammlung von Andy Warhol-Werken in Europa. Das Gebäude sieht von außen modern aus und zieht Ihre Aufmerksamkeit auf sich.,40,"Glen Oaks, New York",Reiseart: allein
Erlebnisdatum: Juli 2019,Eine beeindruckende Sammlung moderner Kunst,"Bemerkenswert ist das Gebäude selbst mit Tausenden von Keramikstäben, die das Äußere bedecken. Die Sammlung beherbergt die vielleicht größte Cy Twombly-Sammlung mit Böden, die Andy Warhol und zeitgenössischen Künstlern gewidmet sind. Die geführte private Tour bot ein Verständnis für die Ursprünge der zeitgenössischen Kunst. Sehr angenehm für alle, die sich für moderne Kunst interessieren.",50,"Ramat Hasharon, Israel",Reiseart: mit der Familie
Erlebnisdatum: Juli 2019,Klein und nur sehenswert Warhol,"Dieses Museum ist super klein und das einzige, was es zu sehen gibt, ist Warhol, aber der Rest dauerte nicht lange. Gut, um die Zeit totzuschlagen, wenn Sie nichts anderes zu tun haben.",20,"München, Deutschland",Reiseart: allein
Erlebnisdatum: Juli 2019,"Sehr sauberer Ort, tolle Kunstsammlung","Dieses Museum ist sehr sauber und gut gestaltet mit vielen Gemälden und Skulpturen und hat die meiste Andy Warhol-Kunst von allen anderen Museen in Europa. Es ist eine sehr große Sammlung von Kunstwerken, und ich würde es anderen empfehlen, die viele verschiedene Formen moderner Kunst sehen möchten.",50,"Ordos, China",Reiseart: mit der Familie
Erlebnisdatum: Mai 2019,"Vor allem, wenn Sie Cy lieben","Cy wer? Cy Twombly. Die obere Ebene des Brandhorst zeigt ausschließlich Werke von Cy Twombly. Kleine bis massive Werke, Räume mit ungewöhnlich lebendigen Farben, Gemälde, die speziell für diese Räume geschaffen wurden. Ich habe viele seiner „kritzelnden“ Gemälde und Skizzen gesehen und war im Allgemeinen nicht beeindruckt, aber noch nie zuvor habe ich eine solche Sammlung wie die Brandhorst-Häuser gesehen. Diese Ausstellung ist interessant, aber was nicht allzu interessant war, waren einige unsinnige wortreiche Bedeutungszusätze, die einigen der Gemälde zugeschrieben wurden. Es gibt andere Werke von Warhol, Hirst, Basquiat und anderen. Geräumiges, schönes Museum, wunderschönes Äußeres.",50,"Ketchum, Idaho",Reiseart: als Paar
Erlebnisdatum: März 2019,Nettes kleines Museum,"Wirklich schönes Museum! Klein aber fein! Kein Muss, aber Sie werden eine sehr gute Zeit haben! Wirklich nettes Personal und ein charmantes Café!",50,"München, Deutschland",Reiseart: allein
Erlebnisdatum: Dezember 2018,Besser verdient,"Ich habe lange gedacht, dass München die Graffiti-Hauptstadt Europas ist, eine Ehre, die es aus Paris geschnappt hat. Die Bürger der Stadt müssen es mögen oder es würde nicht so viel davon geben.Es war daher nicht verwunderlich, dass so viele dieser guten Freunde die Arbeit von Cy Twombly im Brandhorst genossen. Ich werde offen sein Ich verstehe seine Arbeit nicht, ich finde es unharmonisch und schrill, Graffiti. Aber wenn all diese Leute einen Sinn oder Zweck in der Arbeit finden könnten, dann muss ich es selbst sein, der nicht auf dem richtigen Weg ist. Oder?Aber das Museumsgebäude selbst ist wunderbar. Große, zugängliche, offene Räume, überraschende Einblicke in die Außenwelt. Leicht zu finden, leicht zu bewegen. Ein Sonntagsangebot für 1 €. Besser verdient als Cy, denke ich.",40,"Sydney, Australien",Reiseart: als Paar
Erlebnisdatum: September 2018,Cy Twombly Kunst,"Es gibt hier eine Etage, die der Kunst von Cy Twombly gewidmet ist, mit riesigen Leinwänden seiner Arbeiten. Es ist eine faszinierende Ausstellung seiner modernen Kunst.",40,,Reiseart: als Paar
Erlebnisdatum: Juli 2018,Warhols Zuhause in München,"Moderne Kunst in erstaunlicher Architektur. Dieses Museum ist definitiv einen Besuch wert. Es gibt drei Ebenen und oft Sonderausstellungen. Im Obergeschoss befindet sich der berühmte Cy Twombly Raum, der gebaut wurde, um sein, Lepanto 'zu präsentieren.",50,"München, Deutschland",Reiseart: mit Freunden
Erlebnisdatum: Januar 2018,Ordentlich Museum,"Dies ist ein ordentliches Museum, der oft hat interessante Ausstellungen. In und von selbst es ist weder großartig noch mittelmäßig, nur ein durchschnittliches Gebäude. So Schneider Ihr Interesse auf der Grundlage der Reiz von Ausstellungen.",30,"München, Deutschland",Reiseart: mit Freunden
Erlebnisdatum: Juni 2018,Spaß für aufgeschlossen Personen,"Dies ist ein Museum für moderne Kunst. Sie müssen mit offenem Geist und Herz bereit zu beobachten, die Absorption und einfach genießen. Wir gingen durch die 3 Etagen Vorlage der Jutta Koether und auch Cy Twombly. Moderne Kunst ist immer wieder faszinierend, lustig, erstaunlich, faszinierenden, nervig und vor allem Spaß. Wir sahen uns, wir lachten, wir uns unterhalten haben, hat uns gut gefallen, wir waren begeistert, wir wollten. Ist dies nicht was Kunst ist überhaupt? und es war ein Sonntag dort, so dass nur 1 Euro Eintritt. gehen Sie einfach.",40,,Reiseart: als Paar
Erlebnisdatum: Mai 2018,Experten für zeitgenössische Kunst,"Am Sonntag, dem Ticket kostet nur 1 Euro. 1. Etage ist nur im Augenblick geöffnet. Die Besichtigung ist sehr kurz.",40,,Reiseart: allein
Erlebnisdatum: Dezember 2017,Für Liebhaber der zeitgenössischen Kunst,"Dies ist hauptsächlich für Liebhaber zeitgenössischer Kunst. Es ist ein kahl Gebäude im Gehäuse interessante Arbeit von klein bis groß angelegte. Das Äußere des Gebäudes ist sehenswert, wenn Sie nicht die Zeit haben innen zu gehen.",40,"Canberra, Australien",
Erlebnisdatum: Juni 2017,Großartiges Art Museum,Eines der besten Museen in München . Sie haben eine großartige Sammlung moderner und zeitgenössischer Kunst.,50,"Neu-Delhi, Indien",Reiseart: mit der Familie
Erlebnisdatum: Juli 2017,Tolle kleine Galerie für moderne Kunst,"Wir waren an einem Sonntag, als die Tickets kosten nur € 1 pro Person. Es ist eine sehr große Galerie, aber nicht besonders gefallen hat mir die Cy Twombley Ausstellungs- und die Andy Warhol. Das Gebäude ist gut beleuchtet und es war nicht viel los, das macht die Erfahrung. einen Besuch wert, wenn Sie genießen Sie moderne Kunst.",40,"Blackrod, Vereinigtes Königreich",Reiseart: mit der Familie
Erlebnisdatum: Juni 2017,"Am besten ist die Aussicht nach draußen der Gebäude, überspringen Sie den restlichen","Ich mag Kunst. Ich wie Museen. Dies war eine reine Zeitverschwendung. Wenn Sie ein großer Fan von Cy Twombly dann gehen. Wenn nicht, auf jeden Fall verbringen Sie mal etwas anderes zu tun. Wenn Sie nicht wissen, Google "" Cy Twombly "" und dann entscheiden. Ich weiß, ich wünschte, wir hätten.",10,"Hershey, Pennsylvania",Reiseart: als Paar
Erlebnisdatum: Juni 2017,"Die meisten protzig Ort, an dem ich je war","Teuer, langweilig und protzig kombiniert mit unfreundliches Personal. die Alte Pinakothek vorher waren, wodurch Brandhorst scheint eine Galerie für erste), Erd- oder Straßenhobel (Grader",10,,Reiseart: als Paar
Erlebnisdatum: Juni 2017,Großartiges Gebäude ... enttäuschend Nutzung,"Das Gebäude ist wirklich schön. Jedes Detail wie die Bezüge auf dem Geländer ist top Qualität, keine Kosten und Mühen gescheut. es ist jedoch leider nicht voll ausgelastet. Es war ein Cy Twombley Ausstellung auf als wir gingen, was sehr enttäuschend war. Wir lieben zu sehen modern Art/Skulptur, und wenn nicht sogar die meisten können Sie schätzen zu einem Geschmack. . . aber das war schlecht und nicht scheinen die Fähigkeit eines modernen Künstler erwartet. Es wäre besser gewesen, einem breiteren Spektrum von Künstlern zu schaffen mehr Auswahl. Es gibt viele wunderbare Galerien in München; dies ist nicht eines von ihnen im Moment. Eintritt war jedoch gut, 7 Euro.",30,"Glastonbury, Vereinigtes Königreich",Reiseart: als Paar
Erlebnisdatum: April 2017,"Eine Galerie für Leute, die sind wirklich in diese Art von Kunst","Das Gallery ist auf jeden Fall für Liebhaber. Für mich, der sich gerne meinen Horizont erweitern aber nicht allzu viel über Kunst es zu weit geht, und ich konnte mich nicht anmelden mit der Ausstellung.",30,"Stuttgart, Deutschland",Reiseart: mit Freunden
Erlebnisdatum: März 2017,Wahrscheinlich mein Favorit Museum in München,"Ich ging die Cy Twombly Ausstellung zu sehen, was ist extrem gut kuratiert. Die Lepanto Suite werden Sie blasen entfernt. An einem Donnerstag Vormittag. das Museum war komplett leer, und ich hatte mehrere Zimmer für mich. Das Personal ist freundlich, die Architektur ist exquisit, und die kleinen Buchladen bietet eine vielseitige Auswahl an Büchern über Kunst und Künstler. Sehr empfehlenswert!",50,"Wien, Österreich",Reiseart: allein
Erlebnisdatum: Januar 2017,"Wenn Sie wie abstrakten Kunst, Sie werden wie dieses Hotel","Ich gebe ihm dies "" sehr gut, auch wenn die Kunst nicht für mich. Umgebung, die abgesehen, die Ausstellungen sind gut kuratiert, und es ist so ausgelegt Sie nicht das Gefühl, als wenn man beeilte sich durch. Keine Fotos erlaubt im Museum.",40,"San Jose, Kalifornien",Reiseart: allein
Erlebnisdatum: Oktober 2016,Beste Art Museum in München,"Dies ist mit Abstand mein Favorit Art Museum in München. Es hat eine gute Sammlung an modernen Kunstwerken, die alle gehören zu den privaten colleciton Brandhorst der Familie. Alles in allem Museum Erfahrung ist in Deutschland nicht zu vergleichen mit den USA in Bezug auf Benutzer - Freundlichkeit, also seien Sie bereit, genießen Sie es auf eigene Faust.",50,,Reiseart: mit Freunden
Erlebnisdatum: Dezember 2016,Museum of Modern Art,"Dies ist ein sehr groß und geräumig Museum wenn Sie sind Fan von moderner Kunst.Ein paar Andy Warhol Stücke und eine, die ähnelt Diamond Staub das scheint sehr cool. Museum hat wenige Besucher auf der Woche Ich war da.",30,,Reiseart: allein
Erlebnisdatum: Oktober 2016,"Gut Gallery, Personal ein wenig arrogant","Wir kamen während einer Ausstellung so die meisten der normalen Sachen war nicht auf Karte aber es war sehr interessant, gut angelegt und die meisten der Kunst war es lohnt sich. Wenn Sie nicht wie abstract Art jedoch ist es auf jeden Fall nicht das Richtige für Sie! Das Personal war ein wenig auf das "" Leben zu ernst "" Seite der Dinge, aber hilfsbereit genug.",40,"Dublin, Irland",Reiseart: mit der Familie
Erlebnisdatum: September 2016,Wenn Sie gerne modern/zeitgenössischer Kunst. ... dies ist ein toller Ort!,"Dies war ganz oben auf meiner Liste für Museen besuchen wollte ich in München und es nicht enttäuschen! Die wunderschöne Cy Twombly Ausstellung allein lohnt den Besuch. Es war interessant zu sehen Die drei 1543Sigmar Polke ist der Malerei in Person.Am Ende haben wir ein paar Stunden bevor wir auf die Pinakothek der Moderne. Ich war enttäuscht, dass keine Fotografie erlaubt war, dass wir kauften ein Ticket erlaubt uns Zutritt zum Pinakothek der Moderne und Museum Brandhorst, die uns ein paar Euro gespart",50,"Pittsburgh, Pennsylvania",Reiseart: als Paar
Erlebnisdatum: Juli 2016,Wenn Sie angenehm wie Cy Twombly,"Dies ist eine Sammlung gespendet zu Bayern of modern Art und bildet einen Teil der Pinakothek Gruppe von Museen. Das bedeutet, dass eine Kombination aus Tagesticket für die Pinkothek Museen deckt Eingang dieses Museum. Ein Großteil dieser Sammlung konzentriert sich vor allem um Warhol und Twombly. den obersten Stock des 3 Etagen Werke von Twombly gewidmet ist, inklusive zwei Serien Rosen und Lepanto. Ob Sie sich ansehen möchten hängt davon ab, wie man sich über diese Künstler schon üblich.",30,"Dublin, Irland",Reiseart: allein
Erlebnisdatum: Juli 2016,Unglaublich Sammlung!,"Das Museum selbst ist wie ein Stück modern art aber die Sammlung, wenn auch nicht so groß wie einige Museen, ist sehr beeindruckend. Es ist verteilt auf drei Stockwerke und wahrscheinlich nahm mich zwischen 1-1,5 Stunden hindurch zu gehen. Sie sind bekannt für ihre riesige Sammlung von Werken von Andy Warhol und Cy Twombly, viele von ihnen waren angezeigt. Wenn ich nur zwischen Museum Brandhorst entschieden und die Pinakothek der Moderne, ich würde entschieden Brandhorst! Es gibt auch ein tolles Cafe in der Lobby, die von der Straße und zugänglich ist. Sehr lohnenswert und miteinbezogen werden können in einer Combo Pass mit keinem der Pinakothek.",50,"Chelmsford, Vereinigtes Königreich",Reiseart: allein
Erlebnisdatum: Juni 2016,"Wunderbare Architektur & Sammlung, ein echtes Juwel","Erst kürzlich haben wir verbrachten mehrere Stunden im Museum Brandhorst, dass befindet sich in der gleichen Nachbarschaft zu den wichtigsten München Art Museum. Die baulichen behandeln beginnt die außen mit farbenfrohen keramische Säulen und dann von innen mit dem einzigartigen was Eichenparkett und erhellend natürliche Beleuchtung. Wir genossen das Cy Twombly Karte und die Audioguide in Englisch war gut gemacht. Dieses Museum ist auf jeden Fall einen Besuch wert als in München.",50,Los Ranchos,
Erlebnisdatum: Juli 2015,Wunderschön Display of Art,Ein wunderbar Display of Art hängt ein paar sehr schöne Stücke. Ich würde es auf jeden Fall empfehlen dies als Teil ihres Tagesausflug.,40,"Dubai, Vereinigte Arabische Emirate",Reiseart: mit Freunden
Erlebnisdatum: April 2016,ein Schönes Museum für Moderne Kunst,"Ein schönes Museum für moderne Kunst zusammen mit dem Gebäude selbst, das ist eine andere Art -Stück ist einen Besuch wert.",40,Kefar Saba Israel,
Erlebnisdatum: Februar 2016,Eine interessante Sammlung in ein tolles Gebäude,"Die Sammlung enthält Repräsentanten Werke zeitgenössischer Künstler der international (Twombly, Rauschenberg, Basquiat, ... ) und deutscher Herkunft, und sehr gut ausgestellt. Das Gebäude selbst ist wunderschön konzipiert. der Besuch lohnt sich, vor allem wenn man daran interessiert erreichen kann.",40,"Warschau, Polen",Reiseart: geschäftlich
Erlebnisdatum: Juli 2015,Die größte Sammlung von Warhol in der Welt!,"Museum Brandhorst hat die größte Sammlung von Warhol Stücke in der Welt! Wenn Sie also wie moderne (gut mehr wie 60s und 70s) Art, schauen Sie sich die Musuem Sammlung. Das Museum Eingang ist nur 1 Euro ( !) am Sonntag!",40,"Amsterdam, Niederlande",Reiseart: geschäftlich
Erlebnisdatum: Dezember 2015,Pop Art Museum,Es ist wirklich interessant zu sehen Pop Art Entwicklung in Deutschland und zu sehen (OMG) echte Andy Warhol Produktion von Bildern! Ich werde in Tränen ausbrechen ; - (.  Süßes kleines Museum muss man aber mit dem Bus hier nehmen müssen ... oder ein Taxi,40,"Jakarta, Indonesien",Reiseart: geschäftlich
Erlebnisdatum: Juni 2015,Gemischte Gefühle,"Die Architektur ist sehr beeindruckend, auch wenn es eher ein Flughafen als ein Museum erinnert ... macht Sie sehr klein wie in großen Kirchen Gefühl.",30,"Venedig, Italien",
Erlebnisdatum: Oktober 2015,Andy Warhol Ausstellung,Ich habe am letzten Tag des Andy Warhol Ausstellung. Leider war der obersten Etage geschlossen und es gab nicht viel auf Ausstellung neben Andy Warhol.,30,"Ottawa, Kanada",Reiseart: als Paar
Erlebnisdatum: November 2015,"Tolle Gebäude, tolle Sammlung - schade um das Personal!","Dies ist ein wunderschönes Gebäude im Museumsviertel von München. Es hat eine herausragende Sammlung für zeitgenössische Kunst, sehr gut dargestellt und hatte einen guten Text Paneelen und viel Platz - macht diejenigen von uns aus dem Vereinigten Königreich neidisch wie viel Display Platz gibt. die Cy Twombly Zimmer ist atemberaubend. Aber die Angestellten sind positiv feindselig, erlauben Sie keine Fotografie und Track jemanden mit einem Handy so dicht, dass man positiv unbequem. Ich selbst miterlebt, wie ein kleines Kind zu sitzen auf der Treppe sagte aus, und die allgemeine Atmosphäre war eines nicht wirklich Geschmack die Besucher! was für eine Schande.",40,"Woking, Vereinigtes Königreich",Reiseart: mit der Familie
Erlebnisdatum: Oktober 2015,Großartig für Liebhaber moderner Kunst,"Dies ist ein sehr schönes Museum mit einer sehr eigen, herausragendes Design von außen. Es gab eine Andy Warhol Ausstellung als ich dort war, was sehr faszinierend war. Es ist auch toll kombiniert mit dem nahe gelegenen Pinakothek Moderne Museum, die nur um die Ecke (und man kann eine kombinierte Ticket kaufen).",50,Israel,Reiseart: allein
Erlebnisdatum: September 2015,Tolles Museum,"Dies ist ein tolles Museum. Das Äußere ist sehr cool und ist einen Besuch wert. Ich hatte das Glück und sehen die Andy Warhol Ausstellung, die sehr gut war.",40,"Long Beach, Kalifornien",Reiseart: als Paar
Erlebnisdatum: August 2015,Eintritt am Sonntag ist 1 Euro,"Tolle Gebäude und spannende Ausstellungen, die gut in den anderen Bewertungen abgedeckt ist. Als wir dort an einem Sonntag war Eintritt nur ein Euro, prüfen Sie bitte, ob noch gültig ist. Aber es lohnt sich wirklich die volle Gebühr.Obwohl viel kleiner, ist dieses Museum eine sehr viel bessere Erfahrung als Pinakothek der Moderne.",50,Boston,Reiseart: mit der Familie
Erlebnisdatum: September 2015,"Ein platziert, dass mir ein anderes Zimmer","Es hat eine Weile gewesen, wenn ich in einem Platz gewesen mit Kunst, die tatsächlich einen Level of Emotion, die erfrischend erstellt wurde. In diesem konnte ich einige der wunderbarsten Stücke von Andy Warhol gefolgt von einem Künstler unbekannt für mich mit dem Namen von Cy Twombly. Beide Künstler waren in Bereiche Schleichweg zu voll zu schätzen wissen kuratiert ihre Nachricht und Individualität. Das Gebäude selbst war auch eine wundervolle bietet moderne Architektur. Dies ist ein Besuch wert und ich wünschte, ich hätte mehr Zeit für einen Besuch der ganze Pinakothek Precinct. Bitte ziehen Sie ein Besuch hier.",50,"Melbourne, Australien",Reiseart: allein
Erlebnisdatum: August 2015,Pop Art Collection,"Großartiges Gebäude von innen und außen. Es ist modern und dies ist Ihre Welt der Pop Art Eine Menge toller Warhol Stücke, die ich nicht woanders gesehen hatten. Wirklich Spaß.",40,"Sydney, Australia",Reiseart: als Paar
Erlebnisdatum: September 2015,Modernes Meisterwerk.,"Elegante und schöne Galerie mit großen Ausstellungen Bereiche und gutes Cafe. Wir sahen eine Warhol Ausstellung, die ausgezeichnet war. Viele ikonischen Boutique-Weinkellereien Stücke aber auch Arbeiten wir vorher noch nicht gesehen hatte, gut kuratiert.",50,Fordingbridge,Reiseart: als Paar
Erlebnisdatum: Oktober 2014,"Ein Stück Kunst, schöne Kultur halten!","wirklich eine wunderschöne und farbenfrohe Gebäude! fand ich fast vor der besser als von innen ... schöne Innenarchitektur und ein wenig zu viel auf die moderne Kunst Seite für meinen Geschmack! Was ist praktisch, dass die anderen Museum: Alte und neue Neue Pinakothek sind wenige Minuten entfernt ; -)",40,"Den Haag, NL",Reiseart: geschäftlich
Erlebnisdatum: August 2015,Wunderbares modernes Museum im Herzen von München,"Ich war begeistert von diesem Museum, was sehr interessant ist, weil ich wirklich nicht so viel Liebe nicht erwartet hatten. Andy Warhol Sammlung hier sucht seinesgleichen und gab mir ein neues Respekt für die Künstler. Dies ist eines dieser Museen man muss, wenn man in München erreichen kann.",50,"Hayti, Missouri",Reiseart: allein
Erlebnisdatum: Juli 2015,Zeitgenössische Kunst,"Wir sind keine großen Fans von der zeitgenössischen Kunst, aber dieses Mal gibt es eine vorübergehende Warhol Ausstellung war und wir in diesem Museum. Das Gebäude selbst ist etwas, was Sie für eine lange Zeit in Erinnerung. Es ist ausgezeichnet. Dann war Warhol Ausstellung großartig, der Rest der Sammlung ist nicht meine Art.",50,"Budapest, Ungarn",Reiseart: als Paar
Erlebnisdatum: Juli 2015,Interessantes Happen-Größe Museum,"Wir sahen zwei der drei derzeitigen Ausstellungen (Andy Warhol und Dunkel Pop) auf unserer Reise. Wir fanden es schön, groß, gut-kuratierte Ausstellungen, die perfekt für einen kurzen Aufenthalt waren, wenn wir etwas Zeit zu füllen.",40,"Paris, Frankreich",Reiseart: als Paar
Erlebnisdatum: September 2014,Tolle Architektur,"Das Gebäude selbst ist super. Wenn Sie sich interessieren, müssen Architekten Stop by und schauen Sie sich es. Jedes Museum in Deutschland scheint einen Besuch wert.Auf der anderen Straßenseite tolle und berühmten Eis Ort. vergessen hat seinen Namen. Fragen Sie einfach jemanden. Jeder weiß, was ich spreche!",40,,Reiseart: allein
Erlebnisdatum: Mai 2015,Schönes Gebäude,Es ist sehr schön Gallery Building gefüllt mit moderner Kunst. ich eigentlich mehr das Gebäude als die Kunst ausgestellt hat,50,Plzen,Reiseart: mit Freunden
Erlebnisdatum: August 2014,Immer einen Besuch wert,"Dies ist mein persönlicher Favorit in Münchens Kunst Museum Landschaft. Das Gebäude ist architektonisch interessant in selbst, wie es ist in keramische Sticks bedeckt, was sind und passen zum Stil der Gebäude um es Farben. Von innen haben Sie unterschiedlicher Ausstellungen und eine permanente eine mit ein paar bekannten mehr modernen Künstlern. Die Größe des Museum macht es möglich, wirklich schwelgen Sie in Stücke ausgestellt, im Gegensatz zu den größeren Maßstab wenn die neue Pinakothek in der Nachbarschaft!",50,,Reiseart: mit Freunden
Erlebnisdatum: März 2015,Cy Twombly Haven,"3 Ebenen von Galerien, einschließlich eines widmet sich zu Werke von Cy Twombly, Cafe im Erdgeschoss bietet schöne Ausblicke auf Stammkunden und umgeben von einem Park. Es ist ein Besuch lohnt sich für eine kompakte und anspruchsvollen Sammlung von späten Werke des 20. Jahrhunderts.",50,Chicago,Reiseart: als Paar
Erlebnisdatum: März 2015,Fantastischer Platz abstrakte Meister zu genießen,"Es war eine ganz besondere Überraschung zu haben Whole Zimmer von Twombly für uns alleine. Tolle Architektur und wunderbare Räume, in denen die Arbeit zu genießen.",50,"Melbourne, Australien",Reiseart: als Paar
Erlebnisdatum: Januar 2015,"Sind Sie sicher, dass es Kunst ist?","Vielleicht bin ich sehr alten Mann, oder weil ich in diesem Museum nach Alte Pinakothek, aber mein Eindruck war sehr seltsam. Es ist eine interessante modernes Gebäude mit vielen seltsame Objekte. Ich kann mir vorstellen, dass das alles ist der Kunst für jemand, aber auf keinen Fall für mich nehme.",30,"Moskau, Russland",Reiseart: als Paar
Erlebnisdatum: Januar 2015,Sie brauchen liebe modern Art,Man braucht wirklich zu lieben und zu schätzen wissen unkonventionelle Art in Ordnung zu schätzen dieses Museum. Auch lassen sie nicht nehmen Sie keine Bilder von innen.,30,"Dubai, Vereinigte Arabische Emirate",
Erlebnisdatum: August 2014,Außergewöhnlich,"Beide Gebäude und dem Messegelände sind außergewöhnlich, sie reflektiert wo modern art residiert und gehen Sie es an. Ob Sie es mögen oder nicht, es polarisiert und initiiert Diskussion und Reflexion. Und am Sonntag zahlt man auch nur eine symbolische Eintrittspreis von 1 €.  Es ist immer einen Besuch wert.",50,"München, Deutschland",Reiseart: als Paar
Erlebnisdatum: November 2014,Unser Favorit Museum,"Einfach Fantastisch Museum mit außergewöhnlichen Ausstellung von Richard Avedon. Machen Sie nicht den Film auf Avedon nicht entgehen, es ist mehr als faszinierend.",50,"Atlanta, Georgia",Reiseart: als Paar
Erlebnisdatum: Oktober 2014,"""Hervorragende Avedon Ausstellung""","Das beeindruckende und farbenfrohes Museum Brandhorst ist in der Nähe von vielen der Münchner besten Museen, darunter das Neue Pinakothek und Pinakothek der Moderne. Sie können eine seilbahnkassen, dass Sie wird in allen 3 dieser Museen für 12 Euro erwerben. Das Geld wert.Zeitgenössische Kunst Museen können oft sehr unterschiedlich sein wie bei der Brandhorst ist. Das Foto Ausstellung von Richard Avedon's Arbeit war hervorragend. Avedon verfügt über eine tolle Möglichkeit zu erfassen ein Betreffs Seele in seinen Porträts. Es war ein Film im Preis mit drin und zeigen, dass zahlreiche Einblicke in die Fotos ausgestellt werden zur Verfügung gestellt.Eine der Etagen in dem Museum war zu der Arbeit von Cy Twombly gewidmet, ein Künstler, der Arbeit habe ich nie wirklich gepflegt sie verwendet hätten 's, Sie können. Andere Werke im Museum waren attraktiver für mich. Werke von bekannten Künstlern wie Andy Warhol, Kazimer Malewitsch, Alex Katz und Bruce Nauman. Ich dachte, dass all der Arbeit, im gesamten Museum, war schön angezeigt. Eine Sache bei der Sammlung zu betrachten, ist, dass Fotos sind nicht erlaubt.Der Brandhorst hat auch ein schönes Geschenk Shop und ein Cafe. Empfehlenswert.",40,"Marietta, Georgia",Reiseart: allein
Erlebnisdatum: November 2014,"Schöner Platz, nette Ausstellungen","Tolles Museum für Zeitgenössische Kunst, so gut wie es nur geht.The main Ausstellungen sind auf zwei Etagen (Upper und Lower), sehr nett eingerichtet, und der Preis war recht vernünftig.Auch sehr nahe an der Pinakothek der Moderne",50,"Monte Carlo, Monaco",Reiseart: mit Freunden
,Wir nahmen eine fantastische Ausstellung!,"Wir hatten Glück, dass wir nehmen Ausstellungen von sowohl Andy Warhol und Richard Avedon. Die Warhol kannte und doch aufregend, aber ich weiß nicht Avedons Arbeit und es ist unglaublich. Die Ausstellung war wunderschön mit einem faszinierenden Film zu unterstützen die Bilder präsentiert. Fahren Sie hier hin, wenn Sie können!",50,"Cardiff, Vereinigtes Königreich",
,Unglaubliche Sammlung,Wir waren angenehm überrascht über die Qualität der Sammlung und die temporäre Ausstellungen überrascht. Das Gebäude ist atemberaubend und die Ausstellung die Zimmer sehr geräumig. Auf jeden Fall wetten in München für moderne Kunst.,50,,
,Interessante Gebäude & von Andy Warhol,"Menu in etwas moderner Kunst. Es gibt dort auch eine großartige Fotografie war Ausstellung von Richard Avedon im Keller zu sehen, etwas großartiges hat viel Charakter es zeigt. Ich mochte die von Andy Warhol aber einige der Sachen in es war im Grunde merkwürdig. Eine willkürliche Prothesen Bein auf dem Boden, quasi Haufen mit Tageszeitung mit String, eine Medizin Schrank von Damien Hurst ... Sie können sich ein Bild machen. Oben war voller Cy Twombly. Ich bin mir nicht sicher, ob ich voll zu schätzen wissen schlecht Dinge und Farbspritzen überall Farbe gezeichnet, aber Sie wissen, jeder für sich. Eine kurzweilige Stunden sowieso!",30,"Cambridge, Vereinigtes Königreich",
Erlebnisdatum: September 2014,Ausgezeichnet,"Die Richard Avedon Ausstellung war atemberaubend! Die Cy Twombley Gegend war unglaublich. Ich ließ swooning. Es lohnt sich total Ihre Zeit dieses Museum zu besuchen. Am Sonntag, ist der Eintritt nur 1 Euro.",50,"Charlotte, North Carolina",Reiseart: mit Freunden
Erlebnisdatum: August 2014,Eine moderne Kunst bietet mit ausgezeichntete Ausstellungen,"Ein sehr schönes Museum mit fantastischer Platz und Dimensionen. Der Warhol Sammlung ist großartig zu sehen. Ein Höhepunkt meines Besuchs war die Richard Avedon Foto zur Ausstellung, die für ein paar Wochen mehr ist.",40,"Nelspruit, Südafrika",Reiseart: allein
