date,title,text,rating,visitor_origin,visit
Erlebnisdatum: Februar 2020,Unangenehme Akkustik bzw. Lautstärke,"Wir besuchten am 8. Februar ""Rhythm of the Dance"". Leider wurde der Genuss der ausgezeichneten Aufführung der Künstler durch die überwiegend unangebrachte Lautstärke arg getrübt. Wenn beim Gesang im oberen Bereich teils nur Zischlaute übermittelt werden, dann sollte die Tontechnik in der Lage sein, dies zu regulieren. Auch die Mikrophone für den Stepptanzübertragung hätte man besser einstellen oder minimieren sollen. Gelegentlich Höhepunkte herausheben gerne, aber in einem derartigen Ambiente will man keine Dauerbeschallung. Leider ist es zunehmend eine Untugend, dass gewisser positiver Effekt über Lautstärke erzielt werden will. Schade!",20,,
Erlebnisdatum: November 2019,Akustik vermiest mir jedes Konzert,"Ich gehe gern in Konzerte. Ich habe in der münchner Philharmonie schon großartige Künstler gesehen. Mittlerweile überlege ich mir, ob ich zukünftig überhaupt noch Tickets dafür kaufen soll, denn die schlechte Akustik vermiest mir jedes Konzert extrem. Texte sind so verhallt, dass die Verständlichkeit der Worte nicht gegeben ist, und Musikinstrumente verwaschen in einem Brei! Da kann der beste Toningenieur nichts verbessern. Sehr traurig, dass München nichts besseres zu bieten hat.",10,"München, Deutschland",Reiseart: als Paar
Erlebnisdatum: Oktober 2019,Chris de Burgh in concert - sensationell!!!,"Seit langen Jahrzehnten bin ich ein großer Liebhaber von Chris de Burgh und seiner Musik. Nach einigen Überlegungen besuchten wir den Altmeister nun in der Philharmonie am Gasteig. Dieses Kulturzentrum interessierte uns sowieso seit geraumer Zeit.Das Konzert war wieder einmal ein absolutes Highlight so wie wir es kennen und erwartet haben. Der Altmeister und seine Band zeigten noch einmal ihre ganze Klasse! Der neue Drummer, ein in London lebender Österreicher, hat ganz besonders begeistert.Die Örtlichkeit war mit der U- und S-Bahn von unserem Hotel aus sehr leicht zu erreichen. Es gibt kleine Snacks und Getränke jeder Art vor der Aufführung und auch in den Pausen.Die Eingänge und Ausgänge und auch die Plätze sind unseres Erachtens ganz schlecht ausgeschildert. Wir beobachteten sehr viele Gäste und Besucher, die lange suchen mussten. Uns erging es ähnlich.Aber alles in allem eine sehr schöne Location für ein Konzert!",40,"Steinwiesen, Deutschland",
Erlebnisdatum: Mai 2019,"Gladiator in Concert - empfehlenswert, auch auf günstigsten Plätzen!","Als ich Gladiator in Concert buchen wollte, konnte ich mir nur die guenstigsten Plätze leisten. Ich hab hin und her überlegt, weil ich unsicher war, ob man die Leinwand gut sehen würde. Das Risiko hat sich gelohnt! Die Plätze waren immer noch super! Ist ne große Leinwand, die man von überall super sehen kann (Foto von der Sicht von Block M Philarmonie).Ansonsten war das Erlebnis fantastisch! Tolle Musik (mit Chor, Orchester, Solosängerin...). Der Film war auf englisch mit Untertiteln; das war mir sehr recht. Die Musik übertönte manchmal den Dialog, wobei das ganze Erlebnis auch mehr um die Musik ging und man anhand der Untertitel dennoch folgen konnte. Empfehlenswert, auch auf günstigsten Plätzen!",40,,Reiseart: als Paar
Erlebnisdatum: Mai 2019,Die Seele Münchens ,Auf dem ganzen Gelände ist reges treiben angesagt. Der Saal strahlt eine sehr große Wärme aus. Um die Zukunft muss man sich keine Sorgen machen da viel für den Nachwuchs getan wird.,50,"Mehring, Deutschland",Reiseart: mit Freunden
Erlebnisdatum: Januar 2019,Tolles Konzert aber Gadrobe 👎,"Ich mag die Konzerte in der Philharmonie, besonders im Sommer, da muss ich keinen Mantel abgeben. Die Gardrobe kostet 2,20 €. Dafür hat man es dann mit überforderten Personal zu tun. Man wird fast wieder weggeschickt, mit der Bemerkung in die Schlange, sie hätte nicht soviele Gardrobenbons, dass es für alle reichen würde und man möge sich woanders anstellen. Es gibt ja mehrere Möglichkeiten. An den anderen Stellen steh ich dann aber wieder hinten. Ich komm zwar zeitig, aber nicht schon eine Stunde vorher.",30,"München, Deutschland",Reiseart: mit Freunden
Erlebnisdatum: Dezember 2018,Hervorragender Saal und wunderbares Konzert,Da waren wir bei unserem ersten Gasteig-Besuch doch hinsichtlich der seit Jahren zahlreichen Kritiker einigermaßen überrascht: ein ausgezeichneter Konzertsaal und ein wunderbares Beethoven-Programm mit der sensationellen Academy of St Martin in the Fields und der Pianisten-Legende Rudolf Buchbinder. Stehende Ovationen!,50,"Ruhpolding, Deutschland",Reiseart: als Paar
Erlebnisdatum: November 2018,"schöner Abend, Gebäude so lala","Gebäude sehr modern und leider sehr viel Beton. Sitze aber sehr bequem und Akustik für mein Verständnis sehr gut, aber in den oberen Rängen sieht man die Künstler sehr schlecht. Vllt. sollte man mit Leinwänden arbeiten.  Ich konnte Katie Melua nicht sehen nur erahnen und ich kann auf die Ferne eigentlich gut sehen.",30,"München, Deutschland",Reiseart: mit Freunden
Erlebnisdatum: Juni 2018,Angenehmer Abend,"Ich war nun schon mehrfach in der Philharmonie zu Gast und habe immer einen sehr schönen Abend gehabt. Die Akustik ist wirklich gut, der Saal beeindruckend. Zudem stimmen Verpflegung und Ambiente. Klasse.",50,"München, Deutschland",Reiseart: mit Freunden
Erlebnisdatum: Mai 2018,Schöner Besuch ,Der Besuch war schön und angenehm. Auf den Sitzen konnte man gut sitzen und man hatte eine gute Sicht auf die Bühne. Es ht sich gelohnt.,40,"München, Deutschland",Reiseart: mit Freunden
Erlebnisdatum: Februar 2018,Veranstaltungsort mit Infrastruktur- und Servicemängeln und mit einer recht lieblosen Abendeventpräsentation,"Am 19. Februar 2018 besuchten meine Freundin und ich die Philharmonie im Münchner Gasteig, um uns die „One Earth Tour 2018: Evolution“ des japanischen Trommelensembles „KODO“ (Ticketpreises zwischen € 49,70 bis € 86,50) anzuschauen.Leider war der Service und das Erscheinungsbild einer der größten Kulturstätten Münchens im Vergleich zu Veranstaltungsorten in Hamburg (Theater im Hafen), Berlin (Friedrichstadtpalast) oder Wien (Stadthalle) eher enttäuschend. Schon bei der Infrastruktur hapert es: Es gibt zu wenig Parkplätze in der Gasteig-Tiefgarage, so dass wir bereits 1/2 Stunde vor Veranstaltungsbeginn auf das Schild „Besetzt“ schauen mussten, um dann auf die Tiefgarage eines Hotels in der Umgebung auszuweichen.Auch das Gasteig-Orientierungsleitsystem ist außen wie innen kundenunfreundlich und eine Hinweisbeschilderung wie „Haupteingang“, „Zur Philharmonie“ oder „Heute Abend: XY“ fehlt.Außen sucht man verzweifelt unter den vielen Glastüren und den damit möglichen Eingängen erst einmal den richtigen Weg und bemerkt schnell, dass das Restaurant „Gast“ im Erdgeschoss besser ausgeschildert ist als die Philharmonie selbst.Und innen nicht anders: Die Garderoben kann man zwar unschwer erkennen, aber in welchem Stockwerk sich der Eingang zur Philharmonie befindet, wird nicht angezeigt und muss erfragt werde .Auch das unscheinbare Abendkassenhäuschen ist recht gut versteckt.Und einen Hinweis auf das aktuelle Konzert am Abend sucht man vergebens: An diesem Abend unseres Besuchs fanden wir weder außen noch innen irgend einen Hinweis auf das aktuelle Konzert der Gruppe KODO.Aber der Servicemängel noch nicht genug: Der Mann in der Abendkasse war mehr als lässig gekleidet und glich eher einem Monteur oder Hausmeister als einem Mitarbeiter an der Abendkasse.Und die Garderobenfrauen waren durchwegs schlampig gekleidet, unhöflich und uninteressiert. Und dazu noch unverschämt: Zahlt man die happige Garderobengebühr von sage und schreibe EUR 2,20 nicht abgezählt mit Münzgeld, dann dauert es extra lange, bevor man den richtigen Betrag als Restgeld zurückbekommt. Dies alles natürlich nur, um ein Trinkgeld heraus zu schinden.Auch den Platzanweiserinnen mangelt es an Höflichkeit und Freundlichkeit: Begrüßt wird man nicht. Lächeln kann auch niemand. Und als wir nach der Show noch ein wenig sitzen blieben, während sich die Besucher noch in langen Schlangen vor der Garderobe drängelten, wurden wir recht ruppig aus dem Saal geworfen.Und dazu dann auch noch eine sehr lieblos vorbereitete Bühne und eine unprofessionelle Beleuchtung beim Auftritt der faszinierenden Gruppe KODO, ein japanisches Trommelensemble, das die Performance traditioneller historischer japanischer Kunst auf kleinen, großen und gigantischen Trommeln, Pauken und Gongs - zum Teil begleitet von Flötenspiel und Gesang - fast schon wie eine Tempel-Zeremonie zelebriert:- Recht sprachlos waren wir, als wir unsere Plätze in der fünften Reihe bezogen und feststellen mussten, dass die hölzerne Bühne komplett ohne Vorhang, Kulissen oder Dekorationselemente vor uns lag und alle Instrumente der Künstler wie in einem Probenraum direkt vor unseren Augen (zusammen mit ein paar mobilen Elektro-Strahlern auf Ständern) auf der Bühne so aufgebaut waren, als ob hier gleich ein spontanes Stadtteilfest stattfinden würde und nicht ein professionelles Konzert mit Eintrittspreisen von fast EUR 100,00 pro Ticket.- Unsere Augen durften zwei Stunden lang ganz viel helles Holz (Bühne, Seitenwände, Rückwand) und die mächtige Orgel sehen, aber leider keine Leinwände mit Projektionen, keine zur Show passenden Kulissen oder Vorhänge.- Auch die Ausleuchtung über die Traversen und über die mobilen Strahlern auf den dreibeinigen Ständern schuf keine große Event-Atmosphäre, da die unprofessionell eingestellten Scheinwerfer große störende Schatten der Künstler und der Instrumente an die Holzvertäfelungen rechts und links von der Bühne warfen und die beiden Platzanweiserinnen auf ihren Stühlen am Eingang rechts und links vor der Bühne ins falsche Licht und damit auch ungewollt in den Mittelpunkt der Show rückten.Übrigens: Die Raum-Akustik schaffte es nicht, die lauteren Sessions der Künstler ohne Widerhall von der Rückwand und ohne Echo-Effekte im Raum an die Ohren der Zuhörer weiterzugeben. Nur leise Musik wird nahezu perfekt von der Akustik transportiert.Fazit: Sehr schlechtes Preis-Leistungs-Verhältnis, mangelhafter Service und sehr wenig Atmosphäre!",20,"München, Deutschland",Reiseart: als Paar
Erlebnisdatum: März 2018,Hoffentlich wird nicht nur verschlimmbessert,"Seit seiner Eröffnung in 1985 war ich über 10 mal jährlich im Gasteig, dazu viele Besuche in der Bibliohek und in der VHS.Und jesmal habe ich mich über diesen Kulturbunker aufgeregt.Dass er total verschachtelt ist, dass die Installationen veraltet sind, die dunklen Gänge in der VHS, dieser jedem gesunden Menschenverstand zuwiderlaufende Treppenverlauf der sich auch noch Foyer nennt, die zwei winzigen Aufzüge, für Behinderte stets eine Qual,die unzureichende Parksituationl, der windige Weg von der S-Bahn, die zugige Schalterhalle, all das könnte man hinnehmen, wenn wenigstens die Akustik stimmen würde. Nach mehrfachen Platzwechsel kann ich nur sagen, dass die Musiker Recht haben, wenn sie sagen die Akustik ist verwunschen.Ein Trost dass die Konzertprogramme zur Zeit sehr gut sind, die Stühle hervorragend und die Bahn einen bequemen Anschluss bieten könnte ( leider hat sie derzeit jeden Tag mindestens ein Betriebsstörung ; in den ersten 63 Tagen dieses Jahres 130 offizielle Betriebsstörungen).Mal sehen was der Umbau verbesert.",20,"Gräfelfing, Deutschland",Reiseart: als Paar
Erlebnisdatum: April 2017,Alter Bunker !!,"Man sieht der Philharmonie das Alter an. Toiletten und der dortige Geruch unmöglich für den Anspruch eines Attributes ""Philharmonie"". Katastrophale Parkplatzsituation im Hause, 8 € für die Veranstaltung. Es wurden manuell mehr Autos hineingelassen als vorhanden. Völlig ungeordnete Suche auch nach freie Parkplätzen in den verschachtelten Sektoren. Dadurch haarsträubende Abgassituationen. Ein Wegfahren war durch wild parkende Autos stark behindert. An der Ausfahrt wurde die 8-€-Park-Quittung manuell wieder eingezogen. Fazit: Verdacht Parkgebühren als Schwarzgeld ? Unmögliche Situation !! GottseiDank war das Gianna-Nannini-Konzert grandios.",10,"Rheinfelden, Deutschland",
Erlebnisdatum: Februar 2017,Konzertabend,"Toller Saal mit tollem Programm, Akustik zufriedenstellend,  zu einem geglückten Konzertabend gehören aber auch andere Gegebenheiten. Man muss viel Treppensteigen, da die beiden kleinen Lifte   im Dauerbetrieb sind, der gesamte Gebäudekomplex ist sehr labyrinthisch und unübersichtlich, man findet sich als Neuling kaum zurecht, die Toiletten sind nur im Erdgeschoss und nicht in den höheren Etagen ( oder ich war nicht fähig, diese aufzufinden), also sind Hörer aus dem Obergeschoss zu einer langen Reise verurteilt, das Problem mit den ständig zu knapp bemessenen Damentoiletten kennt man ja aus anderen grösseren Häusern, in denen die gesamte Pause fürs Pipimachen draufgeht und man auf Kohlen in der Warteschlange steht - ein Problem, das scheinbar auch für unser High - Tech - Zeitalter zu komplex ist, um es lösen zu können. Auf den höheren Etagen sind die Sitzreihen so eng, dass die gesamte Reihe aufstehen muss, wenn jemand hinauswill, ähnlich unseren früheren Pantoffelkinos, wo man lernte, was Verkneifen bedeutet.Bei unserem gestrigen Besuch fiel vor Konzertbeginn und großem Andrang  die gesamte Wasserversorgung der Damentoiletten aus, die in minutenschnelle mit Papier verstopft waren. Der Herr an der Kasse erklärte sich für nicht zuständig, die Platzanweiserinnen nahmen die Meldung freundlich entgegen, konnten aber auch nichts tun, da sie Eintrittskarten kontrollieren mussten und kein Handy hatten.Vermutlich stand dann lange Zeit keine Damentoilette zur Verfügung. Das sucht schon seinesgleichen!!Es wäre ratsam, noch einen kleinen Kiosk mit einzubauen, an denen Pampers verkauft werden.",30,,Reiseart: als Paar
Erlebnisdatum: April 2016,Konzert ,War das erste mal für ein Konzert in der Philharmonie und war sehr begeistert. Ein schöner Bau und eine tolle Akustik. Die Sitze waren auch wirklich bequem.,50,"München, Deutschland",Reiseart: allein
Erlebnisdatum: April 2016,Brutal schlechte Akustik,"Ich wünsche den Münchnern nicht, dass der FC noch mehr Titel sammelt, aber seit dem Besuch in diesem Konzertsaal wünsche ich den Münchnern und ihren Gästen dringend einen neuen Konzertsaal!Es ein um einem Foyer die Atmosphäre eines Schulsilos der siebziger und Achtzigerjahre – potthässlich. Wenn ich an meine Schulzeit erinnert werden möchte, besuche ich meine alte Schule. Der Saal sieht mit dem hellen Holz recht freundlich aus, doch ist die Asymmetrie hier, anders als in der Philharmonie Berlin, im höchsten Maße störend. Es ist nicht nachvollziehbar, warum das Orchester nur für eine Hälfte der Zuschauer in der korrekten Ausrichtung sitzt. Noch schlimmer wird es bei einem Solokonzert von Sängern. Hierfür ist der Saal hochgradig ungeeignet. Nur ungefähr 20% der Zuschauer, die vorne links sitzen, können Sänger angemessen hören.Was ich noch in keinem je erlebt habe: brechende Störtöne durch in höchstem Maße ungeschickt reflektierenden Schall. Ich kann wohl sagen, dass dies der Saal mit der schlechtesten Akustik ist, ich je erlebt habe.",10,"Berlin, Deutschland",Reiseart: als Paar
Erlebnisdatum: März 2014,"Kein Prachtbau, aber gutes Programm und bequeme Sitze","Der Zufall wollte es, dass ich am gleichen Wochenende die Münchener Philharmonie und tags zuvor im Teatro Gaetano Donizetti in Bergamo je eine Vorstellung besuchte – die bequeme Bahnverbindung über den Brenner macht es möglich.Ein Quervergleich drängt sich somit auf.In Bergamo im Teatro Gaetano Donizetti bezahlte ich für den besten Platz 30.80 €, Garderobe gratis, Programmheft gratis. Nicht zu vergessen das Teatro, ein prächtiger Theaterbau, alleine schon eine Reise nach Bergamo wert.In München in der Philharmonie bezahlte ich für den besten Platz 69.90 €, Garderobe zusätzlich 2.20 €, kein Programmheft – nicht einmal gegen Bezahlung (wäre Besucherfreundlich und lässt sich zusätzlich vermarkten). Die Philharmonie zwar kein Prachtbau, bietet aber doch ein paar architektonische Hingucker, und die Zuschauerräume sind durchaus als schön, angenehm, vor allem auch bequem und zweckmässig einzustufen.Der moderne Gebäudekomplex von 1984/85 beherbergt nebst dem grossen Konzertsaal (Philharmonie, mit über 2300 Plätzen einer der grössten in Deutschland) noch kleinere Säle, eine Volkshochschule, eine Stadtbibliothek, Restaurant, Bistro, Kulturbar und natürlich die Cafeteria für die Veranstaltungen – diese überraschenderweise mit noch anständigen Preisen.Entsprechend ist der grosse Komplex aber auch etwas unübersichtlich, die Akustik der Säle wird auch bemängelt – nochmals ein Vergleich zum Teatro Donizetti, dessen Akustik, wie bei den meisten Hufeisentheater Italiens, als famos eingestuft wird.Ein wichtiges Aushängeschild für die Philharmonie ist schon einmal das Hausorchester, die Münchner Philharmoniker. Spätestens mit dem Chefdirigenten Rudolf Kempe zu Weltruf aufgestiegen gehört es auch heute mit zu den wichtigsten und erfolgreichsten Orchestern Deutschlands.Zusätzlich zu deren Konzerte wird mit vielen nationalen und internationalen Gastspielen ein vielfältiges und interessantes Programm aller Kultursparten geboten; im Weiteren bereichert mit regelmässigen jährlichen Spezialveranstaltungen, unter anderem das Filmfest München und die Münchner Bücherschau.Mit dem ÖV gut erreichbar.Bei der Strassenbahnhaltestelle Am Gasteig könnte man über einen Wegweiser nachdenken; nicht alle Besucher sind gute Kartenleser oder haben einen guten Orientierungssinn.Eigenes Parkhaus vorhanden, bei grosser Besucherzahl aber nicht ausreichend; der ÖV sollte wenn möglich unbedingt vorgezogen werden.Der Gebäudekomplex ist weitgehend barrierefrei ausgerichtet.Besucht hatte ich Momix Dance Company mit dem älteren Programm „Botanica“.Momix aus den USA gibt es inzwischen seit über 30 Jahren. Ihr aussergewöhnliches und speziell kreatives Schaffen konnte und kann auch weiter in den regelmässigen nationalen und internationalen Touren in alle Kontinente, und in diversen Film- und Fernsehproduktionen gesehen werden.Erfolg und Begeisterung beim Publikum sind seit Jahren so gross, dass dauernd gleichzeitig mehrere Ensembles unterwegs sind mit unterschiedlichen Programmen. So hatte ich zufälligerweise in Bergamo ebenfalls Momix gesehen mit ihrem neueren Programm „Alchemia“.Bei Momix sind selbst die obligaten Zugaben nach dem tosenden Applaus – wie hier in München – nicht irgend etwas, sondern in bester Spiellaune präsentierte Highlights, besser als bei vielen anderen das Hauptprogramm.",50,"Thun, Schweiz",Reiseart: allein
Erlebnisdatum: April 2014,Tolle Lokation für wunderbare Musik,"Es fällt mir schwer, einen solchen Saal zu bewerten - steht und fällt dieser doch immer mit der jeweiligen Aufführung. Auch kann ich mit meinem Gehör nicht unterscheiden, ob die Akustik gut oder weniger gut ist.Was mir sehr gut gefallen hat, waren die Ordner. Sehr freundlich, fast alle lächelnd, wir haben sogar noch nette Späße miteinander gemacht.Die Stühle sind ganz normal, weder unbequem noch sonderlich bequem, alles ok.Unsere Aufführung von ""Carmina Burana & Boléro"" war der Knaller. Supertoll, bewegend, einfach schön.Also: Auch nicht-Klassik-Fans sollten sich einen solchen Abend mal gönnen - es ist überraschend, wie gut das gefallen kann. :-)",40,"Schweitenkirchen, Deutschland",Reiseart: mit der Familie
Erlebnisdatum: Juli 2014,Immenses Spektrum an Kunstereignissen ...mit kleinen Fehlern ...,"Seit vielen Jahren (~ 18) sind wir - sporadisch - Zuschauer & Mithörer in der Philarmonie. Viel gescholten ist der Klotz, schön ist anders ... auch an der Akustik wird immer wieder gemäkelt und wir haben Vergleiche in anderen Metropolen. wo die Verhältnisse deutlich besser sind. Also ist weder Architektur noch Akustik ""top"" ... die Veranstaltungen sind es allemal. Ich erinnere mich an unser jüngsten Konzert mit Martin Grubinger, früher an Oscar Petterson, Michel Petrucciani, Dave Brubeck ... im ""Jazzteil"".Ausgesprochen gut ist die Sicht von allen Plätzen (wir haben wohl alle Bereiche mal rauf und runter ausprobiert ...Solange es keinen besseren professionellen Konzertsall in München geben wird ... (kicher ... das dauert ...) ist man mit der Philarmonie ""gut aufgehoben"" und wir werden weiter eifrige Besucher sein.",40,"Grafing, Deutschland",Reiseart: als Paar
Erlebnisdatum: September 2012,Einst umstritten,"Der ""Klotz"" beherrbergt neben einer Stadtbücherei verschiedene Konzertsäale. Interessante Konzerte und Aufführungen haben dazu beigetragen, daß die Stadt diesen ""Klotz"" doch mag.",30,Eggenfelden,Reiseart: mit Freunden
Erlebnisdatum: Februar 2013,Toller Konzertsaal,"Wir waren das erste Mal in der Philharmonie in München und haben über die Grösse des Hauses und der ganzen Anlage gestaunt. Es ist weitläufig, hat aber alles, was es braucht. Unsere Plätze (im F-Block) waren super, wir haben die gute Akustik, die gute Sicht zur Bühne auf unseren bequemen Stühlen und das ganze Konzert sehr genossen.",40,"Zürich, Schweiz",Reiseart: als Paar
Erlebnisdatum: September 2012,Der größte Konzertsaal Münchens,Die Philharmonie im Münchner Gasteig ist der größte Konzertsaal der Landeshauptstadt. Sie ist wie ein Amphitheaters angelegt mit guter Akustik und Sichtverhältnissen. Programm in jeder Münchner Tageszeitung.,50,"Weimar, Deutschland",
,"Ich war schon lange nicht mehr dort,","aber bei meinen Besuchen war ich mit der Philharmonie immer zufrieden. Von da her verstehe ich die massive Kritig an dem Saal nicht ganz. Ich denke, man muss schon Pech haben, einen der Plätze zu erwischen, der eine mäßige Akustik hat.",40,"München, Deutschland",
Erlebnisdatum: Oktober 2012,Genuss,Ich liebe es in die Philharmonie zu gehen. Wunderschön und eine grandiose Akustik. Es ist immer wieder schön Konzerte dort zu hören.,40,"München, Deutschland",Reiseart: als Paar
Erlebnisdatum: Januar 2012,Beeindruckend,"Über die Münchner Philharmonie wird viel gestritten, diskutiert und berichtet. Die Akustik soll nicht so toll sein - der Raum zu groß, zu hoch, zu alt - was auch immer. Ich finde es ist ein toller Raum alles aus Holz - die verschiedenen Konzertangebote in der Philharmonie sind sensationell. Peter Kraus bis Münchner Philharmoniker - alles wird dargeboten, was mit Musik zu tun hat. Und trotz der Größe sieht man von jedem Platz schön auf die Bühne - hört auch alles!! Sehr beeindruckend!",40,"München, Deutschland",Reiseart: mit Freunden
Erlebnisdatum: März 2012,Nur eingeschränkter Hörgenuß,"Von der unteren Stadt, also bspw. vom Isarufer aus gesehen, sieht die Philharmonie, die ein Gebäudeteil des Gesamtkomplex' ""Gasteig"" ist imposant aus - besonders dann, wenn die großen Glasfronten beleuchtet sind (was dann der Fall ist, wenn Konzerte stattfinden). Insbes. die Münchner Philharmoniker und das Orchester des Bayer. Rundfunks führen dort ihre großen Orchesterwerke auf. Es ist der größte Konzertsaal Münchens, vor ca. 30 Jahren gebaut. Während man von allen Plätzen eine hervorragende Sicht hat, ist der Hörgenuß von etlichen Plätzen aus eingeschränkt, da die Akustik des Raumes viele Tücken hat.Besonders beeindruckend ist die Orgel mit 6000 Pfeifen und 74 Register.",30,Nähe Müchen,Reiseart: als Paar
Erlebnisdatum: Februar 2012,Konzertsaal und Musiker von Welt,"Wir haben uns hier ""Das Phantom der Oper"" angesehen und insbesondere angehört.Der Konzertsaal alleine ist einen Besuch wert: Die Architektur ist außergewöhnlich, obwohl diese bei der Planung und Eröffnung heftig diskutiert wurde. Die Akustik ist eine der Besten die man in einem Konzertsaal finden kann. Das Stück „Das Phantom der Oper“ wurde in einer sehr sparsamen und überraschenden Technik präsentiert: Vor einem, später erst durchsichtigen Vorhang wurde normal gespielt. Durch den Wechsel der Beleuchtung konnte in die nächste Szene hinter dem Vorhang gewechselt werden.Die Musik war wie immer perfekt. Ein unvergesslicher Abend.",40,"München, Deutschland",Reiseart: als Paar
Erlebnisdatum: Februar 2012,Tolle Akustik für eine außergewöhnliche Veranstaltung,"Wir haben uns in der Münchner Residenz den „Fluch der Karibik“ angesehen. Hierbei wurde der Kinofilm auf einer Großbild-Leinwand gezeigt und die Filmmusik dazu, live von den Münchener Philharmonikern gespielt. Das Konzert war auch deshalb genial, weil nicht nur die Musik, sondern auch der Film mit einem einmaligen Klang rüber kam, was sicherlich an der außergewöhnlichen Akustik in diesem Konzertsaal liegt.",40,"Langenselbold, Deutschland",Reiseart: als Paar
Erlebnisdatum: Februar 2012,Moderner Konzertsaal - Weltklasse Künstler,"Die Philharmonie in München ist das Konzerthaus der Münchener Philharmoniker. Es finden dort aber auch viele andere Veranstaltungen statt. In der Regel handelt es sich um hervorragende Künstler. Die Akustik wird oft kritisiert. M.E. ist sie aber deutlich besser als ihr Ruf. Das Hauptproblem liegt vielmehr in der Akustik für die Künstler selbst. Lediglich  Stimmen - wenn ohne Mikrofon gesungen wird - sind oft nicht ideal zu hören. Generell hört man aber auf allen Plätzen recht gut, Lediglich die ersten Reihen sind weniger zu empfehlen. Weit hinten ist die Sicht zwar gut, aber man sitzt doch relativ weit von der Bühne weg. Die Sitze sind bequem. Man sollte sich rechtzeitig um Karten bemühen, da die Veranstaltungen häufig rasch ausgebucht sind. Im Vorraum gibt es kleine Snacks und Getränke. Gleich nebenan im ""Gast"" kann man gut und preiswert in modernem Ambiente - mit Selbstbedienung - essen. Auch hier ist es aber oft recht voll. Vom angeschlossenen Parkhaus kommt man trockenen Fusses in die Philharmonie. Die Preise dort sind dem hohen Niveau in München angepasst (abends Theaterpauschale 8,00 Euro). Die S-Bahnstation ist direkt vor der Philharmonie (Stammstrecke, d.h. jede Linie fährt dort). Vom Stadtzentrum sind es zu Fuss etwas 20 - 30 Minuten. Nebenan ist auch gleich das City-Hilton. Neben dem Hauptkonzertsaal sind auch noch 2 kleinere Säle da, die jedoch relativ schmucklos sind.",40,Poing,
Erlebnisdatum: November 2011,Ungeliebter Kulturpalast,"Schön für München, dass sich 2 weitgereiste Besucher zu so positiven Bewertungen inspirieren ließen. Der Gasteig, wie die Philharmonie in München genannt wird, ist ziemlich umstritten. Seit 20 Jahren steht der Klotz aus Klinker da und passt von der Architektur genau so wenig hier hin wie das hässliche Hotel und das Motorama gegenüber. Städtebauliche Sünden sind hier geballt nebeneinander. Die Stadtplaner haben wohl die Augen fest zugedrückt. Natürlich hat sich der Gasteig im Münchner Kulturbetrieb etabliert, die Philharmonie hat ja wenig gleichwertige Konkurrenz. Die Probleme mit der Akustik hat man nachgebessert, die Innenaustattung ncht. Tatsächlich empfinden wir den Rahmen bei vielen Aufführungen als unpassend. Klassische Konzerte gehen noch am ehesten. Unvergessen bleibt ein Konzert im damals noch ganz neuen Gasteig mit Sir Georg Solti am Pult, wo wir Plätze auf der Bühne hinter dem Orchester bekamen. Wann kann man schon mal einen Dirigenten von Weltruf von vorne live erleben? Das war allerdings einmalig, nie wieder haben wir Bestuhlung für Publikum auf der Bühne gesehen. Unvergessen auch die Konzerte mit Sergiu Celibidache. Auch noch akzeptabel ist der Saal bei Orgelkonzerten (Klais-Orgel). Wenig passend sind Raum und Bühne bei vielen Weihnachtsveranstaltungen, Jazz-Konzerten (mit früheren Größen wie Gulda, Zawinul, Marsalis, Dennerlein), Tangoaufführungen etc. Für ""kleinere"" Konzerte sind die Black Box, der Kleine Konzertsaal und der Carl-Orff-Saal eher passabel. Die Volkshochschule samt Bibliothek und Vortragssal sind ebenfalls in dem Gebäudekomplex. Viele kleine Räume (Klassenzimmer) stehen für Kurse oder Treffen (deutsch italienische, deutsch/spanische Treffpunkte etc). Die Orientierung in dem verschachtelten Kulturtempel ist nicht ganz einfach und gewöhnungsbedürftig.Der Gasteig wird auch für sonstige Veranstaltungen genutzt, z. B. wissenschaftliche Kongresse. Wir hatten vor ein paar Jahren den europäischen Kongress der Endodontologen hier. Die Vortragssäle waren gut ausgestattet, kein Klagen. Die begleitende Ausstellung erstreckte sich über die Foyers, was weniger glücklich gelöst war. Für Workshops musste ins Hotel gegenüber ausgewichen werden.Seit wenigen Jahren gibt es als Restaurant das ""gast"" mit neuem Konzept. Das geht auf, es ist meist gut besucht und kommt besonders bei jungen Leuten gut an. U-Bahn Anbindung gibt es nicht, aber ein S-Bahnhof ist da. Was die wenigsten auswärtigen Besucher wissen: Hinter dem Gasteig beginnt ein nettes Viertel mit schönen Straßenzügen und abwechslungsreicher Gastronomie: ein richtig gutes Ausgehviertel. Ganz putzig ist die Preysingstraße im Abschnitt zwischen Wolfgang- und Leonhardstraße. Kein Mensch glaubt, dass man hier mitten in einer Millionenstadt ist.",30,"München, Deutschland",Reiseart: als Paar
