date,title,text,rating,visitor_origin,visit
Erlebnisdatum: Juni 2020,Unmögliches Personal,"Dass man den vollen Eintrittspreis verlangt, obwohl nur ein Bruchteil der Ausstellungen geöffnet ist - sei`s drum. Dass man einen Großteil der Besucher nicht auf die Abstands- und Maskenpflicht aufmerksam macht - würde halt Arbeit machen.Dafür wird einem dann der Zutritt zur Fotoausstellung verweigert, weil man seine Regenjacke (war am 7. Juni notwendig) überm Arm trägt: ""Ich habe hier das Sagen"".",10,"Worms, Deutschland",
Erlebnisdatum: März 2020,Großes Stadtmuseum mit überregionaler Bedeutung,"Das sehr große Stadtmuseum zeigt sehr interessante Exponate, die auch durchwegs anregend präsentiert sind. Es zeigt viel zur Geschichte der Nazis, die in München gegründet wurden. Besonders lohnenswert ist die Stadtgeschichte, die sehr anschaulich präsentiert wird. Lohnenswert sind auch der Museumsladen und das Café.",40,"Regensburg, Deutschland",
Erlebnisdatum: Oktober 2019,Unfreundliches Personal:,"DAS fällt einem gleich zuerst - ungebeten - auf. Ansonsten wird aber viel geboten, was die Geschichte Münchens deutlich werden lässt.",50,"Berlin, Deutschland",
Erlebnisdatum: März 2019,Sonderausstellung Strathmann ist sehenswert,"Die Ausstellung zum skurrilen Jugenstilmaler Carl Strathmann ist wirklich sehenswert. Die einzelnen Bilder enthalten immer wieder überraschende Details, welche zum schmunzeln oder denken anregen.",50,Burgdorf,Reiseart: als Paar
Erlebnisdatum: Januar 2019,"Warm, trocken, aber langweilig","Aufgrund eines Schneegestöbers waren wir froh, einige Zeit im Stadtmuseum verbringen zu können. In der Sonderausstellung TYPISCH MÜNCHEN waren wir enttäuscht, da zu viel Geschichte, dünne Statements von Immigranten, tlw. haarsträubendes von Spaßvögeln und zu wenig von dem rüberkam, was der Titel versprach. Spannend ist die Etage zu Musikinstrumenten (4. Etage), noch spannender die Etage zu Puppenspielen und Jahrmarkt (3. Etage). Wegen diesen beiden Etagen gibt es zumindest vier Punkte! In Etage 2 waren nur Sonderausstellungen, für die extra bezahlt werden musste.",40,"Lahr, Deutschland",Reiseart: als Paar
Erlebnisdatum: Oktober 2018,Totalausfall,"Habe die Ausstellung ""Typisch München"" gesehen, leider eine völlige Enttäuschung. Zeit- und Geldverschwendung. Es ist nichts, aber auch rein gar nichts dabei, was das München-Typische widerspiegeln würde - Im Gegenteil: vielmehr wird ein München-Bild transportiert, das an religiöser Kleingeisterei und Engstirnigkeit kaum zu überbieten ist. Wäre das für München typisch, hätte es keine solche Sogwirkung, und auch ich habe Mücnhen völlig anders, nämlich als weltoffen und großzügig kennen gelernt. Da fragt man sich nach demZeil des Kurators?!?",10,"Bayern, Deutschland",Reiseart: als Paar
Erlebnisdatum: Oktober 2018,Eher enttäuschend ,Die  permanente München Ausstellung wird im Reiseführer gelobt. Wir wurden eher enttäuscht. Die Präsentation der Objekte wirkte auf uns überladen. Der Audioguide war oft zu weitschweifig. Schade!,30,Greifensee,Reiseart: als Paar
Erlebnisdatum: August 2018,Immer wieder schön,"Weil das Münchner Stadtmuseum so viel zu bieten hat, schaue ich immer mal wieder gerne rein - wenn dann auch nur für etwas kürzere Zeit z.B. für eine Stunde. Dann kann man sich gezielt einen Bereich aussuchen und denn dann ausführlich betrachten.",40,"Frankfurt am Main, Deutschland",Reiseart: geschäftlich
Erlebnisdatum: Juli 2018,"Typisch München! Für alle, die München lieben!","Typisch München – was ist das, seit wann und warum? Die Dauer-Ausstellung beantwortet auf 3 Etagen diese Fragen mit Exponaten, Bildern, Abbildungen und Multimedial – eine Freude: das Erlebnis des alten München, Vergangenheit, Gegenwart und Zukunft – das Haus am Jakobsplatz scheut auch nicht zurück vor der Wahrheit des 3. Reiches. Nicht alles kann  gezeigt werden – weil einfach der Platz dazu fehlt. Abhilfe soll geschaffen werden!",40,"Umkirch, Deutschland",Reiseart: allein
Erlebnisdatum: März 2018,Umfassend und sehr weitläufig,Das Münchner Stadtmuseum ist ideal für einen regnerischen Tag geeignet. Genau an so einem Tag besuchten wir es. Sehr umfassende Ausstellungsstücke und sehr viel und weitläufig. Es gibt viel über die Münchner Geschichte zu entdecken und insgesamt auch etwas nicht so spannende Exponate. In sich war es schön und ist empfehlenswert!,40,"Chemnitz, Deutschland",Reiseart: als Paar
Erlebnisdatum: April 2017,Empfehlenswert,"Ich habe das Museum mit meiner 7-jährigen Tochter besucht. Sie liebte es. Dadurch, dass man immer wieder zwischendurch die Musikinstrumente selber ausprobieren kann, wird es nie langweilig und bleibt interessant. Die Puppenausstellung ist der Wahnsinn! Die Puppen sind aber manchmal ganz schön gruselig :-). Also wir waren in dem Museum, da es draussen sehr kalt war, ja es hat sogar angefangen zu schneien. Deshalb war dies unser Schlechtwetterprogramm. Der Besuch hat sich wirklich gelohnt und meine Tochter spricht heute noch davon, dass sie gerne das Museum bald wieder besuchen möchte.",40,"Au, Österreich",Reiseart: mit der Familie
Erlebnisdatum: September 2017,sehr umfangreich und mit überraschenden Themen,"Das Stadtmuseum füllt schnell einen halben Tag - neben dem Gang durch die Geschichte der Stadt München finden sich verschiedene Sonderausstellungen sowie unter anderem ein Museum zu Puppentheater und Schaustellerei.An vielen Stellen der Ausstellung werden Sie nahezu allein sein - und das mitten in der vollen Stadt München.Wer weniger Zeit hat, setze sich einfach Schwerpunkte oder komme mehrfach",40,"Lübeck-Travemünde, Deutschland",Reiseart: mit Freunden
Erlebnisdatum: Juni 2017,Eher für schlechtes Wetter geeignet,"Das Museum zeigt einige interessante Dinge zur Stadt München. Jedoch fand ich die Ausstellung als Ganzes nicht besonders spannend, höchstens eine Gelegenheit, wenn man nichts Besseres zu tun hat.",30,"Frauenfeld, Schweiz",Reiseart: als Paar
Erlebnisdatum: April 2017,Oase für etwas kleines Zwischendurch,"Verkehrsfrei gelegen, (unmittelbar beim Jüdischen Museum), dadurch ruhig und sehr entspannend. Gutes Snacks und Apéros.",40,,
Erlebnisdatum: Juni 2017,Immer wieder tolle Ausstellungen,Besonders bei schlechten Wetter kann man das Museum für Familien empfehlen. Es spiegelt die Geschichte Münchens wieder. Zudem gibt es auch eine Ausstellung für Musikinstrumente. Es ist viel medial gestaltet. Es wird einem auch nicht langweilig. Daher war ich schon zum zweiten Mal dort und kann es jedem weiter empfehlen.,50,"Allershausen, Deutschland",Reiseart: mit der Familie
Erlebnisdatum: Mai 2017,Sehr interessantes Museum - man sollte aber wirklich Zeit mitbringen,"Das Stadtmuseum hat eine ausgezeichnete Sammlung in Bezug auf die Stadt München, dazu aber auch noch ein paar feste Ausstellungen z.B. zum Thema Theater. Wechselausstellungen gibt es zudem typischerweise zu Fotografien. Das alles anzusehen erfordert jedoch Zeit - oder alternativ mehrere Besuche. Die Exponate sind gut aufgemacht, so dass es Spaß macht, sich das alles anzusehen.",50,"Frankfurt am Main, Deutschland",Reiseart: mit der Familie
Erlebnisdatum: Mai 2017,Modern gestaltetes Museum,"Die Ausstellungen Marionetten Theater, Musikinstrumente sind mit sichtbar viel Liebe und Kenntnis dargeboten. Das Museum ist sehr modern und sehenswert.",50,"Ingolstadt, Deutschland",Reiseart: mit Freunden
Erlebnisdatum: Februar 2017,Top Tipp......,"Top Tipp vom eingeborenen Bewohner. Nicht nur für dich, Fremder. Auch für alle anderen. Tolle Einzelausstellungen, die jedoch bei schlechtem Wetter stark frequentiert sind. Auch mit kids cool. Münchner Geschichte und eine bunte, lebendige Mischung an Information.",50,"München, Deutschland",Reiseart: als Paar
Erlebnisdatum: März 2017,Bunte Mischung,"Insgesamt ein beeindruckender Ritt durch die Stadtgeschichte, etwas kaleidoskopartig präsentiert. Deshalb ist die Konzentration auf einige Schwerpunkt zu empfehlen. Sehr beeindruckend einige kleine Räume zur neueren Stadtgeschichte wie zu den  Gewalttaten gegen Migranten und Zuwanderer. In Teilen ist das Stadtmuseum auch eine gute Ergänzung zum jüdischen Museum, das auf der anderen Seite des Sankt Jakob-Platzes liegt.",40,"Athen, Griechenland",Reiseart: allein
Erlebnisdatum: Januar 2017,Filmmuseum... alles zum Film,"Hervorragendes Filmprogramm mit wechselnden Schwerpunkten zu Regisseuren, FilmdarstellerInnen, Filmgenres, Filmtechnik, Filmgeschichte inclusive Stummfilm mit Musikbegleitung. Dazu immer interessante Einführungen durch den Leitenden Direktor des Filmmuseums",50,"Freiburg, Deutschland",
Erlebnisdatum: November 2016,Zentrale Lage und einen Besuch wert,"Die momentane Fotoausstellung über Persönlichkeiten der 60er und 70er hat es in sich. Von den Beatles über die Stones, Sophia Loren, Andy Warhol, Marlon Brando bis Uschi Obermeier...ausdruckstarke Portraits und streetlife.",40,"Erlangen, Deutschland",Reiseart: als Paar
Erlebnisdatum: Februar 2016,Stadtmuseum- ein Geheimtipp für schlechtes Wetter,"Sehr viel Sehenswertes und Wisenswertes in ansprechender Form zu allen Dingen, die München bekannt und beliebt gemacht haben, ua. auch viel Informationen über die Olympiade 1972 sowie das Bier und das Oktoberfest, besonders erwähnenswert für Freunde der Kunst die Erasmus- Grasser- Figuren. Man sollte sich ein Zeitlimit von ca. 2- 3 h nehmen, um alles zu erkunden",40,"München, Deutschland",Reiseart: als Paar
Erlebnisdatum: Februar 2016,Muss man drin gewesen sein!,Ein Spaziergang durch die Geschichte der Stadt München.Wunderbare Exponate sind hier zu bestaunen.Immer wieder sehenswert!!!,40,"München, Deutschland",
Erlebnisdatum: August 2015,Verschiedene Ausstellungen,Die Standard Ausstellungen über München sind einfach toll. Die Sonderausstellungen z.B. Typisch München geben einen tollen Eindruck über verschiedene historische wie aktuelle Stadtaspekte wieder.,40,"München, Deutschland",Reiseart: allein
Erlebnisdatum: Oktober 2015,"Interessante Ausstellungen, tolles Gebäude","Die Ausstellungen sprechen viele Leute an, meiner Meinung nach. Es ist insgesamt eine gute Mischung aus wissenschenschaftlichen Forschungsergebnissen und interessanten, lustigen Fakten. Wenn man keinen Audioguide hat, bekommt man trotzdem sehr viele Informationen auf Tafeln präsentiert. Soweit ich weiß, gibt es extra Audioguides oder Führer für Kinder.",40,"Passau, Deutschland",Reiseart: mit Freunden
Erlebnisdatum: Juli 2015,sehr interessantes Museum,"Weil ich meinen Zug noch erreichen musste, konnte ich an einer Führung leider nicht teilnehmen, aber es war auch so schon sehr interessant. Die einzelnen Bereiche sind gut aufgeteilt. Ich hätte mir gerne noch mehr angeschaut.",50,"Preetz, Deutschland",Reiseart: geschäftlich
Erlebnisdatum: Juli 2015,Sammelsurium aber gut,"Bin alle paar Jahre mal im Stadtmuseum und entdecke dort immer wieder Sachen, die mich interessieren. Gute Ausstellung zum Nationalsozialismus.",40,Riemerling,Reiseart: als Paar
Erlebnisdatum: Juni 2015,Architektur überragt den Inhalt,"Gestern war ich in der Sonderausstellung im Stadtmuseum über Franz Josef Strauss, zum 100sten Geburtstag.Leider muss ich sagen, dass die Ausstellung sehr schlecht gemacht ist, keine Struktur, alles nur reingehängt, ein Wust von Bildchen. Wenn man dagegen das luxussanierte Stadtmuseum anschaut, passt der Inhalt nicht zur äusseren Form. Der Titel der Ausstellung: Die Macht der Bilder, da ist keine Aufarbeitung in der Umsetzung passiert, leider, leider... da wäre mehr möglich gewesen.",30,"Berlin, Deutschland",Reiseart: allein
Erlebnisdatum: März 2015,"Auch ""Altes"" kann neu sein !","Sonntag, schlechtes Wetter ! Da kann man/frau ja mal ins Museum gehen. Gesagt, getan.So war das Stadtmuseum unser Ziel. Ein lohnenswerter Besuch. Die Preise human, das Gezeigte beeindruckend. Übrigens nicht nur für Touristen ! Am Eingang München in ""Holz"". Erinnert etwas an die Hamburger Miniaturwelt, allerdings ohne Figuren. Man bekommt so einen feinen ersten Überblick .Anschließend startet der Rundgang und man wird mit der frühen Geschichte Münchens konfrontiert. Fundstücke  aus Ausgrabungen, Wissenswertes aus den Gründerjahren usw. lassen die erste Ebene wie im Flug vergehen. Kleiner Tipp: Brille nicht vergessen. Einiges ist recht klein geschrieben. Übers Mittelalter im ersten Stock, fantastische Bilder!, ""arbeitet"" man sich Stock für Stock bis in die Neuzeit. Die wird sehr gelungen  mit Filmen untermalt. Das reicht z.B.von einer nächtlichen Taxifahrt durch die Stadt, über die Jahrzehnte, besonderes Augenmerk auf die Sixies und Seventies  bis fast in die aktuelle Zeit. Man kann sehr schön sehen wie die Münchner früher gewohnt haben, was die kulinarischen Besonderheiten der Stadt  sind usw. Es finden sich auch Gelegenheiten zum längeren Verweilen mit Sitzmöglichkeiten. Nach drei Stunden hatten wir uns satt gesehen. Mit Sicherheit wurde einiges übersehen, zu wenig gewürdigt und ein weiterer Besuch ist vonnöten. Es wird einem keine Sekunde langweilig und ob Alt oder Jung, hier findet jeder was. Ein Museum das lebt ! Auch für ""Nicht-Museumsgänger"" geeignet !",40,"München, Deutschland",Reiseart: als Paar
Erlebnisdatum: Januar 2015,Großartige Sonderausstellungen - und eine liebenswerte München-Schau!,"Bis 19.4.15 läuft noch die sehenswerte Sonderausstellung über den Grafen Rumford, der im Geist der Aufklärung gewirkt hat als Sozialreformer (mit einem Beschäftigungskonzept für Arme, die sich nicht mehr als Almosenempfänger fühlen mussten, mit einer Suppenküche, diese Suppe ist heute noch nachkochbar  und wird beim Museum an bestimmten Zeiten angeboten),  mit der Öffnung des Englischen Gartens für alle, als Physiker, Krisenmanager, Heeresreformer, Erfinder und Stadtplaner war er tätig - mehr zu erleben in der Ausstellung!Im Gästebuch nur beste Beurteilungen und begeisterte Besucher-Notizen! Sehenswert auch die Schau über Künstlerinnen um 1900, als ihnen die Akademien noch verschlossen waren. Wie die Münter fanden sie Wege, die eigene Kreativität zu verwirklichen - in Gemälden, Zeichnungen, angewandter Kunst. Vieles erlebt man, was die Vorurteile gegen Künstlerinnen entkräftet. Ebenfalls sehenswert, wie das ganze Stadtmuseum - eine Reise wert!",50,"Umkirch, Deutschland",Reiseart: mit der Familie
,Interessant,"Das stadtmuseum ist ein schön gestaltetes museum mit ausreichend toiletten und schließfächern. Der eintrittspreis von vier euro geht auch. Mir hat allerdings gefehlt, das die münchner bevölkerung so gar nicht zur sprache kam, z. B. deren entwicklung. Denn genau darum geht es ja in einer stadt. Um die menschen, die diese mitgestalten und prägen.",40,"Stuttgart, Deutschland",
Erlebnisdatum: August 2013,soundlab.1,"Eine große Sammlung Musikinstrumenten von Asien in Antiken und ein Pulte, wo man verschiedene Soundtracks und Etiketten an jeweiligen Musikinstrumenten zuordnen kann, gefällt mir sehr. Es gibt ausserdem noch öffentliche Kuratorenführungen.",50,"Bayreuth, Deutschland",Reiseart: allein
,Kulturgut,"Um München von noch näher kennenzulernen, lohnt sich auch ein Besuch im Museum. Gerade, wenn man bedenkt, daß Bayern mal ein Königreich war.",50,"München, Deutschland",
Erlebnisdatum: August 2012,gezielt nach den Sonderausstellungen schauen,"Das Stadtmuseum liegt zwar zentral, ist aber eher weniger überlaufen als die großen Museen in München. Es steht und fällt mit den Sonderausstellungen. Wir haben uns aktuell ""gut getroffen, Dieter Hanitzsch"" und ""mein München, Interventionen"" angeschaut. Wenn man das jeweilige Thema mag, absolut sehenswert. Die Hanitzsch-Ausstellung hätte ich mir umfangreicher vorgestellt, aber die Exponate sind gut ausgewählt und thematisch ansprechend sortiert. Die ""Interventionen"" sind absolut mutig, weil sie aus dem üblichen Museums-Klischee ausbrechen, aber auch einen Besuch wert.",40,"Pullach im Isartal, Deutschland",Reiseart: als Paar
,Aspekte und Geschichte der Stadt München,Kleines gut gemachtes Museum am Jakobsplatz.. Man bekommt einen guten geschichtlichen Überblick über München.,40,"Weimar, Deutschland",
Erlebnisdatum: Juli 2012,"Chaos pur, didaktisch ungenügend","Nachdem ich nun seit über 10 Jahren in München arbeite und seit fast 3 Jahren in München wohne, habe ich endlich den Weg ins Stadtmuseum gefunden - dachte ich. Um so größer war die Enttäuschung, dass das Stadtmuseum eines der schlechtesten städtischen Museen ist, das ich je gesehen habe. Warum?- es gibt keine Erklärung der Stadtgeschichte- die Museumsobjekte sind ohne Zusammenhang aneinandergereiht- die Beschreibungen der Objekte deuten eher darauf hin, dass sich akademisch vorgebildete Museumsmitarbeiter verewigen wollten anstatt dass die Münchner Stadtgeschichte plastisch gemacht wird- der Museumsbesucher wird nicht durch die Räume geleitet, sondern wandert verloren dahin- in einer ""Weltstadt"" mit Herz sollte es eigentlich selbstverständlich sein, dass es nicht nur Kurzführer in Englisch gibt, sondern dass auch die Ausstellungsobjekte in englisch beschrieben werdenDass letztmalig ein Mitarbeiter des Stadtmuseums sich vor Jahren Gedanken gemacht hat, kann man an der Beschreibung zum Oktoberfest sehen: ""Die BALD zwehundert Jahre..."" (das Jubiläum fand vor einigen Jahren statt).Alles in allem ein Museum, das man nicht besucht haben muss, da man dort sowieso nichts Neues erfährt... Leider... Vielleicht sollte man die Mitarbeiter einmal bspw. nach London schicken.",10,"München, Deutschland",Reiseart: allein
Erlebnisdatum: Oktober 2011,eine (fast) unbekannte Schatzkiste,"Dieses Museum kennt fast kein Nicht-Münchner, man solte aber nicht daran vorbeigehen. Einmal liegt es direkt neben der neuen Synagoge mitten im innersten Zentrum (zu Fuß vom Marienplatz), hat auch eine sehr kultige Kneipe, zum anderen sind die wechselnden Ausstellungen zum Teil besser, lebendiger und tiefgehender als in anderen Institutionen. Natürlich ist der Rahmen die Stadt, das ist klar. Wer sich aber etwas intensiver mit ihrer Historie und Eigenarten beschäftigen möchte, kommt an diesem Haus nicht vorbei!",50,bei München,Reiseart: als Paar
Erlebnisdatum: April 2012,Es sind nicht alle Ausstellungen für alle - aber alle Ausstellungen sind Klasse.,"Die Frage, wann ich hier war ist falsch. Mit einer Jahreskarte für € 10.- darf man fast keine der liebevoll gestalteten Ausstellungen versäumen. Lehrreich und spannend",50,"Bad Homburg, Deutschland",
Erlebnisdatum: Oktober 2011,Zeigt viele Aspekte der Stadt,"Eigentlich hatten wir nicht vor, das Stadtmuseum anzuschauen. Da aber am Tag der Museen mit unserem Ticket ohnehin freier Eintritt waren, haben wir es doch getan und es hat sich auch gelohnt. Ein wirklich nettes Museum das auch verschiedene Aspekte der Stadt beleuchtet und natürlich auch einen historischen Überblick liefert. Es ist allerdings relativ klein (verglichen zB mit the story of berlin o.ä. stadtmuseen)",40,KN,
Erlebnisdatum: Juni 2011,Ein Besuch wert!,"Das Stadtmuseum zeigt in einem historischen Bau auf mehreren Etagen alles von der Gründung Münchens vor über 850 bis heute. Sonderausstellungen, eine Cafe im Innenhof sowie der Museumsshop mit nicht alltäglichen München-Souvenirs runden den Besuch ab. Auch im Rahmen der jährlichen ""Langen Nacht der Museen"" lohnt sich ein Abstecher.",50,"Augsburg, Deutschland",
Erlebnisdatum: August 2011,Sehr interessant,Sowohl die Dauer- wie auch Sonderausstellungen des Münchener Stadtmuseums sind ein Besuch wert. In den Dauerausstellungen wird die Stadtgeschichte Münchens dargestellt. Weiterhin findet man hier das Filmmuseum. Die Sammlung Fotografie ist ebenfalls sehr interessant. Jede Abteilung ist sehr liebevoll und engagiert gestaltet. Sehr empfehlenswert sind die Ausstellungskataloge.,50,"München, Deutschland",
Erlebnisdatum: August 2011,Sehr engagiertes Museum,Das Stadtmuseum liegt zentral nähe des Marienplatzes. Sowohl die Dauer- wie auch die Wanderausstellungen sind liebevoll und engagiert zusammengestellt. Ein Besuch lohnt sich immer. Sehr zu empfehlen sind ebenfalls die Ausstellungskataloge. Ähnlich wie die Ausstellungen sind sie sehr informativ. Wir gehen als Münchner immer wieder gerne hierher.,50,München,
Erlebnisdatum: Juni 2011,liebenswertes Sammelsurium,"Zwar ein Sammelsurium - trotzdem sollte man es sich ansehen. Es gibt dort wechselnde Ausstellungen und die ständige ""Typisch München"". Ein Rundgang durch das alte Gemäuer des ehemaligen Zeughauses zeigt die Geschichte Münchens. Beginnend mit einem Modell, das die Stadt aus dem Jahre 1570 zeigt. Sehenswert sind im EG die Moriskentänzer, kurios das ehemalige Schlüsselbein eines Herzogs. Besonders faszinierend das Puppentheatermuseum im 3. Stock. Alte Marionettenpuppen, Papiertheater, Kasperlebühnen und vieles mehr ist zu bewundern. Aber auch die Zeit des Nationalsozialismus wurde nicht ausgespart. München war eine Hochburg, auch wenn es keiner gerne sagt. Passend zum Charakter des Museums - der Museumsladen mit Trödlerständen. Nebenan befindet sich das trendige Stadtcafé, mit Sitzgarten.",40,Klagenfurt,
Erlebnisdatum: September 2010,Ganz tolle Ausstellung mit vielen extra Angeboten.,"Das Museum ist sehr toll um mit den Kindern Münchens Geschichte näher kennenzulernen. Vom Anfang an bis zur heutigen Zeit gibt es Ausstellungen (auch über den Nationasozialismus). Es gibt eine ganz tolle Musikinstrumentenabteilung. In dieser Abteilung gibt es manchmal workshops, wie z.B. Djembe-Trommeln. Wir haben einen mitgemacht und sind einfach begeistert. Nachdem Museumsbesuch sollte man einen leckeren Cappucino im Stadtcafe trinken. Das Cafe ist Kult.",50,München,
Erlebnisdatum: Februar 2011,Viele interessante Hintergründe zu München und Geschichte,"Das Münchner Stadtmuseum befindet sich am St.-Jakobsplatz im Zentrum südlich vom Marienplatz. Die Hauptausstellung trägt den Namen ""Typisch München"" und gibt einen Überblick über die Münchner Geschichte von ihren Anfängen bis in die Moderne. Die Ausstellung ist in 4 größere Zeitabschnitte auf 3 Stockwerken eingeteilt und beleuchtet jeden dieser Abschnitte mithilfe von vielen Ausstellungsstücken, Videos und interessanten Hintergrundinfos. Im Mittelpunkt stehen die Fragen: Was macht München zu München? Wer waren prägende Figuren? Wie wurde München zur Bierstadt, Kunststadt, Bürgerstadt etc.? Besonders gut gelungen ist die Ausstellung des 2. und 3. Abschnitts, also München auf dem Weg zur bayrischen Herrschaftsmetropole und die Geschichte des bürgerlichen Münchens um die Jahrhundertwende vom 19. zum 20 Jahrhundert. Der Bauwahn König Ludwigs I., das Treiben der Studenten- und Künstlerbohème in Schwabing um 1900 und die Entstehung urbayrischer Traditionen wie Oktoberfest, Hofbräuhaus, Weißwurst etc. Alles genauer zu betrachten ist bei einem einzigen Besuch einfach zu viel! Aber das ist ja gerade das Gute an der Ausstellung. Aus der Vielzahl der Informationen und AUsstellungsstücke kann man sich immer wieder einzelne Dinge auswählen, über die man gerne mehr erfahren möchte.Jedem Geschichtsinteressierten unbedingt zu empfehlen!",40,"Konstanz, Deutschland",
Erlebnisdatum: Januar 2011,münchner stadtmuseum liegt wirklich im herzen der stadt,das münchner stadtmuseum liegt wirklich im herzen der stadt und besticht durch immer neue wechselaustellungen (derzeit Herlinde Koelbl - mein Blick - sehr angenehm umgesetzt). angegliedert ist auch ein cafe und in der nähe des jüdischen carres. die preise sind moderat-kombitickets wohl möglich und das personal ist freundlich und hilfsbereit. wie fast jedes museum montags zu ;),40,"München, Deutschland",
,Sehenswert,"Das Müchner Stadtmuseum ist für alle interessant, die ein wenig über die Stadtgeschichte erfahren wollen. Die Dauerausstellung ""Typisch München"" behandelt alles von der Entsehung bis zum heutigen Tage. Gefallen hat mir der Mix aus klassischen Ausstellungstücken und mordernen Inszenierungen. So wird es nie langweilig. Man kann gut und gerne einige Stunden hier verbringen und einiges über die Stadt lernen. Besonders hat mir das 20. Jahrhundert mit den witzigen Filmen über die Zeit nach dem zweiten Weltkrieg gefallen.Ein Tipp: Am Sonntag ist der Eintritt in die Dauerausstellung kostenlos!",40,Hannover,
,München Pur,"Wer einen Blick in die Geschichte der Stadt München werfen will, muss auf jeden Fall einen Abstecher ins Münchner Stadtmuseum machen. Hier erfährt man alles über die Geschichte Münchens (von der Gründung der Stadt bis heute). Auch die Schwarzen Jahre der Stadt (Pest, Nazizeit usw.) kommen nicht zu kurz. Sehr zu empfehlen sind auch die zahlreichen Sonderausstellungen im Museum. Ich war vor kurzem bei der Sonderausstellung 200 Jahre Oktoberfest (endet am 31.10.2010), die sehr interessant und sehenswert war.",50,"München, Deutschland",
,Voller Geschichte,"Das Stadtmuseum hat immer wieder interessante Austellungen. Zum letzten Mal war ich dort, um die Oktoberfestaustellung zu sehen. Wirklich empfehlenswert. Sehr gut präsentiert. Und mit Führer ist es noch besser; unserer wusste extrem gut Bescheid und man konnte viel lernen. Sogar das Dirndl von Paris Hilton war zu sehen. Auf alle Fälle einen Abstecher wert, egal ob man Tourist oder gebürtiger Münchner ist.",50,"München, Deutschland",
Erlebnisdatum: Januar 2020,Ziemlich durchschnittlich,"Dieses große und ziemlich labyrinthische Museum ist mäßig interessant. Die Dauerausstellung zur Stadtgeschichte ist nicht sehr spektakulär, ohne Leitfaden und etwas verwirrend (zumal eine moderne Wechselausstellung darin eingebettet ist!). Es gibt jedoch ein paar beeindruckende Objekte, insbesondere die erstaunlichen Holzmusiker im Erdgeschoss. Wir besuchten auch die temporäre Ausstellung zu Schuhen. Witzig, aber keinen großen Umweg wert. Insgesamt sicherlich nicht das Museum Nummer eins in München. Nicht zu teuer und ideal in der Altstadt gelegen.",30,"Genf, Schweiz",Reiseart: als Paar
Erlebnisdatum: Dezember 2019,Unsere dritte Reise hierher,"Dies ist ein wirklich hübsches Museum. Wir waren schon zweimal, aber es ist immer anders. Es gibt verschiedene Exponate zu sehen - die, die wir auf dieser Reise gesehen haben, waren Typisch München, mit Artefakten aus München in allen Epochen, die sowohl die bildende Kunst als auch das durchschnittliche Leben, Puppen- und Vergnügungsparks und den Nationalsozialismus in München abdecken. Wir hatten schon früher Typisch München und Nationalsozialismus gesehen, aber die Puppen übersprungen, weil sie sich langweilig anhörten und wir uns geirrt hatten. Sie waren unglaublich - manche makaber, manche grausam, manche bezaubernd - ich denke, wir haben die meiste Zeit dort verbracht. Es ist die zusätzlichen Kosten wert, um zu sehen. Ein guter Weg, um ein paar Stunden zu verbringen. Der Souvenirladen ist auch großartig - er hat einige sehr einzigartige Souvenirs und viele schöne Bücher über München.",50,"Warrington, Pennsylvania",
Erlebnisdatum: Dezember 2019,Gutes Stadtmuseum,"Das Münchner Stadtmuseum befindet sich in der Straße. Jakobsplatz in der Altstadt. Öffnungszeiten sind 10 bis 18 Uhr (Di - So), montags geschlossen. Der Eintritt beträgt € 7 pro Person und beinhaltet einen Audioguide, der zum besseren Verständnis der im gesamten Museum ausgestellten Gegenstände hilfreich ist.Wir besuchten uns während einer kürzlichen Reise nach München und verbrachten zwei Stunden damit, die vier Stockwerke ständiger und temporärer Ausstellungen zu erkunden, die sich auf vier Stockwerke des Museums verteilen.In den ersten beiden Stockwerken befindet sich die Ausstellung 'Typical Munich', die eine Mischung aus Stadtartefakten, Kunstwerken und zufälligen Stücken der lokalen Geschichte zeigt. Am bemerkenswertesten für uns, wo die Mariensule Säule Monument Putten Statuen.Im zweiten Stock befindet sich eine interessante Fotogalerie mit historischen Aufnahmen der Stadt. Am eindrucksvollsten waren wohl die ausführlichen Puppen- und Jahrmarktausstellungen, die den dritten Stock füllten. Hier ist viel zu sehen, was sehr interessant war. Auch die Musikinstrumentenausstellung im vierten Stock war beeindruckend.Insgesamt genossen wir die Zeit im Münchner Stadtmuseum und fanden, dass es sich lohnt, ein paar Stunden in diesem Museum zu verbringen, wenn Sie mehr über die Stadt und ihre Geschichte erfahren möchten.",30,"Hongkong, China",
Erlebnisdatum: Oktober 2019,WIERD !! aber auf eine gute Weise,"Das Zeug hier ist überall. Etwas unorganisiert, aber die Puppen / Arcade-Ausstellung ist WILD! Dunkler Ort. Beachten Sie auch, dass der Teil, der über den Zweiten Weltkrieg spricht, sich im Museum befindet, aber auf der anderen Seite des Innenhofs. Sie wollen irgendwie, dass du nicht zu diesem Teil gehst, vermute ich. Geh doch. Nazi-Zeug ja, aber großartige Fotos von den Schäden am historischen Gebäude, sodass Sie genau wissen, wie viel sie für den Wiederaufbau der wichtigsten Sehenswürdigkeiten benötigt haben.",50,"Appleton, Wisconsin",
Erlebnisdatum: Oktober 2019,Keine Gastfreundschaft,"Das Personal im Museum spricht kein Englisch, Reiseführer verwirrend. Muss zum Ticketschalter zurück, um den Audio-Guide zu erhalten.",10,"Traverse City, Michigan",Reiseart: als Paar
Erlebnisdatum: Oktober 2019,Einwanderer und Einwanderung,"Das Museum bietet nicht nur eine schöne und aufschlussreiche historische Darstellung der Stadt München und insbesondere der Auswirkungen der Nazis auf die Stadt, sondern auch Einblicke in die Erfahrungen der Einwanderer, die in den zuvor vorhandenen Materialien verstreut sind. Etwa 40% der Bevölkerung wurden anderswo geboren, und ihre Integration in die Stadt ist nicht immer einfach. Es wird alles daran gesetzt, Migranten als vielfältig und variabel darzustellen, um zu vermeiden, „eine einzige Geschichte zu erzählen. ”Meine Frau und ich fanden es faszinierend.",50,"Toronto, Kanada",
Erlebnisdatum: August 2019,Lustig und interessant!,"Ich bin nicht gerade ein Puppenthusiast - aber dieser Teil des Museums war wild. Ich hätte nie gedacht, dass sie so interessant sein könnten. Es gab sogar einen Bereich nur für Erwachsene! Geschichte, Musikinstrumente (einige können Sie spielen), Kunst, ein bisschen von allem. Beachten Sie, dass das Layout sehr verwirrend ist - eine Treppe scheint eine Etage zu überspringen, und einige Ausstellungen waren kaum markiert. Tatsächlich muss man das Hauptgebäude verlassen und durch einen kleinen Innenhof gehen, um zur Ausstellung des Zweiten Weltkriegs zu gelangen. Prüfen Sie also die Grundrisse und haben Sie keine Angst, sich umzuschauen und einige unmarkierte Türen auszuprobieren. Ihre Erfahrungen können je nach den temporären Ausstellungen variieren.",40,"Kopenhagen, Dänemark",
Erlebnisdatum: Juli 2019,"Erschreckende Erinnerung an die Geschichte und die Menschen, die nicht daraus lernen","Die nachdenklichste Ausstellung war die NS-Ausstellung. Es geht ausführlich auf die systematische Beseitigung aller politischen Oppositionen und gemäßigten Denker im Aufbau und in der Regierungszeit des Dritten Reiches ein.Parallelen zum heutigen politischen Klima in Amerika und ein Teil der über Twitter verbreiteten Propaganda sind unvermeidlich und beängstigend.Die Exponate, die die jährlichen Nazi-Kunstveranstaltungen zeigen, wären lächerlich, wenn sie nicht so traurig wären.",50,,
Erlebnisdatum: Juli 2019,Interessant,"Es ist ein sehr schönes Museum. Es gibt viele Dinge zu sehen und die bayerische Kultur kennenzulernen. Unter anderem gibt es eine fantastische Marionettensammlung. Es hat auch eine sehr schöne Sammlung von Musikinstrumenten. Die Besucher des Museums sind sehr höflich und hilfsbereit. Ein negativer Kommentar, den ich machen möchte, ist, dass am Anfang des Raums der Musikinstrumente eine Leier der Griechen des Schwarzen Meeres steht, die als türkisch dargestellt wird. Das ist falsch, unwissenschaftlich und inakzeptabel. Das Instrument hat seine Wurzeln in der byzantinischen und der antiken griechischen Musiktradition und ist in keiner Weise mit der türkischen Kultur verbunden. Die Wissenschaftler des Museums müssen die Angelegenheit erkennen, da es sich nicht um ethisch falsche Informationen handelt, die an Personen weitergegeben werden. Bitte entschuldigen Sie meine Beharrlichkeit. Ich habe meine Dissertation zu diesem Thema gemacht und weiß einiges darüber.",40,,Reiseart: als Paar
Erlebnisdatum: April 2019,Ein verstecktes Juwel,"In der Nähe des Marienplatzes gelegen, ist dieses originelle, aber wunderbare Museum das perfekte versteckte Juwel. Sie entkommen den Touristen, lernen aber trotzdem gerne München und Deutschland kennen - seine Geschichte und alte Traditionen.Das mehrstöckige Museum bietet antike Möbel, Kunstgegenstände, Skulpturen, Poster, Erinnerungsstücke und Ausstellungen, die Ihnen einen Einblick in die Vergangenheit und die letzten Jahrhunderte Münchens geben. Es ist eine schöne Erholungspause von den verzierten Palästen.Neben den historischen Exponaten gibt es ein ganzes Stockwerk für Musikinstrumente aus der ganzen Welt. Sie glauben nicht, dass Sie so interessiert sind, bis Sie erkennen, wie unterschiedlich Musik in verschiedenen Teilen der Welt produziert wird. Es gibt so einen großen Unterschied bei den Instrumenten. Dank der Technologie können Sie den Klang hören, der von Dutzenden der Instrumente erzeugt wird. Einige sind wunderschön und andere sind schön seltsam. Es ist toll.Es gibt auch eine Etage für Puppenspiel. Langweilig? Es ist nicht. Noch eine Überraschung. Die Handwerkskunst in den hölzernen, aufgereihten Puppen und den Geschichten, die mit ihnen erzählt werden, ist so interessant. Am Ende der Puppenspielausstellung ist die eigentliche Überraschung zu sehen - ein Bereich, der mit sehr alten Karnevals- und Slideshow-Requisiten gefüllt ist. Sehr bizarr und sehr lustig. Ein Blick in die makabre Seite der deutschen Unterhaltung.Wie Sie bereits in früheren Kritiken gelesen haben, befindet sich in einem separaten Gebäude im Innenhof die ernüchternde Ausstellung über den Aufstieg des Nationalsozialismus und der NSDAP. Originale Artefakte, Poster, Fotografien, Uniformen, Papierkram usw. erzählen die verzweifelt traurige Geschichte der Ereignisse vor dem Zweiten Weltkrieg.Der gesamte Komplex kann nur 1 Stunde oder bis zu 3 Stunden dauern. Es hängt nur von deinen Interessen ab. In jedem Fall ist das Stadtmuseum einen Besuch wert!",50,"Philadelphia, Pennsylvania",Reiseart: als Paar
Erlebnisdatum: März 2018,Eine beeindruckende Sammlung alter Musikinstrumente ... und noch viel mehr!,"Mein Hauptgrund für den Besuch dieses Museums war, dass die umfangreiche Sammlung alter Musikinstrumente ausgestellt wurde. Ich sollte nicht enttäuscht sein! T) hier an dem Tag, an dem ich dort war, gab es so gut wie keine anderen Besucher, und so hatte ich Gelegenheit, die Exponate in meiner eigenen Zeit zu studieren. Ich hatte ein paar Fragen zu einem oder zwei Punkten und erhielt von einem der dortigen Mitarbeiter wertvolle Informationen. Das. Das Museum befindet sich in unmittelbarer Nähe des touristischen Zentrums und ist zu Fuß erreichbar, wenn man bereits in der Stadt ist. Ich habe vergessen, wie viel ich für eine Eintrittsgebühr bezahlt habe, was aber angesichts der Qualität der Exponate sehr vernünftig erschien. Ich habe mir keine anderen Abteilungen angeschaut und kann weder zu Inhalt noch zur Qualität Stellung nehmen.",50,"Wien, Österreich",
Erlebnisdatum: Oktober 2018,Sehr interessanter Besuch,"Wie viele der anderen Kritiken nahelegen, ist die Ausstellung über den Nationalsozialismus ein guter Grund, dieses Museum zu besuchen. Es ist jedoch mehr als das und es lohnt sich, sorgfältig über Ihren Fokus nachzudenken, bevor Sie anfangen zu erforschen.Das NS-Zimmer (getrennt vom Hauptmuseum) ist auf das Niveau abgestimmt, das für ältere Kinder geeignet ist. Wenn Sie nicht in den 2. Weltkrieg in München eintauchen wollen, dann ist dies die Ausstellung für eine gute Idee.",40,"Greater London, Vereinigtes Königreich",Reiseart: mit der Familie
Erlebnisdatum: August 2018,Sehr interessant!,"Wir gingen zu besuchen Sie das Museum als wir hatten ein paar Stunden übrig - hätte mit ein paar mehr!Wir zahlten € je 4 siehe die Dauerausstellungen was wir als sehr angemessen. Das Personal war sehr hilfsbereit und professionell. Man bekommt ein kostenloses Audio Guide (dies ist nötig, da alle Informationen Boards sind in Deutsch) .Die Zimmer im Erdgeschoss war ein interessantes und sprach über die Münchener Altstadt. Wir fanden das andere Etagen über neuer München etwas willkürlich, und weniger interessant, aber es war gut zu sehen die verschiedenen Gemälden und Möbeln.Der Nationalsozialismus Stock war interessant, und es gab viele verschiedene Informationen. Es war mehr konzentriert sich auf die Ausweitung der National Sozialismus, war etwas anders üblich zu konzentrieren und war mit Schwerpunkt auf München Beteiligung an der Zeit.Es ist einen Besuch wert; gönnen Sie sich mehr als zwei Stunden!",50,"Norwich, Vereinigtes Königreich",Reiseart: als Paar
Erlebnisdatum: Juli 2018,Lassen Sie sich nicht abschrecken von dem Erdgeschoss Ausstellung!,"Anfangs war ich überwältigt durch das Museum als das Erdgeschoss exhibition ist trocken und hat ein informationsdefizit. Die Böden oben waren passt mehr interessant. Für niemanden ein vermissen die Marionetten Ausstellung - tun Sie hierher, es führt zu einer Ausstellung in Bezug auf Messegelände und dann ein eher grausam Zimmer (geschlossen für Kinder! ) mit Ausstellungen von Death - Masken, Modelle für medizinische, Begeisterten.Wie auch immer, die interessantesten Teil dieses Museum ist ohne Zweifel die Ausstellung neben dem Innenhof, auf dem Aufstieg des Nationalsozialismus in München. Die Audio Guide war ausgezeichnet, und es gab so viel zu lernen und darüber nachdenken, ich habe 3 Stunden gibt es von den insgesamt 5 Stunden im ganzen Museum.",40,Geneva,Reiseart: allein
Erlebnisdatum: Juli 2018,Tolles historisches Museum,"Das Museum verfügt über sehr gute Ausstellungen über die Geschichte von München und München während des Nationalsozialismus, aber die interessantesten Ausstellung war eine auf die Kunstwerke erworben während der NS-Zeit von Jewish Art Händler und Sammler, und von anderen Sammler, die hatte es geschafft haben Werke von Jewish Sammlungen. Das nächste was Diese Erwerbe waren im Allgemeinen zu Raub, aber bis vor kurzem nur wenig Aufmerksamkeit gewidmet wurde in der Sache. In den vergangenen Jahren wurde das Museum aufzufinden die Erben von Kunstobjekten gewonnen wurden. Es gibt viele faszinierende Sachen, mit Untertitel in Englisch als auch deutsch. Es gibt auch ein sehr interessantes Film über NS-Art Diebstahl, aber es ist nur auf Englisch. Zum Glück habe ich gelernt zu sprechen, die Sprache, wenn ich verbrachte zwei Semester an einer deutschen Universität viele Jahre her.",50,"Toronto, Kanada",Reiseart: als Paar
Erlebnisdatum: Mai 2018,"Interessant, aber wenig Englisch","Ich werde nur zustimmen, in dem eigentlich alles andere Bewertungen geschrieben, gibt es ganz wenige Ausnahmen, ist in Deutsch. Eine automatische Guide ist im Preis inbegriffen, aber dass deckt nicht mehr als 10 % von dem, was ist auf Deutsch geschrieben. Dies ist nicht zu sagen, dass das Museum ist nicht besonders interessant, ich wünschte nur, ich hätte alles verstanden habe ich war auf der Suche nach an, dass die Audio Guide nicht deckt. Geben Sie das Museum ca. 2 bis 2 . 5 Stunden wenn Sie Lesen keine Deutsch.Das Display mit der NS-Partei in München ist das gleiche in Bezug auf Berichterstattung mit dem Audio Guide aber ich fand das sehr interessant. Die Kosten für ein Ticket beinhaltet die Audio Guide.",30,Traveling,Reiseart: als Paar
Erlebnisdatum: Mai 2018,einen Besuch wert,"So wie in der vorherigen Kritik, wenn Sie nicht Deutsch sprechen ist das kein Problem. Ein audio-gerät , ist im Preis inbegriffen, da ein Teil von Ihr Ticket und vermittelt ein sehr voll Überblick und Erläuterungen über jeden Display. Ausstellungen sind die Zahlen für die entsprechenden Audio Track so Sie schauen Sie sich nur für und folgen Sie der SEQUENCE - nicht schwer. Start im Nebengebäude, das durch ein sehr gründlich historische Zeit Linie der Veranstaltungen und Zeiten im Gebäude des Sozialismus und der NS-Partei.Dann fahren Sie wieder zurück in das Hauptgebäude arbeiten Ihren Weg durch das München Abschnitt vom Erdgeschoss bis zur 2. Etage. 3. Stock hatte eine sehr gute und interessante Ausstellung über die Geschichte von Marionetten. Sehr sehenswert. Der 4. Stock deckt Musical Instruments auf Zeit von verschiedenen Counties. Man braucht auf jeden Fall 3 - 4 Stunden dies zu tun. Es gibt auch ein sehr schönes Cafe mit Outdoor Courtyard wann Sie aufhören möchten für Erfrischungen oder Mittagessen.",50,"Sydney, Australien",Reiseart: als Paar
Erlebnisdatum: Februar 2018,"Unlogical Aufbau, kein Englisch","Ich war in diesem Museum Hoffnung und erfahren Sie etwas über die Stadt den München und wie es wurde, was es heute ist. Leider meine Erwartungen nicht Wirklichkeit geworden. Das Museum ist recht groß und verfügt über mehrere Etagen. Man bekommt einen Audioguide zusammen mit Ihr Ticket. Leider entspricht die Telefonnummern, die mit dem Audioguide sind nicht logisch angeordnet. Sie sehen also am Ende einer wunderschönen Gemälde beginnen zu hören und Sie werden etwas über eine Statue am anderen Ende des Zimmers! Die Schilder sind in Deutsch, was nicht erleichtert.Es ist meiner Meinung nach nicht wirklich eine rote Linie im Museum, aber vielleicht vermisst habe ich es, weil ich nicht lesen konnte den Schildern.Ich würde nicht wieder hier übernachten!",20,,Reiseart: allein
Erlebnisdatum: Juli 2017,Sehr wenig Englisch,"Wir wollten an und erfahren Sie mehr über the rise of the National Sozialistischen Partei in Deutschland und dieses Hotel hat alle Informationen, die Sie brauchen. Wie auch immer, es ist alles in Deutsch. Wir gingen in den obersten Stock mit Puppen und Vergnügungspark Displays und fanden, dass recht interessant.",30,"Murrieta, Kalifornien",Reiseart: als Paar
Erlebnisdatum: Juli 2017,Geschichte der Stadt gut,"Das Museum ist angelegt zu beginnen Sie mit der Stadt zu sein und sein Wachstum in den letzten Jahren gegründet. Es umfasst außerdem dem Aufstieg der NS-Partei, was hier passiert.",30,"Lakeland, Florida",Reiseart: allein
Erlebnisdatum: Juli 2017,"Seltsam, keine Kontinuität, zu wenig in Englisch","Wir nutzten das Museum zu weit weg von der Hitze, und an und erfahren Sie mehr über die Stadt und ihre Geschichte. Hier können Sie einen Audio Guide aber die meisten Texte und sind nicht auf Englisch. Die Sammlung von Posten komisch. neuer bekommen Sie den Griff wie die Stadt gegründet und die Geschichte der es. Sehr wenig medieval Berichterstattung, no. 18. Jahrhundert und sehr viel 19. und 20. Jahrhundert. Immer noch sehr sporadisch und nicht gut durchdacht. Es immer noch 3 Sterne geben, da es ist billig und es gibt eine Menge Dinge zu sehen. Der Nazi - Ausstellung war interessant. Wieder wie in den meisten deutschen Museen haben Sie etwas mehr Guards als Besucher.",30,"Malmö, Schweden",Reiseart: als Paar
Erlebnisdatum: Mai 2017,Super klasse!,"Wenn Sie sich für Kunst, übernachten Sie hier. Es gibt 5 Stockwerke (und ich denke mir, dass ein 6., ich habe das Gefühl, dass man im Bau. ) war die Reise wert. Beim nächsten Mal, wenn ich nach München komme ich nehme Leute dort.",50,"Nashville, Tennessee",Reiseart: allein
Erlebnisdatum: Mai 2017,"Schön, aber . . .","früher Kritiker beachtet werden, dass das Museum ist "" für Deutsche und nicht für Touristen. "" Er bildet einen guten Ausgangspunkt. Beschreibungen der Ausstellungen sind in Deutsch; es gibt kein Englisch Unterpositionen. Trotz dieser Einschränkung, dem Museum ist einen Besuch wert weil es vermittelt einem ein Einblick in die Geschichte und Kultur München.",40,Texas,Reiseart: mit Freunden
Erlebnisdatum: Januar 2017,Messegelände Attraktionen und seltsam wax works ein muss,"Durch Fehler gefunden, die diesen Boden im Museum mich geradezu umgehauen. Unglaublich gespenstisch wax works und brillant Retro Messegelände Attraktionen, Tanzen Gebeine, die sehr viel. Ein Highlight in der meine Woche in München.",50,"Devon, Vereinigtes Königreich",Reiseart: als Paar
Erlebnisdatum: März 2017,A City Museum für Deutsche und nicht für Touristen,"Ich war enttäuscht, dass es zu sein schien in diesem Museum viel lernen, aber es war für Einheimische - - nicht von Touristen - - trotz der "" Typisch München "" Ausstellung Titel. Ich spreche etwas Deutsch und konnte nicht, die Geschichte von vielen verschiedenen Displays.Die Audio Guide war unorganisiert, und das Display Nummern entsprachen nicht Musikaufnahmen, was frustrierend war. Die schwarzen "" Typicalliy München "" gedruckte Reiseführer auch entsprachen nicht den Displays und interessante Themen diskutiert, die waren nirgends zu sehen. In der Zwischenzeit, wir hatten zu raten in den Geschichten hinter dem interessant - auf der Suche nach Gemälde, Skulpturen und Kunstwerken.Die Führungen - - wieder einmal - - waren alle in Deutsch. Englisch ist weit verbreitet in München und andere Museen sind Übersetzungen der Ausstellung Untertitel, aber nicht hier.",20,"Tucson, Arizona",Reiseart: als Paar
Erlebnisdatum: Februar 2017,"Tatsächlich schwierig,","wir haben alles, was wir wissen wollten lernen über Münchner Geschichte? Antwort, keine Frage, Obwir genießen Sie unser Besuch? Antwort, in Teilen.Die Fun wenig war das Puppenmuseum, aber warum war es hier?Die Geschichte war weitgehend eine Kunstgalerie, mit Marktentwicklung und vielseitige Stücke. Die Audio Guide war hilfsbereit in Teil, aber nicht alles erklärt - weniger als 50 %, und die Informationstafeln über keine andere Sprache als Deutsch.Das gleiche gilt für den Nationalsozialismus Frust Ausstellung, aber hier gibt es mehr Informationen in Englisch, und wir freuten uns über einige der Gefühlen ausgedrückt in den abschließenden Paneelen von Informationen: eine gute Unterkunft zu reflektieren. . . .",30,"Stroud, Vereinigtes Königreich",
Erlebnisdatum: Januar 2017,Interessant aussehen in München Geschichte,"Dies war ein gutes Hotel, Sie kennen zu lernen die Geschichte von München mit einem informativ sehen Sie sich die verschiedenen Etappen des München. Stellen Sie sicher, dass Sie fragen Sie für einen Audio Guide sie sonst nicht geben Sie ein! Das Musical Instruments Abschnitt war gut, denn es gab Sie die Möglichkeit, sich zu versuchen Sie ein paar unterschiedliche Vorschriften. nationalsozialistische Ausstellung auf jeden Fall die interessantesten.",40,"Baldivis, Australien",Reiseart: als Paar
Erlebnisdatum: Januar 2017,ein bisschen langweilig,Es gibt nur eine Exposition für Kinder - Marionetten Zimmer. Seltsam Museum Logistik - es ist schwer zu verstehen exposits historische Epochen durch Beobachtung.,40,"Vienna, Austria",Reiseart: mit der Familie
Erlebnisdatum: Dezember 2016,Interessant und lehrreich,"Ein wunderbares Museum voller einige großartige Ausstellungen und lokalen Geschichte. Wenn Sie nicht verstehen Deutsch, dann würde ich auf jeden Fall empfehlen, dass die Audio Guide an den vielen Ausstellungen sind nur in Deutsch (verständlich erklärt wie man in Deutschland! ) . . . . . . . . . . Aber die Typisch München Messe hat ein wenig Englisch und so kann man es weiter lernen Sie verlassen habe über es sogar nach! Wir fanden auch die nationalsozialistische Ausstellung sehr interessant und Sie wollen es links erfahren Sie mehr. Auf jeden Fall woanders zu besuchen wenn man ein paar Stunden kostenlos in München.",40,Keswick,Reiseart: als Paar
Erlebnisdatum: November 2016,"Toll, aber ...","Warum sollte ich ein wenig buchen, um zu lesen Sie die Beschreibung jedes einzelnen Posten ausgesetzt im Museum? Aber wenn ich würde verstehen deutsch Sprache, die ich einfach zu lesen auf der Wand (Beschreibung jedes einzelnen Posten nur in deutscher Sprache)Auch die Logik der Weg zum Display und auf die Anzeige bestellen, sehr schwer zu verstehen. Aber trotzdem ist ein tolles Museum. Besuchen Sie es am Sonntag (90 % der Geschäfte, Supermärkte, etc sind geschlossen) .",40,"Leiden, Niederlande",Reiseart: mit der Familie
Erlebnisdatum: August 2016,Fragen Sie nach Audioguide wenn Sie nicht lesen können Deutsch,"Im Gegensatz zu den anderen negativen Bewertungen hier Ich hatte das Glück, holen Sie sich eine Audioguide. Dennoch haben viele Dinge waren nicht im Zimmerpreis inbegriffen. das Audioguide und die Audioguide war eher kurz. Die Brauerei Abschnitt war interessant für mich wie auch über das zweite Welt Wa. Versuchen Sie über das Puppets hochzufahren, es war ziemlich viel Platz.",30,,Reiseart: als Paar
Erlebnisdatum: Mai 2016,Pop in bekannt und bekommen,"Es ist ein 3D-Modell der diese Stadt, die sich sehr hilfsbereit für ein zum ersten Mal zu orientieren, die Stadt planen. Es beinhaltet eine Sound-Scape, die man hören kann, einen Kopfhörer mit typisch Geräusche der Fläche unter der Scheinwerfer. Es gibt auch ein kleines, charmantes Haus einen Souvenirladen. Es war ein guter erster Stop, bevor wir gingen weiter zum Marienplatz und als wir dann die Tour Bus am nächsten Tag waren wir bereits vertraut mit der Bezirke, dass wir waren zu sehen.",40,Vancouver,Reiseart: mit Freunden
Erlebnisdatum: Juni 2016,Es ist sehr lohnenswert 7€ für einen halben Tag besuchen,"Die Frauen, die verkauft Tickets für uns auf jeden Fall hasst ihr Job, sie gaben uns die Armbänder in bestimmte Galerien. Die Angestellten sahen unsere Tickets und lassen Sie uns geben. sparen Sie wahrscheinlich diejenigen Armbänder für ihre Freunde und Familie. Sie haben uns nicht die Audio Guide entweder. Wir hatten zu kommen und danach fragen. Also, wenn Sie Tickets kaufen, fragen Sie nach dem Bändchen und Audio Guide.Das Museum hat einen sehr viel zu sehen, ein ""Marionetten/Messegelände"" Abschnitt, ein ""Musik/Instrument"" Abschnitt, können beide nehmen jeweils bis zu einer Stunde. Die ""Fashion/Textile"" Teil hat viel. Obwohl die ""typisch München"" Teil ist auch nicht wirklich sehen, als die Siedlung kam im Hotel und die Stadt begann.Die ""Nationalismus"" ist in einem anderen Gebäude und Informationen ist schwer, aber gut präsentiert.Während meines Aufenthalts (12 JUN2016 =Die PIN-Nummer), dort gibt es auch noch das Bier Ausstellung und Foto Ausstellung.Man kann leicht verbringen Sie 4 Stunden in diesem Museum.",40,"London, United Kingdom",Reiseart: als Paar
Erlebnisdatum: Juni 2016,Laufen Durcheinander Sammlung und wenig hilfsbereites Personal,"Es schien weder Hand noch Grund für die Art der Sammlung war werden angezeigt und der Audio Guide (in Englisch) scheint nicht in Zusammenhang zu dem, was man eigentlich damit zu beschäftigen. Das Personal an der Rezeption war ausgesprochen wenig hilfreich Ticket. Die Kellnerin im Cafe war auch wenig hilfsbereit und ziemlich heftig in ihr Kommentare. Nicht ein tolles Erlebnis.",20,"Isle of Man, Vereinigtes Königreich",
Erlebnisdatum: Februar 2016,Nicht einen Besuch wert,"Wir hatten gute Kommentare über dieses Museum gelesen und waren interessiert an der Geschichte von München.Allerdings war das Museum schlecht geschnitten und überhaupt nicht interessant.Im Abschnitt über die Nazis war besser, aber man konnte immer noch mit Fürsorge und bringen das 21. Jahrhundert.",20,"Cardiff, Vereinigtes Königreich",
Erlebnisdatum: Oktober 2015,"Wir waren für den Nationalsozialismus, waren für den Rest","Wir waren in diesem Museum speziell zu sehen die Ausstellung über den Nationalsozialismus, das sehr gut war. Es war sehr praktisch für unsere Kinder, die den Aufstieg des dritten Reich als Teil ihrer Schule Arbeit tun, und es hat ihnen ein voller Geschichte als sie in der Schule über die dort herrschende Atmosphäre während Hitler bekommen hatten. Es war auch sehr interessante zu sehen, wie früher die Nazis aufgebaut wurde die arbeitslager und über die wenigen, die versucht nicht widerstehen.Das Hauptrestaurant Museum hatte auch einige interessante Aspekte, insbesondere die Ausstellung in der Mode durch die Jahrhunderte. einen Besuch wert.Wir haben für ein Getränk und einen Sandwich im Cafe aber ich kann es empfehlen, Sie gehen Sie besser woanders hin. Der Service war langsam und unfreundlich und wir links grumpier als wir gingen.",40,"Hampshire, England",Reiseart: mit der Familie
Erlebnisdatum: Dezember 2015,"Nett, könnte aber besser sein",Das Museum ist sehr schön und es beinhaltet einen interessanten Abschnitt zur Puppen und andere Musikinstrumente.Obwohl die Audioguides kostenlos zur Verfügung gestellt und in Englisch sind die Zeichen und Erklärungen überwiegend in deutsch.Die Person an der Rezeption konnte ihre Fähigkeiten im Umgang mit ausländischen Touristen zu verbessern.Das Museum Bedienung an den Musikinstrumenten Abschnitt war sehr angenehm und zeigte uns mit einem Lächeln,30,"Pretoria, Südafrika",Reiseart: als Paar
Erlebnisdatum: Dezember 2015,NS Ausstellung ein muss,"Das Hauptrestaurant Museum ist enttäuschend, sogar mit dem englischen Audioguide. Es ist eine Sammlung von Objekten mit keinen Versuch, legte sie im Kontext die Geschichte von München zu erklären.Die Marionetten Ausstellung ist unheimlich übertraf alle Grund, nehmen Sie keine Kinder.Die nationalen Sozialismus ist Ausstellung der einzige glaubwürdige Teil des Museums und ist auf jeden Fall einen Besuch wert. Die Spuren der Geburt von der nationalsozialistischen Party bis zum Ende des Zweiten Weltkriegs 2, durch eine Reihe von Objekten und eine wirklich gute Audio Guide. Ich war von der vorab und Frank Umgang des jeweiligen überrascht und würde es jedem empfehlen. Die NS Ausstellung ist ebenfalls kostenlos.",40,"Leicester, Vereinigtes Königreich",Reiseart: mit der Familie
Erlebnisdatum: Dezember 2015,Hat unsere Erwartungen übertroffen,"Normalerweise sind Stadt Museen etwas düster, aber dies zeichnet sich. Neben einem Geschichte der Stadt gibt es bedeutenden Ausstellungen von Puppenspiele, Musikinstrumente, Nationalsozialismus, und spezielle Themen (im Moment eine tolle Fotoausstellung).  Kostenloser Audioguide.",50,"Manchester, Vereinigtes Königreich",Reiseart: allein
Erlebnisdatum: Dezember 2015,Eine große Auswahl,"Zuerst sollten Sie keine kleinen Kinder, das Puppenmuseum. Es ist nicht für Kinder, und zwar als Erwachsene wir fanden es faszinierend finde ich es mag Kinder hab. Der Sozialismus Museum gut und die Audio wurde ist kostenlos und ein muss. Ich hatte das Gefühl, dass wir verpasst viel nur, weil wir kein Deutsch sprechen aber die Audio geholfen. Die anderen München Museum war gut, aber es gibt so viel zu sehen. Die Museum Arbeiter spricht nicht sehr gut Englisch und somit nicht besonders hilfsbereit nur wegen der Sprachbarriere waren.",40,"Chandler, Arizona",Reiseart: als Paar
Erlebnisdatum: April 2015,Tolles Hidden Museum!,"Wir waren in München und fragten uns um die kalte Straßen im März und wir fanden uns vor dem Museum. Wir entschieden uns, es auszuprobieren und wir waren froh, dass wir das gemacht haben! Es gibt viele tolle Geschichte in Bayern und für das Geld war es eine wunderbare Stunden aus unserem Tag. Es gab eine Menge zu Objekten stammt aus dem Jahrhunderte, und sie hatte eine sozialistische Ausstellung, auch für Leute, die gerne aus dem Zweiten Weltkrieg war verlockend deutscher Geschichte. Es war viel größer innen als es schien vor. Auf jeden Fall wäre es zu anderen Touristen empfehlen!!",40,"New York City, New York",Reiseart: als Paar
Erlebnisdatum: Oktober 2015,"Es lohnt sich, für ""NS"" Ausstellung","Marionetten- Bereich war meist beängstigend; amusement park Abschnitt enthielt laute unerwartete Überraschung, dass 5 Jahre meines Lebens.Wie auch immer, interaktive internationale Musikinstrumente department & 1930er Women's Kleidung Ausstellungen sowohl 5-Sterne Hotels. Es lohnt sich, ins Museum ausschließlich für ""NS"" Party Museum & begleitenden Audio Guide. Wir erfuhren eine tolle Sache.50 % Rabatt für Besuche in einigen anderen Museen nach dem Kauf Eintrittskarten hier. Abholung kostenlose Broschüren mit weiteren Beschreibungen von Ausstellungen. Nutzen Sie kostenlos Schließfächer für Golftaschen, Mäntel an. Senior Rabatt.",40,"Fort Lauderdale, Florida",Reiseart: als Paar
Erlebnisdatum: September 2015,"Vielleicht, wenn Sie Lesen Deutsch","Es lohnt sich nicht. Vielleicht, wenn mein Deutsch besser ich würde schon viel mehr von den vielen Plakaten auf Sachen bekommen, aber dieses Museum wirklich fehlt eine übergeordnete Erzählung über die Geschichte und Entwicklung der Stadt und Umgebung. Es ist hauptsächlich eine Sammlung von Gegenständen, mit Kennzeichnung werden akzeptiert.",10,NYC,
Erlebnisdatum: September 2015,"Gute Informationen, Schlecht Man teilte uns mit, dass Sie nicht Deutsch lesen","Es gibt viele gute Informationen hier, aber wenn Sie nicht Deutsch lesen kann, ist es im Wesentlichen eine Serie wenn durch zufällige Auswahl Artefakten und historische Anmerkungen über die Stadt. Nicht sicher gewann ich nichts Neues bei einem Besuch dieses Museum.Das interessanteste Stück ist die ständige Ausstellung über den Nationalsozialismus und insbesondere die Rolle München gespielt. Es ist lang und deprimierend, aber sehr informativ.",30,"Washington DC, District of Columbia",Reiseart: mit Freunden
Erlebnisdatum: September 2015,"Faszinierend wenn zusammenhangslos aus dem Messegelände, ist einen Besuch wert","zufällig auf dieses Museum, vielseitigen Mischung aus Mittelalter zum Barock bis zum Rokoko 1900ern , ""Sozialismus"" Zeitraum und Neuzeit. Dies ist ein faszinierendes Museum und der Einstellung des Personals an der Rezeption war ein 'etwas willkürlich', nicht sicher, ob sie absichtlich so versucht, sind oder nur unzureichend ausgebildet oder motiviert.Das Puppenspiel, Musikinstrumente Exponate sind ausgezeichnet. Die Geschichte von München aus seinen Ursprung in 1100 oder so sind ausgezeichnet, aber an einigen Stellen etwas veraltet oder ruht sich auf der ersten letzte Jahrhundert exuberence. Das National ist eine Herausforderung Sozialismus Gallery im Erdgeschoss, die Instrumente der eugenischen Einstufung mit sättel, Iris Farbe comparitor Glas Augen, Haartrockner Hochhaus comparitors stören.Die revue Abschnitt in der Post Krieg München oder modernen Ära war interessant.Insgesamt lohnt sich auf jeden Fall ein punt.",40,"Dublin, Ireland",Reiseart: geschäftlich
Erlebnisdatum: Juli 2015,"Tolles Museum, unfreundliches Personal","Das Museum selbst ist einen Besuch wert, mit vielen wundervollen Ausstellungen, allerdings war unsere Erfahrung von der unfreundlich, wenig hilfsbereite Dame, die uns verkauft wurden unsere Tickets gefärbt. Vielleicht sollte jemand Umschulung im Kundenservice / Benehmen?",40,"Manchester, Vereinigtes Königreich",Reiseart: als Paar
Erlebnisdatum: Juli 2015,Sehr informativen Charakter,"Dies ist ein tolles Museum, wo Sie lernen viel über die Geschichte. Es gibt immer sehr gute temporäre Ausstellungen sowie. Wenn Sie wirklich wissen möchte der Vergangenheit, ist dies der richtige Ort.",50,"Budapest, Ungarn",Reiseart: als Paar
Erlebnisdatum: Juni 2015,Interessante Portrait einer Stadt,"Es befindet sich in einem attraktiven Gebäuden und mit genügend Platz über eine Anzahl von Böden für die Vielzahl von Ausstellungen. Der Audioguide war eine informative Begleitung.Das Typisch ist München Messe ausgiebig vielfältig und engagiert. Beginn mit vergangener Zeiten es bewegt sich durch die Jahrhunderte, bis zu den modernen Ära. Die Exponate sind gut ausgewählten und jetzigen Schnappschüsse von der Stadtgeschichte. Im Preis inbegriffen sind zahlreiche Gemälde.Eines der faszinierendsten Displays war eine große, runde panopticon Art Picture Viewer mit umliegenden Hockern verwendet von Stammkunden zu Blick jedes Bild in biegen Sie rechts ab.In einem angrenzenden Gebäude ist die Katastrophe, die National Sozialismus war sehr schön präsentiert. Von seinen lokalen Ursprung auf der Verwüstung verursacht wurden im Krieg ist Ende.",40,Ireland,Reiseart: als Paar
Erlebnisdatum: Juli 2015,Rise of Nsdap ein Muss,"Dies ist 2 Museen in 1 - das Münchner Geschichte Teil - main exhibition 2 Etagen ist interessant dauert ca. 45-60 Minuten für einen Engländer und dem Rauschen der Audio Guide.Dann biegen Sie in diese Audio Guide für die National sozialistische Portion an der Rezeption. Ausfahrt Hauptgebäude gehen bis Metall Auffahrtsrampe zum Gebäude, dass geschlossen sieht und stellen Sie sich also auf eine Ebene der Ehrlichkeit, dass nur ein Leute, die in der Macht der Geschichte glauben leisten können. Dies dauert 1,5 Stunden zu hören Sie 2 Stunden zu verdauen. Ich habe gelernt, fühlte sich krank, fühlte sich erleichtert, dass einige widerstanden. Diese Ausstellung ist ein muss für nicht wiedererleben der Vergangenheit! !!",50,"Augusta, Georgia",
Erlebnisdatum: Juli 2015,Typisch München Museum,"Eine Reise durch die Geschichte von München - 850 Jahre. Von den Königen, durch hohes der nationalsozialistischen Party und moderner. Es ist ein gut konstruierte Tour von Audio. Ich fand den Teil auf dem Vormarsch der nationalsozialistischen Partei in München unwiderstehlich. Ich hatte nicht wirklich die frühen Tagen von Hitler in den Biergärten Münchens verstanden. Das gesamte Museum ist eine Überlegung wert.",50,"Perth, Australien",
Erlebnisdatum: April 2015,Eine tolle historischer Besuch,Es gibt ein paar Ausstellung in das Hauptgebäude und eine Ausstellung über die Geschichte auf der Nsdap in einem separaten Gebäude nebenan. Es vermittelt einen sehr detaillierten Konto (muss Audioguide. es ist kostenlos.) auf wie die nationalsozialistische Partei an die Macht Rose und wie die Dinge waren wie in Deutschland. Halten Sie unvoreingenommen.,50,,Reiseart: als Paar
Erlebnisdatum: Mai 2015,Sehr interessantes Museum - vor allem der Nationalsozialismus Flügel,Ich stimme mit den anderen TA Beiträgen. Wir haben einen Nachmittag dort und waren mäßig interessiert bis wir im Innenhof überquert und betraten die Flügel mit den Aufstieg des Nationalsozialismus. das lohnt die Zeit und gegen Gebühr. Man dem Audioguide. Nicht überfüllt.,30,"Minnespolis, MN",Reiseart: als Paar
Erlebnisdatum: Mai 2015,Nur für den Nationalsozialismus Flügel des Museum,"Wir gingen in und ließen die anderen Teile des Museums; wie bereits jemand anderes gesagt, es war trocken und nur in Englisch. Begeben Sie sich direkt zum separaten Flügel, die einen außergewöhnlichen Display über den Nationalsozialismus hat. sollten Sie sich in die Audio Guide weil es meist in Deutsch ist. Hervorragend. Sie haben zu bewundern die Bestimmung der Deutschen nicht zu vergessen der Hysterie, eine Welt Krieg und so herrschte eine Maut verursacht.",50,"Pennington, NJ",Reiseart: mit Freunden
Erlebnisdatum: Mai 2015,"Okay, aber ein wenig trocken","Die Dauerausstellungen umfassen einen Abschnitt über ""typischen Münchner"" der thematische anstatt geradeaus chronologisch ist, sowie einen separaten Abschnitt über den Nationalsozialisten. Es gibt auch ein Puppenmuseum und einem musikalischen Sammlung, aber ich war nicht die Teile.Die typischen Münchner Ausstellung war eine bunte Mischung, einige Teile noch interessanter als andere. In einigen Fällen, schien es die Erwartung Hintergrundwissen, ich bin mir nicht sicher, dass alle Touristen würden. Den kostenlosen englischen Reiseführer, dass man zusammen mit nehmen Sie auch in einem sehr akademischen Stil, ein wenig zu trocken eher als sehr engagiert geschrieben. Im Allgemeinen, ich glaube, dieses Museum wäre sehr interessant für diejenigen leben in München oder Personen mit ein starkes Interesse in der kulturellen Geschichte der Stadt.Der Souvenirladen haben einige wirklich einzigartigen Speisen, und war eine Reise wert.",30,Schweiz,Reiseart: als Paar
Erlebnisdatum: Dezember 2014,Weihnachten mit nichts zu tun,"Ich würde nicht mehr zu sehen Dieses Museum Sidetrack es sei denn Sie haben einen ganz bestimmten Sehenswürdigkeiten in München. Wir gingen am ersten Weihnachtstag nur, weil es nichts anderes geöffnet war. Es war in Ordnung. Der kostenlose Audioguide in Englisch ist gut, wie die Exponate in deutsch sind.",30,"Metro Minneapolis-Saint Paul, Minnesota",Reiseart: mit der Familie
Erlebnisdatum: Dezember 2014,Kleines Schmuckstück,"Das Museum ist bescheiden in Größe, aber in fünf Abschnitte jedes angelegt, für einen Zeitraum in Geschichte bis 2004 und in chronologischer Reihenfolge. Gute prüfungsleitfäden und Layout. Nahmen uns ein und ein halb Stunden zur Deckung der gemächliche Tempo. Die ersten drei Abschnitte waren wahrscheinlich das beste.",50,"Newport Pagnell, Vereinigtes Königreich",Reiseart: als Paar
Erlebnisdatum: Dezember 2014,Es lohnt sich!,"Ich war dort nur ""Nationalsozialismus in München"" Ausstellung. Es ist ein großartiger Geschichte Unterricht für alle. Es ist einen Besuch wert und nicht in Eile. Ich war dort am Samstag Abend und ich war alleine dort. Es gibt einen kostenlosen WLAN in der Lobby verfügbar. Sehr empfehlenswert.",40,"London, Vereinigtes Königreich",Reiseart: allein
Erlebnisdatum: Oktober 2014,"Ein wenig schwer zu finden, aber sehr interessantes Museum","Das Munich City Museum war ein wenig schwer zu bekommen um - im Detail auf die Exponate war dünn auf dem Boden und während wir Audioguides zu helfen bekamen, war es nicht eine tolle Erfahrung. Wir spazierten etwas ziellos die verschiedenen Ausstellungen und bemühen sich um Sinn der spärlich Anmerkungen während Sie mit dem Guide auf die seltenen Gelegenheiten Herumfummeln bewundern wir fanden Nummern zu Art.Die Ausnahme war dies das Museum zu Nationalsozialismus, der sehr prägend war.Ehrlich gesagt, ich glaube, wir konnten versuchten schwieriger zu genießen, aber es war alles ein bisschen verwirrt.",30,"Aylesbury, Vereinigtes Königreich",Reiseart: als Paar
Erlebnisdatum: Mai 2014,einen Besuch wert,"Nicht das umfangreichste Museum in München, aber es ist interessant und einen Besuch wert, wenn Sie die Chance haben. Es ist eine interessante Auswahl und der Anzeige der Aufstieg der nationalsozialistischen Partei in München war eine Überraschung, da Sie nicht so viel von dieser Art der Sache sehen ausgestellt in Deutschland",40,,
Erlebnisdatum: August 2014,"Gut, aber Übersetzungen?","(Wenn Sie Student sind denken Sie daran, etwas mehr Dokumentation mit. Student Lizenz ist irgendwie nicht genug. Ein weiterer Ort, wo Studenten kann nicht vertrauen) aber das Museum:Ich war insgesamt recht zufrieden mit dem exibits und habe dort fast zwei Stunden und nur gesehen, wie zwei Ausstellungen: Nationsozialismus und Typish München. Verpassen Sie nicht diese beiden werde ich sagen. Aber wenn Sie nicht lesen oder sprechen Deutsch, Sie werden vielleicht nicht so viel zu gelangen.Der Nationalsozialismus ist Ausstellung übersetzt in Englisch in wenigen Plätzen Kennzeichnung die Stellen stützpunkte in der Geschichte. Aber alle Dokumente, Bilder, Zeitung, Nichtraucherzimmer übersetzt wurden. Zum Glück hatte ich Deutsch. Sie können einen Audio Guide von der Rezeption haben, wenn Sie mit diesem zu gehen wollen.Die typish München Ausstellung hat nicht ein chronologischer Reihenfolge, aber dann kann man nur entscheiden, was Sie wollen. viele alte Sachen, es gibt aber ein paar wenigen sehr interessantes Stellen auch",40,"Aarhus, Dänemark",Reiseart: allein
Erlebnisdatum: August 2014,Verpassen Sie nicht den Nationalsozialismus Ausstellung,"Wenn Sie sind in der deutschen Geschichte des 20. Jahrhunderts interessiert, ist dies ein Muss. Eine chronologische sehen Sie sich im Gebäude des der NS-Partei und der Rolle Hitlers Anfang 1919. Ausgezeichnete Fotos und Audioguide.",40,"Grand Rapids, Michigan",Reiseart: als Paar
,verwirrend,"Die Rezeption war alles egal zu uns erklären, wo zu Beginn der Tour und die Route. Nach einer Weile wir merkten wo zu gehen, aber es war nicht klar genug. den ersten Siedlern Ausstellungen sind weniger interessant (oberflächlichen Geschichte von München) aber die letzten 1 über den Nationalsozialismus gut war, wäre es am besten verbringen mehr Zeit auf. Nicht alle das Material wird ins Englische übersetzt, der Audioguide hilft viel aber etwas verloren. Eine gute Sache ist, dass sie bieten kleine Hocker zu tragen und herum sitzen als zu wünschen übrig.",30,"Miami, Florida",
