date,title,text,rating,visitor_origin,visit
Erlebnisdatum: Januar 2020,Turandot ,"Ein tolles Opernhaus, mit toller Architektur.  Man bekommt hier auch Karten zum moderaten Preisen. Wir haben hier im Januar 2020 die Oper Turandot gesehen. Eine super Darbietung mit, wirklich sehr guter Musik und Schauspielern.  Das würden wir jedem empfehlen. ",50,"Bremerhaven, Deutschland",
Erlebnisdatum: Januar 2020,Traumhaft schön beleuchtet,"Traumhaft, am Abend beleuchtetes Nationaltheater in der Neustadt, direkt an der Moldau gelegen. Besonders schön anzusehen während einer Bootsfahrt.",40,"Reutlingen, Deutschland",
Erlebnisdatum: Dezember 2019,Besonders ,"Das tschechische Nationaltheater ist eines der ältesten Gebäude Prags und beeindruckt durch seine Architektur, aber auch durch die Vielfältigkeit des Spielplans.",40,"Berlin, Deutschland",
Erlebnisdatum: Juli 2019,Schönes...,"...Gebäude, besonders die Location nahe dem Fluss ist schön und das Nationaltheater hat eine wirklich schöne Fassade.",30,"Wien, Österreich",
Erlebnisdatum: Februar 2019,"Schönes Theater, tolles Ensemble","Was wünscht man sich als Opernfan mehr? Hier ist alles geboten: ein wunderschönes altes Theater, ein erstklassiges Ensemble, Orchester tadellos, spannende Inszenierung und das ganze zu bezahlbaren Preisen - kein Wunder, das jede Vorstellung so gut wie ausverkauft ist. Das",50,"München, Deutschland",
Erlebnisdatum: Januar 2020,Turandot ,"Ein tolles Opernhaus, mit toller Architektur. Man bekommt hier auch Karten zum moderaten Preisen. Wir haben hier im Januar 2020 die Oper Turandot gesehen. Eine super Darbietung mit, wirklich sehr guter Musik und Schauspielern. Das würden wir jedem empfehlen.",50,"Bremerhaven, Deutschland",Reiseart: mit Freunden
Erlebnisdatum: Januar 2020,Traumhaft schön beleuchtet,"Traumhaft, am Abend beleuchtetes Nationaltheater in der Neustadt, direkt an der Moldau gelegen. Besonders schön anzusehen während einer Bootsfahrt.",40,"Reutlingen, Deutschland",
Erlebnisdatum: Dezember 2019,Besonders ,"Das tschechische Nationaltheater ist eines der ältesten Gebäude Prags und beeindruckt durch seine Architektur, aber auch durch die Vielfältigkeit des Spielplans.",40,"Berlin, Deutschland",Reiseart: mit der Familie
Erlebnisdatum: Juli 2019,Schönes...,"...Gebäude, besonders die Location nahe dem Fluss ist schön und das Nationaltheater hat eine wirklich schöne Fassade.",30,"Wien, Österreich",Reiseart: als Paar
Erlebnisdatum: Februar 2019,"Schönes Theater, tolles Ensemble","Was wünscht man sich als Opernfan mehr? Hier ist alles geboten: ein wunderschönes altes Theater, ein erstklassiges Ensemble, Orchester tadellos, spannende Inszenierung und das ganze zu bezahlbaren Preisen - kein Wunder, das jede Vorstellung so gut wie ausverkauft ist. Das nächste Mal reserviere ich meine Karten früher, damit nicht wieder zittern muss ob es klappt. Ein einziger kleiner Tipp an das Theater, es wäre toll, wenn es eine Möglichkeit gäbe reservierte Karten OHNE Kreditkarte zu zahlen, z.B. Paypal, Abbuchung oder EC.",50,"München, Deutschland",Reiseart: mit Freunden
Erlebnisdatum: Dezember 2018,Sehr schönes altes und historisches Gebäude und Theater,"Das Theater ist eines der ältesten Gebäude der Stadt und wird von den Bewohnern entsprechend gewürdigt. Die Inneneinrichtung ist sehr mondän und das Theater an sich erinnert an alte ehrwürdige Opernsäle. Es gibt zahlreiche Etagen mit Bakons und von allen hat man eine recht gute Sicht auf die Bühne. Wir hatten für die Oper Mme Butterfly zum Glück noch Karten ergattert, nicht die besten Plätze, aber dennoch hat man alles gesehen und die Akustik war sehr gut. Nur die Bestuhlung ist etwas eng was die Beinfreiheit betrifft. Da tut einem nach einer Weile dann schon mal das Kreuz weh, da man die Position kaum ändern kann. Für gehbehinderte gibt es einen Fahrstuhl, der allerdings nur wenige Personen befördern kann.",50,"Hamburg, Deutschland",Reiseart: als Paar
Erlebnisdatum: Oktober 2018,Opernerlebnis in einem der schönsten Theater der Welt,"Für den 31. Oktober 2018 hatte ich eine Parterre-Loge zu Puccinis ""Madame Butterfly"" im Nationaltheater Prag gebucht. Dieser prachtvolle Bau im Stil des Historismus bildete den perfekten Rahmen für diesen Opernabend. Obwohl sich die Logen an der Seite befinden war die Sicht auf die Bühne bestens. Die Musiker erfreuten durch hervorragende Leistung. Die Inszenierung war zwar ""modern"", aber nicht aufdringlich oder gar verstörend.Das große Foyer im 1. Rang und die offene Loggia sind traumhaft und der rasche und perfekte Service an der Sektbar machen auch die Opernpausen zu einem angenehmen Erlebnis.Ich suche schon wieder freie Zeiten in meinem Terminkalender um für weitere Opernabende nach Prag zu reisen.",50,"Wien, Österreich",Reiseart: mit Freunden
Erlebnisdatum: Oktober 2018,Eine Reise wert,"Kylian, das neue Ballett im Nationaltheater. Chor auf dem 1.Balkon, Orchester und Ballett zu Strawinsky- ein absolutes Erlebnis. Zum Schluss eine Burleske über die Mozart herzlich gelacht hätte und mit ihm heute das Ganze Theater. Ein Tränen treibender Spaß zu Mozarts Musik- und das allein für Ballettfreunde eine eigene Reise wert.",50,"Warburg, Deutschland",Reiseart: als Paar
Erlebnisdatum: April 2018,Imposantes Gebäude,"Direkt am Fluss trifft man auf dieses Bauwerk. Leider habe ich keine Vorstellung dort angeschaut, aber auch von außen ein sehr schönes Gebäude. Bei einem Spaziergang am Ufer der Moldau kann man es nicht verfehlen.",50,"Stuttgart, Deutschland",Reiseart: mit Freunden
Erlebnisdatum: Juli 2018,Von außen schon beeindruckend,"Das Theater ist ein wunderschönes Gebäude und tolles Fotomotiv, welches direkt an der Moldau in der Nähe zur Kampa Insel liegt.Beeindruckender Neorenaissance Stil und eines DER Wahrzeichen von Prag.",40,"Nordhorn, Deutschland",Reiseart: als Paar
Erlebnisdatum: Januar 2017,Ergreifende La Traviata,"Das beeindruckende schöne und aufwändig renovierte Gebäude ist schon einen Besuch wert, einer der schönsten Theaterräume Europas. Exzellente Sicht und Akustik von allen Plätzen. Großartiges Orchester und bestes sängerisches Niveau. Ergreifend inszeniert, drei Stunden vergingen wie im Flug. Die Preise sind für westeuropäische Verhältnisse ein Schnäppchen, 18 € für einen guten Platz, ab 65, Schüler/Studenten die Hälfte. Beste kulurelle Unterhaltung, wunderschöner Abend, den wir bei unserem Pragbsuch auf keinen Fall missen wollten. Wir waren erstaunt über das junge Publikum.",50,"Würzburg, Deutschland",Reiseart: mit der Familie
Erlebnisdatum: Januar 2016,Prächtiges Opernhaus,"Das Äußere des Prager Nationaltheaters erinnert in seiner Monumentalität an die Architektur der Wiener Staatsoper. Der Zuschauerraum ist besonders prächtig. Ich habe eine sehr schöne Aufführung von Janaceks Oper ""Das schlaue Füchslein"" gesehen. Die tolle musikalische wie darstellerische Qualität des durchweg tschechischen Ensembles  - und das bei sehr erschwinglichen Preisen - zeigte wieder einmal die Güte der osteuropäischen künstlerischen Ausbildung!",50,"Ruhpolding, Deutschland",Reiseart: allein
Erlebnisdatum: Januar 2016,Opulent,"Diese Oper ist allein vom Gebäude den Besuch wert. Der Standard der musikalischen Leistung ist teilweise besser als erwartet mit guten, vorwiegend tschechischen Kräften sowie inzwischen auch modern-interssanten Inszenierungen. Preise immer noch sensationell verglichen mit Deutschland (an Scala oder Covent Garden denke ich jetzt gar nicht).",40,"Köln, Deutschland",Reiseart: als Paar
Erlebnisdatum: Januar 2015,schöne Oper mit guten Aufführungen,"sahen eine exzellente Aufführung von Rusalka, Karten können über Internet vorbestellt werden ist zu empfehlen, die Preise sind sehr moderat",50,"Wien, Österreich",Reiseart: mit Freunden
Erlebnisdatum: Oktober 2014,Wunderschön!!!,Waren Ende Oktober zu einem wunderschönen Balettabend dort.Ambiente und Aufführung überzeugten restlos. Wir haben uns gut unterhalten und sehr wohl gefühlt - auch an der Bar in den Pausen!!!,50,,Reiseart: als Paar
Erlebnisdatum: September 2014,Nationaldenkmal,"Das Nationaltheater wurde 1881 von den Tscheche als ein Symbol derer Staatlichkeit erbaut. Die Prager Deutschen hatten schon das Ständetheater, wo u.a. die Premieren von Mozarts Don Giovanni und Clemenza di Tito stattfanden. Dann noch das Neue Deutsche Theater in der Nähe des Hauptbahnhofs, wo heute die Opernszene ist. Der grosszügige Historismus-Bau des Nationaltheaters wurde von den damaligen Spitzenarchitekten und Malern gestaltet.  Sein Besuch ist ein Erlebnis",50,"Basel, Schweiz",Reiseart: geschäftlich
Erlebnisdatum: Mai 2014,Sehenswert,"Das alte Gebäude des Nationaltheaters steht schön und stattlich neben der Moldau und hat einen prachtvollen ""goldenen"" Zuschauerraum (wenn gerade ein Ballett o.ä. auf dem Spielplan steht, dann empfielt sich schon deshalb ein ""Theater-Abend""!).",40,,Reiseart: als Paar
Erlebnisdatum: April 2014,Man sollte eine Vorstellung hier besuchen,Dieses Theater ist nicht nur von außen ein imposantes Bauwerk sondern beeindruckt auch von innen mit seiner im barocken Stil gehaltenen Ausstattung. Die Preise für Karten sind für jeden erschwinglich und die Aufführungen sind erstklassig.,50,"Bad Neuenahr-Ahrweiler, Deutschland",Reiseart: als Paar
Erlebnisdatum: April 2014,Nichts fuer lange Beine,"Wir haben 1. Range Mittelloge gesessen. Leider sind die Reihen so eng, dass man nicht weiss wohin mit den Beinen. Für groessere Personen eine Tortur.",40,dillingen germany,Reiseart: als Paar
,Atemberaubend,"Ich sah eine neue Produktion von Janáček Schlauen Füchslein. Wirklich beeindruckend, vor allem die von Kateřina Štefková entworfenen Kostüme.",50,"Frederiksberg, Dänemark",
Erlebnisdatum: September 2013,das bedeutenste Neurenaissance-Bauwerk Prags,"""Nation sich selbst""- lautet die legendäre Inschrift: die Errichtung eines eigenständigen tschechischen Theaters wurde Mitte des 19. Jahrhunderts umgesetzt. Die Innenausschmückung mit unzähligen Wandbildern iwar für uns besonders beeindruckend.",40,"Cottbus, Deutschland",Reiseart: als Paar
Erlebnisdatum: April 2013,Prächtig!,"Wir hatten Logenplätze für die Traviata, es war zum Weinen schön und durchaus erschwinglich...Das Haus ist überaus prächtig dekoriert, es war ein Genuss!",50,"Sebnitz, Deutschland",Reiseart: als Paar
Erlebnisdatum: März 2013,Die Oper Carmen im wunderschönen Nationaltheater,Das Nationaltheater wird zur Zeit restauriert und ist von außen leider mit Planen verdeckt. Die Veranstaltungen finden aber statt. Wir sahen und hörten Carmen in einer wunderbaren Inszenierung. Das Haus ist ein Besuch wert.,50,Uetze-Dollbergen,Reiseart: als Paar
Erlebnisdatum: Februar 2013,Carmen,"Wir sind nach Prag hauptsächlich wegen der Musik gekommen, also war das National Theater ein Muss für uns. Das Gebäude ist ein wahres Schmuckstück mit einem goldenen Dach. Schade nur, dass das Opernhaus gerade renoviert wird, es war auch nicht wirklich leicht den Eingang zu finden. Das goldene Interieur war sehr stilvoll und der Saal akustisch sehr überzeugend.Wir haben uns für Bizets Carmen entschlossen. Die Karten haben wir online gekauft, leider ist die Seite nicht in Deutsch, sondern nur auf Englisch und Tschechisch.Die Vorstellung selbst war sehr schön inszeniert – eher klassisch im Vergleich mit deutschen Opernhäusern.Die Sänger haben sehr gut gesungen, vor allem die Mezzosopranistin war sehr gut. Das Orchester war gut, ab und zu gab es Intonationsprobleme, vor allem in den Streichen. Aber der Gesamteindruck war sehr schön.",40,Bremen,Reiseart: mit der Familie
Erlebnisdatum: Februar 2013,Kulturgenuss pur,Verdi-Oper La Traviata einmalig schön gesungen und gespielt. Mailand kann hier nicht das Wasser reichen!! Hervorragende Stimmen- ein Traum der Tränen aus den Augen drückt - so herzensnah kann Oper sein!! Das alles in einem großartigen Haus - traumhaft. Freue mich schon auf den nächsten Besuch!!,50,Erlangen,Reiseart: als Paar
Erlebnisdatum: August 2012,wunderbare Aufführung mit traditionellem Bühnenbild und Kostümen,"Die Aufführung (Oper) war wunderbar. Es wird über der Bühne, gut lesbar, der deutsche Text elektronisch angezeigt.Das Gebäude selbst ist innen und außen schon allein einen Besuch wert. Wer an Oper/Theater Interesse hat, dem ist hier ein Besuch sicher zu empfehlen.Die Preise sind dem hohen Niveau angepasst...",50,"Magdeburg, Deutschland",Reiseart: mit Freunden
Erlebnisdatum: März 2012,Wunderschönes Gebäude an der Moldau,"Direkt an der Moldau gelegen kann man das Nationaltheater gut erreichen, wenn man von der Karlsbrücke aus nach Norden an der Moldau entlang läuft. Das Gebäude ist wirklich imposant und wunderschön. Wir warfen auch einen kurzen Blick hinein - wirklich toll. Vor dem Gebäude wurden Flyer für Konzerte usw. am selben Abend verteilt. Scheinbar ist es kein problem, für Veranstaltungen auch kurzfristig noch Karten zu bekommen.",40,Berlin,Reiseart: als Paar
Erlebnisdatum: Mai 2012,Genuss pur.,"Für einen liebhaber der Oper ist es ein ""Muss"", dieses Theater zu besuchen. Eine Ambiance vom Weltformat, einfach überwältigend. Wir haben ""La Traviata"" sehen dürfen. Es war perfekt. Wir schätzen die entsprechende ""alte"" Kostümierung sehr. Keine Spur vom Trend ""Moderne"" mit z.B. Jeans oder Monteurkombinesen.",50,CH,Reiseart: als Paar
Erlebnisdatum: März 2012,Sehr empfehlenswert!,"Das Nationaltheater sollte man nicht nur von außen, sondern auch von innen sehen und Vorstellungen in diesem Theater besuchen, denn das alles ist sehr empfehlenswert. Das Nationaltheater ist außen und innen sehr schön. Es sieht vor allem innen wie ein Kunstmuseum aus und ist sehr reich dekoriert. Die Vorstellungen im Nationaltheater sind alle sehr schön und perfekt inszeniert. Da stimmt zum Glück alles - der Geasng, die Kostüme, die Vorträge und die Bühnenbilder. Man kann beim Besuch der Vorstellungen kurz vor deren Beginn Programmhefte in verschiedenen Sprachen kaufen, so dass jeder den Inhalt der Handlungen verstehen kann.",50,Zwingenberg,Reiseart: allein
Erlebnisdatum: März 2012,Ein prachtvolles Theater,"Das Prager Nationaltheater wurde in der 2. Hälfte des 19. Jahrhundert gegründet. Das Gebäude wurde im Neurenaissance Still gebaut. Am Bau beteiligten sich die besten tschechischen Künstler dieser Zeit. Man kann nur das herrliche Gebäude mit einer Führung besichtigen, oder an einer Vorstellung  teilnehmen. Ich kann vor allem eine Oper oder ein Balett weiterempfehlen.",40,"Prag, Tschechien",
Erlebnisdatum: August 2011,Sehenswert,"Muss man beim Aufenthalt in Prag unbedingt anschauen.Innen sind 2 Luxusrestaurants.Ein Restaurant hat zu bestimmten Zeiten ein preisgünstriges Menü für jedermann.Musik am Klavier mit Gesang, ist wirklich ein Erlebnis.Außenbiergarten.Im Keller ist ein Restaurant ähnlich wie in München das Hofbräuhaus mit Musik und Stimmung und preisgünstiges Essen.",50,"Braunschweig, Deutschland",
Erlebnisdatum: Oktober 2011,"altes und neues Nationaltheater, ein interessanter Gegensatz","Fotografen empfehle ich, abends hierher zu kommen, um die Lichtspiele der goldenen Prager Abendsonne auf den Dächern und Fassaden der beiden Theater  festhalten zu können. Auch ein extremes Weitwinkelobjektiv ist zu empfehlen, um beide Theater nebeneinander abbilden zu können. Hier sieht man, was sich in den letzten beiden Jahrhunderten architektonisch in Prag getan hat. Auffallend für mich ist, dass die Dachform des neuen Theaters die des alten auf witzige Weise zitiert.",50,"Wien, Österreich",
Erlebnisdatum: Mai 2011,Tolle Beleuchtung,"Das Nationaltheater ist ein sehr schickes und interessantes Gebäude direkt an der Moldau, zentral in Prag gelegen. Bei einem Stadtspaziergang kann man es eigentlich gar nicht verpassen. Meiner Meinung nach lohnt sich besonders in den Abendstunden oder in der Nacht ein Blick, da die Beleuchtung wirklich sehenswert ist.",50,Berlin,
Erlebnisdatum: Mai 2011,Insbesondere nachts sehr sehenswert,"Das Nationaltheater befindet sich direkt am östlichen Ende der Brücke der Legionen („most legií“) und ist mit den Straßenbahn-Linien 6, 9, 17, 18, 21, 22 sowie mit der Linie 91 (auf der historische Fahrzeuge eingesetzt werden) erreichbar. Von der Altstadt aus erreicht man das Nationaltheater auch in gut 10 bis 15 Minuten zu Fuß. Da sich das Nationaltheater quasi direkt an der Uferpromenade befindet, wird man als Tourist bei einem Streifzug entlang der Moldau hier zwangsläufig vorbeikommen.Den besten Blick auf den gesamten Gebäudekomplex, der insbesondere nachts golden beleuchtet wird und deshalb sehr sehenswert ist, hat man von der Insel „Střelecký ostrov“, welche man über Treppenstufen von der Mitte der zuvor erwähnten Brücke erreicht.",50,Elsdorf,
Erlebnisdatum: Januar 2011,Wow,"Wir haben uns eine Vorstellung der Laterna Magika angeschaut. Es war eine Compilation aus vielen voran gegangenen Vorstellungen und äußerst gelungen. Die gebotene Vorstellung hat voll überzeugt. Das Theater selbst hat tollen 70er Charme, die Karten sind für ein Nationaltheater in guter Kategorie günstig (25 EUR p.P). Selbst samstags kann man an der Abendkasse noch Karten bekommen (im Winter).",50,Bayern,
Erlebnisdatum: Oktober 2019,erstaunlich die Architektur,"Von außen sieht das Gebäude wirklich toll aus. schönes Design, Architektur und sehr groß. Ich hatte nicht die Chance hineinzugehen.",40,"Kuala Lumpur, Malaysia",
Erlebnisdatum: Februar 2020,Schlechteste Plätze im Haus und schlechter Service,"Wir buchten ein paar Logenplätze auf dem 9-Sekunden-Balkon, um das Ballett zu sehen. Die Plätze waren schrecklich, weder ich noch meine Frau konnten mehr als die Hälfte der Bühne sehen, ich saß auf Platz 4 und konnte 1/8 der Bühne sehen und trotzdem kosteten die Tickets 40 +. Die Website sagte nichts über die eingeschränkten / verdeckten Aussicht. Ich fragte dann nett, ob wir in der Pause zu einem der ungefähr 20 Plätze wechseln könnten, die an anderer Stelle auf billigeren Plätzen frei waren, und sie sagten nein, das ist nicht möglich! Sehr arm und ruiniert unseren Abend. Prozess im Sinne des Kundenservice.",10,"Prag, Tschechien",Reiseart: als Paar
Erlebnisdatum: August 2019,Architektur zum Sterben und eine schöne Erfahrung,"Ich bin immer noch beeindruckt von den wunderschönen Formteilen, großen Treppen und Gemälden an der Decke des Amphitheaters. In dieser Nacht sah ich eine erstaunliche Interpretation von La Boh und trank in der Lounge.Voller Geschichte, sauberes und freundliches Personal. Gut gemacht! Ich empfehle wirklich, die Prager Kunstszene zu unterstützen und ein paar Shows zu besuchen!",50,,Reiseart: mit der Familie
Erlebnisdatum: Januar 2020,Kultur,"Wenn Sie eine Show sehen können, tun Sie dies im Grunde genommen nur, um den Fuß in die Tür zu bekommen und das Innere des Nationaltheaters zu sehen und die Atmosphäre zu erleben.",50,"Zürich, Schweiz",Reiseart: mit Freunden
Erlebnisdatum: Januar 2020,"Sehen Sie eine Aufführung, um dieses Wahrzeichen Prags vollständig zu erleben - genossen Sie die ursprüngliche Adaption der Turandot-Oper","Das Nationaltheater außerhalb der Architektur spricht für sich und Einheimische oder Touristen, die jeder kennt und an diesem Gebäude vorbeigeht. Es wäre schade, vor der Tür zu stehen, und selbst wenn Sie ein Tourist sind, können Sie sich eine Aufführung ansehen, da es sich nicht nur um Theater handelt, sondern auch um eine Oper oder ein Ballett. Einfacher Online-Ticketkauf möglich.Selbst wenn Sie als Tourist keine elegante Kleidung tragen, müssen Sie nur wenige vernünftige Regeln einhalten. Ich hatte so ein unangenehmes Erlebnis mit zwei jungen Touristinnen, die nach verspätetem Auftritt lautstark ihre Winterjacken und andere Sachen auf den Boden geworfen und später fast auf den Rücken gelegt haben - wenn jemand den Boden mit seinen Sachen sauber macht und dann legt es auf den stuhl wo jemand später am abend kommen wird und nicht die erfahrung die ich will. . . Das Theaterpersonal sollte hier strenger sein und es gibt mehrere Garderoben, in denen Sie nicht einmal bezahlen müssen - wenn Sie der Dame, die sich darum kümmert, etwas ab 1 Euro überlassen.Das Innere des Theaters ist natürlich im Geiste der alten Schule dekoriert - je besser, desto besser. Nehmen Sie sich also Zeit vor der Vorstellung oder in den Pausen, um die verschiedenen Stockwerke zu überprüfen.Das Sitzen ist sehr gut, da die Sichtbarkeit von fast jedem Ort aus gut ist. Wenn die Sicht eingeschränkt ist (aufgrund von Säulen), sind diese Stellen im Plan deutlich gekennzeichnet. Zählen Sie nur, je höher der Rücken, den Sie gewählt haben, desto größer der Abstand zum Podium . Sie können ein Ticket in der oberen Galerie für umgerechnet 15 Euro bekommen und trotzdem die Leistung gut sehen. Ferngläser zum Mieten sind ebenfalls erhältlich.In den Pausen sind die Barbereiche etwas überfüllt. Wenn Sie also ein Glas Champagner etwas früher genießen möchten und dies vor dem Auftritt tun, tun dies viele Einheimische.Es gibt immer eine Übersetzung der Aufführung auf einer oberen Leinwand in Tschechisch und Englisch - ich persönlich finde sie praktisch, aber störend - wenn Sie sich für ein Ballett oder eine Oper entscheiden, würde ich sie einfach ignorieren und das visuelle und akustische Lebenserlebnis genießen.",50,"Prag, Tschechien",
Erlebnisdatum: Januar 2020,Das echte Prag bei Nacht,"Wir wollten „The bartered Bride“ von Smetana in der Originalsprache hören und waren überrascht von der hervorragenden Leistung und dem sehr guten Ballett.Wir haben die Tickets im Voraus gekauft und an der Abendkasse abgeholtDa wir die Musik auswendig kennen, war der Text nicht so wichtig, und es war ein wenig schwer, ihn auf dem Overhead-Display zu lesen.Besonders bezaubernd war der Rückweg zu unserem Hotel auf der Kleinen Seite über die Karlsbrücke mit der Beleuchtung des Schlosses und den fast leeren StraßenWir möchten diesen wunderschönen Anblick nicht verpassen und können ihn jedem Besucher nur empfehlen.Prag ist eine sichere Stadt.",50,"Princess Anne, Maryland",Reiseart: als Paar
Erlebnisdatum: Juni 2019,"Ich kann nur empfehlen, eine Show an diesem Ort zu sehen",Sehr empfehlenswert. Wunderschönes Gebäude. Ich ging in die Oper Macbeth. Die Preise sind so gut in einem so schönen Ort.,50,"Mosman, Australien",
Erlebnisdatum: Dezember 2019,Ein schrecklicher Abend in Prag,"Wir nehmen ein Ticket für das Nussknacker-Weihnachtsballett! Es war schrecklich! Kein Ballett, aber Travestie ohne Kultur. Nichts sieht aus wie Nussknacker von Chaikovsky. ! ! ! !",10,"Moskau, Russland",
Erlebnisdatum: Dezember 2019,Absolut atemberaubend!,"Wenn Sie in Prag sind, sollten Sie unbedingt ins Theater gehen! Du musst sowas mal gesehen haben. Es gibt keinen schlechten Platz im Theater. Ich habe meine Tickets ziemlich spät gekauft und konnte nur auf dem 2. Balkon Tickets bekommen. Die Sicht war fantastisch. Dies ist der perfekte Ort, um eine Aufführung zu sehen. Es wird ein unvergessliches Erlebnis.",50,"Boston, Massachusetts",
Erlebnisdatum: Dezember 2019,Großartig,"Das Nationaltheater ist ein großartiges Stück Architektur. Der große Eingang ist einladend. Das Theater ist wunderschön und die Akustik ist perfekt. Ein wunderbarer Ort, um Oper, Ballett und Musik zu genießen.",50,"Saratoga Springs, New York",
Erlebnisdatum: Dezember 2019,Majestica Fortissimo,"Buchen Sie rechtzeitig, um Enttäuschungen zu vermeiden. Kunstgenuss im schönsten Saal aller Zeiten. * Iooks bei Zac of Discover Prague Tours #iwillbeback bacause #missedit",50,"Dubai, Vereinigte Arabische Emirate",Reiseart: allein
Erlebnisdatum: Dezember 2019,Show Switcheroo,"Sie kauften online Tickets für The Little Prince und stellten bei unserer Ankunft fest, dass die präsentierte Show auf The Garden umgestellt wurde, möglicherweise aufgrund einer Erkrankung des Schauspielers? Dies war eine äußerst kreative, multimedial interpretierende Tanztheaterproduktion. Bequemes Theater, alle Plätze sind gute Plätze.",40,"Colorado Springs, Colorado",Reiseart: allein
Erlebnisdatum: Dezember 2018,Hervorragendes Gebäude für Leistungen,"Meine Frau und ich besuchten während unseres Besuchs in Prag eine Ballettaufführung des Nussknackers, und es war eine großartige Erfahrung, für diese Aufführung in diesem prächtigen Gebäude zu sein. Unsere Plätze befanden sich auf dem oberen Balkon, aber wir konnten von dort aus immer noch eine gute Aussicht genießen, und ich kann mir nicht vorstellen, dass es an diesem Ort zu viele schlechte Plätze gibt. Am Oberlauf wurde es etwas warm, aber es lohnte sich, ein paar Stunden in einer wunderbaren Atmosphäre zu verbringen.",50,"Lundbreck, Kanada",
Erlebnisdatum: Oktober 2019,Besuchen Sie die Terrasse,Genossen unseren Abend im Nationaltheater. Besuchen Sie auf jeden Fall die Terrasse mit herrlichem Blick auf die Karlsbrücke und die Burg.,50,,
Erlebnisdatum: September 2019,Sehenswert sind beide Gebäude,"Das Nationaltheater (Narodni Divadlo) an der Neustadtseite der Legii-Brücke eignet sich am besten für Oper und Ballett. Dieses Theater wurde 1883 mit Smetanas Oper eröffnet und war der erste wirklich tschechische Veranstaltungsort in Prag. Es wurde von Anfang an als ""Wiege der tschechischen Kultur"" bezeichnet. Es bleibt eine wichtige nationale Ikone. Atemberaubendes Gebäude in der Nähe des Flussufers und leicht mit der Straßenbahn Nr. 17 (vom Stadtzentrum) zu erreichen. Oder steigen Sie an der U-Bahn-Station Narodni Trida aus und gehen Sie 10 Minuten. Das Theater ist tagsüber wunderschön und abends beleuchtet, was es noch feierlicher macht.Gleich nebenan (im Landesinneren) befindet sich die kastenförmige Glasfassade des Gebäudes Nova Scena (Neue Szene). Beides ist sehenswert. Auf der anderen Straßenseite des Nationaltheaters befindet sich das ehemalige Zentrum der Prager Intelligenz, das historische Restaurant Kavarna Slavia, ein Wiener Kaffeehaus. Sie können auch die Brücke überqueren und die nahe gelegenen Orte Strelecky Ostrov und Slovansky Ostrov besuchen. Auch wenn Sie nicht vorhaben, an der Aufführung teilzunehmen, sollten Sie sich alle (alle oben beschriebenen Sehenswürdigkeiten) gleichzeitig als Teil Ihrer Sehenswürdigkeiten in Prag ansehen.",50,"Sugar Land, Texas",
