date,title,text,rating,visitor_origin,visit
Erlebnisdatum: November 2019,Spannend,Ist wohl eine Tagesaufgabe alle Exponate zu geniessen. Lohnt sich auf jeden Fall mal ganz in Ruhe einen Tag zu verbringen.,40,Sta. Maria,
Erlebnisdatum: Dezember 2019,Verschlossene Türen obwohl Lt. Internet offen?!,"Hatten es uns extra so gelegt, das wir am Nachmittag des 31.12.19 rein wollten , lt. Internet bis 18 Uhr geöffnet! Standen dann aber mit vielen anderen vor verschlossener Tür, An der Tür ein Zettel mit dem Hinweis das am 31.12.19 geschlossen ist! Schade!",10,,
Erlebnisdatum: Oktober 2019,Auch von außen interessant,Leider ist die Neue Pinakothek bis auf unbestimmte Zeit geschlossen. Dennoch lohnt sich auch ein Spaziergang in das Museum herum ,40,"Herford, Deutschland",
Erlebnisdatum: August 2019,Sehr gelungener Museumsbesuch,"Ich habe mir mit großee Freude die Ausstellungen angesehen und fast eiben galben Tag dort verbracht. Toller Aufdioguide mit kurzen prägnanten Erklärungen. Sehr freundĺiches Personal leitet zudem sie Besucherströme so, dass man ungestört alles ansehen kann.",50,,
Erlebnisdatum: Juli 2018,Neue Pinakothek,"Aj keď ma sem prilákali hlavne Van Goghove Slnečnice, tunajšia zbierka ma príjemne prekvapila. Celkom príjemné miesto na strávenie hodinky, max dvoch. Odporúčam nedeľný vstup za 1€.  Altough Van Gogh's Sunflowers brought me here, I was pleasantly surprised with the collection. A",40,Slowakei,
Erlebnisdatum: Oktober 2018,19.Jahrhundert,"Zwar interessante Sammlung von Bildern des 19. Jahrhunderts, die jedoch auf Jahre hinaus wegen Renovierungsarbeiten geschlossen ist.",30,"München, Deutschland",
Erlebnisdatum: Mai 2019,Ein toller Tag im Museum,"Die Neue Pinakothek ist immer wieder ein Besuch wert. Tolles Gebäude, super Ausstellungen und nicht zuletzt ein gutgeführtes Museumscafe. ",50,"Köln, Deutschland",
Erlebnisdatum: April 2019,Top Museum in München,"Beeindruckende, grosszügige Architektur und eine tolle Sammlung moderner mit renommierten Künstlern wie Picasso, Dali, deutsche Expressionisten und vieles mehr. Sehr zu empfehlen!",50,"Aarau, Schweiz",
Erlebnisdatum: September 2018,"Eine sehr interessante Kunstsammlung, sehenswert, sehr gut gestaltet.","Sehr gut gestaltete Ausstellung, interessant, sehenswert, ein breites Spektrum künstlerischer Stilrichtungen.",50,"Wien, Österreich",
Erlebnisdatum: Dezember 2018,Schönste Werke des 19. Jahrhunderts,Dieses umfangreiche Gebäude hat eine ebenso umfangreiche Sammlung an Kunstwerken des 19. Jahrhunderts. Leider wurde die Neue Pinakothek  Dezember 2018 für ca. 5-6 Jahre wegen Renovierung geschlossen. Es gibt ein gutes Café und viele Restaurants in der Umgebung. Die Straßenbahn,50,"Passau, Deutschland",
Erlebnisdatum: August 2018,Bis 2025 geschlossen,"Ich zitiere:  ""Die Galerie der Neuen Pinakothek ist aus baulichen Gründen und zur Vorbereitung umfangreicher Sanierungsmaßnahmen für die Öffentlichkeit voraussichtlich bis 2025 geschlossen. Eine Auswahl von Meisterwerken der Kunst des 19. Jahrhunderts wird ab Sommer 2019 im",50,,
Erlebnisdatum: Dezember 2018,Heute ist der letzte Tag vor 6 Jahren Schließung wegen Renovierung,"Dieses schöne Münchner Museum schließt jetzt leider für 6 Jahre wegen Renovierungsarbeiten. Die letzten Tage war der Eintritt frei, weshalb sich entsprechend lange Schlangen am Einlass gebildet haben. ",50,,
Erlebnisdatum: Dezember 2018,Auch für Laien sehr interessant,Ein Muss in München auch wenn man kein Gemälde Liebhaber ist. Es ist eile Geboten die neue Pinakothek wird umgebaut und ist bis 2025 geschlossen. ,50,"Plauen, Deutschland",
Erlebnisdatum: November 2018,kahler Betonbau,"Die ausgestellten Bilder interessant. Der Bau extrem unpersönlich, fast abweisend. Auch der Eingang schlecht beschriftet.",30,"Klosterneuburg, Österreich",
Erlebnisdatum: November 2018,"Eine andere Art Kunstmuseum, als die großen Kunstmuseen.","Vielleicht ist es schade, das ich nicht früher mal in die neue Pinakothek gekommen bin, denn die Pinakothek ist wirklich sehenswert. Natürlich darf man von der Pinakothek nicht etwa Beispielsweise das Statens Museum for Kunst in Kopenhagen erwarten. Es sind nur relativ wenige",40,"Kronberg im Taunus, Deutschland",
Erlebnisdatum: August 2018,Bis 2025 geschlossen,"Ich zitiere:  ""Die Galerie der Neuen Pinakothek ist aus baulichen Gründen und zur Vorbereitung umfangreicher Sanierungsmaßnahmen für die Öffentlichkeit voraussichtlich bis 2025 geschlossen. Eine Auswahl von Meisterwerken der Kunst des 19. Jahrhunderts wird ab Sommer 2019 im Erdgeschoss der Alten Pinakothek (Ostflügel) und in der Sammlung Schack gezeigt.Neue museale Aufgaben ebenso wie erhöhte technische Anforderungen lassen kleinere administrative wie funktionale Anpassungen notwendig werden. Der hohen gesellschaftlichen Bedeutung der Kunstvermittlung ist dabei ebenso Rechnung zu tragen wie der Eingliederung der Außenanlagen in den Masterplan des Kunstareals, um die Neue Pinakothek als Zentrum der Bayerischen Staatsgemäldesammlungen zukunftsfähig zu gestalten.Bernhard Maaz, Generaldirektor der Bayerischen Staatsgemäldesammlungen, erklärte auf der Pressekonferenz: „Ich freue mich, dass die bereits weit gediehenen Planungen in nächster Zukunft finale Konturen annehmen können, denn die wunderbare Strahlkraft der Sammlung kann dann in einigen Jahren in dem zukunftsfähig gemachten Gebäude wieder große Besucherscharen anziehen.“",50,,Reiseart: als Paar
Erlebnisdatum: Dezember 2018,Heute ist der letzte Tag vor 6 Jahren Schließung wegen Renovierung,"Dieses schöne Münchner Museum schließt jetzt leider für 6 Jahre wegen Renovierungsarbeiten. Die letzten Tage war der Eintritt frei, weshalb sich entsprechend lange Schlangen am Einlass gebildet haben.",50,,Reiseart: als Paar
Erlebnisdatum: Dezember 2018,Auch für Laien sehr interessant,Ein Muss in München auch wenn man kein Gemälde Liebhaber ist. Es ist eile Geboten die neue Pinakothek wird umgebaut und ist bis 2025 geschlossen.,50,"Plauen, Deutschland",Reiseart: als Paar
Erlebnisdatum: November 2018,kahler Betonbau,"Die ausgestellten Bilder interessant. Der Bau extrem unpersönlich,fast abweisend. Auch der Eingang schlecht beschriftet.",30,"Klosterneuburg, Österreich",Reiseart: als Paar
Erlebnisdatum: November 2018,"Eine andere Art Kunstmuseum, als die großen Kunstmuseen.","Vielleicht ist es schade, das ich nicht früher mal in die neue Pinakothek gekommen bin, denn die Pinakothek ist wirklich sehenswert. Natürlich darf man von der Pinakothek nicht etwa Beispielsweise das Statens Museum for Kunst in Kopenhagen erwarten. Es sind nur relativ wenige ganz bekannte Bilder vorhanden wie etwa der ""arme Poet"" oder das eine oder andere Bild von Caspar David Friedrich.Das Besondere liegt eigentlich mehr auf einer anderen Ebene. Wo oder wie die Ebene liegt, das muß man für sich selber erfahren. Man sollte auf Kleinigkeiten achten. Mir ist zum Beispiel bei einem Bild ein Riß aufgefallen, der sich nicht kaschieren läßt. So etwas ist natürlich eigentlich eine Katastrophe, wenn das Holz, auf dem ein Bild gemalt wurde, Risse bekommt. Leider läßt sich so etwas schlecht reparieren. Oder in dem einen Raum in dem mehrere richtig große Bilder hängen. Das eine Bild war geschätzte 4x3 Meter groß, ein anderes war noch größer. So etwas kann einem schon einen Schock verpassen.",40,"Kronberg im Taunus, Deutschland",Reiseart: allein
Erlebnisdatum: Oktober 2018,Pflichttermin bei Besuchen in München,"Allein das Gebäude ist eine Wucht! Und erst das, was drinnen gezeigt wird und empfunden werden kann: die großen und namhaften Künstler des 20. Jahrhunderts. Für mich bei jedem Besuch in München ein wonniger Pflichttermin. Mindestens zwei Stunden einplanen!",50,"Baden-Baden, Deutschland",Reiseart: als Paar
Erlebnisdatum: Oktober 2018,Beeindruckende Sammlung,Die Sammlung der Neuen Pinakothek mit dem Schwerpunkt 19. Jahrhundert lohnt auf alle Fälle einen Besuch. In den großzügigen Räumen stehen jeweils auch Sitzgelegenheiten und Ausstellungskataloge zur Verfügung. Leider waren bei unserem Besuch mehrere Säle wegen Ausfalls der Klimatisierung nicht zugänglich. Außerdem müsste das Gebäude (Glaskuppeln!) dringend saniert werden. Wassereimer in den Sälen um durchtropfendes Wasser aufzufangen sind zwar nützlich aber für das Ambiente der Räume unpassend.,40,"Norden, Deutschland",Reiseart: mit Freunden
Erlebnisdatum: September 2018,Eigentlich der Platz vieler Impressionisten,"Der Papierform nach ein Museum von Weltrang. Leider ist aktuell gerade in den Sälen der Impressionisten die Klimatisierung ausgefallen. Hätten wir das vorher gewusst, hätten wir das Museum womöglich nicht besucht. Schade.",30,,Reiseart: als Paar
Erlebnisdatum: August 2018,Einfach ein sehr schönes Museum,"Die Neue Pinakothek ist immer wieder einen Besuch wert. Die Sammlung ist einfach sehr schön. Von außen wirkt das Gebäude gar nicht so groß, aber drinnen finden sich dann etliche Räume mit interessanten Bildern. Und mit dem Audioguide kann man sich dann auch nochmal extra zu den Bildern informieren lassen.",50,"Frankfurt am Main, Deutschland",Reiseart: geschäftlich
Erlebnisdatum: Februar 2018,Ein Wow-Museum!,Die Architektur des Museums ist ein Anziehungspunkt - die Veranstaltungen darin tragen dazu bei. Wer nur durchbummelt ist trotzdem beeindruckt von der Vielfältigkeit der Räume und verschiedenen Ausstellungen bis hin zu riesigen Exponaten. TIPP: sonntags kostet der Eintritt nur 1 Euro.,50,"München, Deutschland",Reiseart: mit Freunden
Erlebnisdatum: Juli 2018,Nur zu empflehen!,"Die Exponate sehenswert, das Ambiente erlebenswert, die verbrachte Zeit sehr gut investiert. Schnell nochmal vorbeigegangen, denn spätestens Ende 2018 startet wohl die Sanierung der Gebäude.",50,"Bolzano (Bozen), Italien",Reiseart: mit der Familie
Erlebnisdatum: Juni 2018,"Tolles Museum, aber grauenhafte Museumsführung, trotz monatelanger Anmeldung und  Bestätigung","Das Museum ist Weltspitze, die uns nach monatelanger Vorbereitung vom Freundeskreis der Pinakothek besorgte englischsprachige Führerin war keine Führerin des Museums, sondern eine per Ausschreibung gewonnene normale Stadtführerin, die auch in Museen führt.Grosse Blamage für ein phantastisches Haus und schade um das Geld, was Sponsoren gespendet haben oder was der Staat investiert.Ein solches Museum sollte eigene Führer haben, die fähig und geeignet sind, eine internationale VIP Gruppe zu führen, vor allem, wenn eine Anfrage monatelang vorher gestellt worden ist und mehrfach bestätigt wurde.Eine Führung für eine 16 köpfige Gruppe aus Geschäftsleuten und Kunstsammlern per Ausschreibung nach Extern an einen Stadtführer zu vergeben, dem gesagt wird, er würde 2 Personen führen und dem Organisator zu bestätigen, es stünde ein Führer des Museums bereit, ist Irreführung, unwürdig und blamable für alle Beteiligten.Die Klee Ausstellung konnten wir trotz vorheriger Bestätigung nicht besuchen, weil sie an dem Tag ausgebucht war. Wenn man beweisen wollte, dass internationale Besucher und Sponsoren, die sich Münchner Museen anschauen wollten, trotz grosszügiger Spende im Vorfeld keinen Anspruch auf besondere Behandlung haben, dann ist das perfekt gelungen.",30,,Reiseart: geschäftlich
Erlebnisdatum: Dezember 2017,Eines meiner Lieblingsmuseen in München,"Was soll ich sagen: Ich liebe dieses Museum. Mir haben es vor allem die Impressionisten angetan, aber man kommt hier generell auf seine Kosten.Da es ein städtisches Museum ist, ist der Eintritt am Sonntag auf einen Euro reduziert. Die Exponate rechtfertigen aber natürlich auch den vollen Eintrittspreis an jedem anderen Tag.",50,"München, Deutschland",Reiseart: als Paar
Erlebnisdatum: Januar 2018,Quadri rari e bellissimi,"Recensione di Domiziana Alibrando, 4E Ling. Liceo Linguistico Rita-Levi-Montalcini, Casarano, LecceNEUE PINAKOTEKNot far from the Alte Pinakotheck, the Neue Pinakotheck houses 19 rooms and 47 rooms with about 3000 paintings and 300 sculptures from the second half of the 18th century to the beginning of the 20th century. Here, too, there are spacious lounges, seats in the centre and qaudri that are well spaced out and lit. The rooms are connected with corridors that offer beautiful lighting effects and perspective with different skylights, but often there are steps between the adjacent rooms that may make the visit not easy for disabled people. Next to all works is the name of the author and the work and the audioguide comments on the remarkable works in an exhaustive and clear way. It is worth visiting this museum for the organization of the environments, the appropriate locations of the masterpieces, the architecture of the complex and the comfortable admiration. The ticket costs 4 euro during the week and 1 euro on Sundays. Nicht weit vom Alten Pinakotheck entfernt, beherbergt das Neue Pinakotheck 19 Räume und 47 Räume mit ca. 3000 Gemälden und 300 Skulpturen aus der zweiten Hälfte des 18. bis zum Beginn des 20. Jahrhunderts. Auch hier gibt es geräumige Lounges, Sitzplätze in der Mitte und Bilder, die gut verteilt und beleuchtet sind. Die Zimmer sind mit Korridoren verbunden, die schöne Lichteffekte und Perspektiven mit verschiedenen Oberlichtern bieten, aber oft gibt es Stufen zwischen den benachbarten Räumen, die den Besuch für Behinderte nicht einfach machen. Neben allen Werken ist der Name des Autors und das Werk und der Audioguide kommentiert die bemerkenswerten Werke ausführlich und übersichtlich. Es lohnt sich, dieses Museum zu besuchen, um die Umgebung, die geeigneten Orte der Meisterwerke, die Architektur des Komplexes und die bequeme Bewunderung zu organisieren. Das Ticket kostet 4 Euro unter der Woche und 1 Euro am Sonntag.",50,,Reiseart: mit Freunden
Erlebnisdatum: März 2018,Kunst des 19. Jahrhunderts:,Vor allem die Kunst des 19. Jahrhunderts wird hier gezeigt; die Malerei. Mit Unter- und Übergriffen um ein paar Jahrzehnte manchmal. Manche finden den Bau etwas bieder; vielleicht; mir gefällt er trotzdem. Ich finde auch die Raumgestaltung und Raumaufteilung im Innern gelungen.,50,"Berlin, Deutschland",Reiseart: geschäftlich
Erlebnisdatum: März 2018,Tolle Exponate,"Sehr gut aufbereitetes Museum. In jedem Saal Sitzgelegenheit mit Museumskatalog mit Infos zu Bildern. Bilder von bedeutendsten Künstlern denke ab 19Jh (ältere wie Rubens, Dürer usw sind i.d. Alten P. zu sehen) Monet, Manet, Klimt. ein Makart, Gauguin, Schiele, Renoir, Bildhauer Rodin, Spitzwegs Armer Poet, Van Goghs Sonnenblumen, usw Sehenswert",50,Katzelsdorf,Reiseart: mit Freunden
Erlebnisdatum: Februar 2018,Schönes Museum im Kunstareal,"Die Neue Pinakothek, gegenüber liegend der Alten ist die Heimat von vielen interessanten Bildern, besonders der aus dem 19. Jhdt. und frühes 20. Jhdt., sehr sehenswert!",40,"Kirchheim bei München, Deutschland",Reiseart: mit der Familie
Erlebnisdatum: Februar 2018,Tolle Sammlung mit kostenlosem Audioguide,"Wir haben das Museum an einem Montag Nachmittag besucht. Es gab einige Besucher, aber nicht unangenehm viele. Die Sammlung umfasst einige sehr berühmte Werke und Künstler. Ein kostenloser Audioguide bietet sehr viel Hintergrundwissen, was ich bei einem Kunstmuseum für sehr wichtig empfinde. Führungen werden ebenfalls angeboten. Man verbringt etwa 2-3 Stunden im Museum. Besonders interessant für Kunst-Studenten, da diese kostenlos hinein kommen!",50,"Leipzig, Deutschland",Reiseart: mit Freunden
Erlebnisdatum: Januar 2018,Sehr feine Sammlung,"Wir wollten ursprünglich nur die Pinakothek der Moderne besuchen, das günstige Tagesticket, mit dem um 12 Euro auch noch drei weitere Museen (Pinakothek der Moderne, Alte Pinakothek, Museum Brandhorst) und die Sammlung Schack besucht werden können, hat uns aber dann auch hierher geführt. Hat sich absolut gelohnt - eine sehr schöne Sammlung europäischer Kunst des späten 18., des 19. und des beginnenden 20. Jahrhunderts.",40,"Innsbruck, Österreich",Reiseart: als Paar
Erlebnisdatum: November 2017,Sehr schöne Gemälde,Für Kunstliebhaber absolut ein Muss. Ein Besuch ist sehr empfehlenswert. Hier sind tolle Kunstwerke von berühmten Künstlern. Beneidenswert wie talentiert diese Künstler sind.,50,"Germering, Deutschland",Reiseart: mit Freunden
Erlebnisdatum: November 2017,Ein phantastisches Museum mit berühmten Gemälden,"In der neuen Pinakothek kann man eine vielzahlt berühmter Gemälde bewundern. Große Namen wie Gustav Klimt, Eduoard Manet, Carl Spitzweg und Vincent van Gogh sind hier vertreten. Van Goghs Sonnenblumen ziehen die Besucher des Hauses ebenso in den Bann wie das Stilleben mit Kommode von Paul Cézanne. Ein Besuch in diesem Hause lohnt sich auf jeden fall.Lassen Sie sich diesen Einblick in die Kunst nicht entgehen wenn Sie in München sind.",50,Merzig,Reiseart: als Paar
Erlebnisdatum: November 2017,Kunst auch für Kinder,"Regenwetter war die Motivation für eine Aktivität in trockener Umgebung.  Mit Kindern im Alter von 4 und 6 Jahren nicht ganz so einfach.  Die Neue Pinakotek war unsere Wahl, da hier eine Führung für die kleinen angeboten wurde.  Die Führung war für die Kinder super und auch die Erwachsenen konnten die Kunst genießen.",40,"Tilst, Dänemark",Reiseart: mit der Familie
Erlebnisdatum: November 2017,Umfassende Gemäldesammlung,Gemäldesammlung Neuzeit bis ca. 1900. Sehenswert. Gar nicht so voll und Preis der auch einen kürzeren Besuch lohnend macht.,40,Bonn,Reiseart: allein
Erlebnisdatum: November 2017,Eine Reise lohnt sich!,"Wir waren schon oft in Muenchen, hatten aber nie die Gelegenheit zu diesem Besuch. Eine ganz besundere Ausstellung. Besonders haben uns die Riesenausstellung der Impressionisten gefallen. Auch das Preisniveau ist guenstig, was uns nach einem Schweizbesuch besonders auffiehl. Die ganz besondere Ueberraschung war der Preis am Sonntag: 1 €!!!",50,Pornic,Reiseart: als Paar
Erlebnisdatum: September 2017,Große Kunst,"Die Neue Pinakothek ist mir das liebste unter den Münchner Museen. Wer die Kunst des 19. Jahrhunderts mag, wird hier immer wieder gerne herkommen, um sich jedesmal in ein anderes Werk zu vertiefen.",50,"München, Deutschland",Reiseart: als Paar
Erlebnisdatum: August 2017,Wirklich lohnenswert,"Jeder Kunstliebhaber sollte die Neue Pinakothek einmal besucht haben. Audioguide ist zu empfehlen. Künstler wie Manet, Monet, Caspar David Friedrich, van Gogh und Klimt sind hier ausgestellt. Es ist beeindruckend die Werke dieser berühmten Künstler aus nächster Nähe zu bewundern. Unbedingt Zeit mitbringen, um die Werke auf sich wirken zu lassen.",50,"Nürnberg, Deutschland",Reiseart: als Paar
Erlebnisdatum: November 2016,Wer Kunst liebt muß da hin,"Ein Besuch der neuen Pinakothek ist sehr zu empfehlen. In der neuen Pinakothek findet man Kunst rund um das 19. Jahrhundert und Meisterwerke von bekannten Künstlern wie van Goch, Monet und Cezanne. Der reguläre Eintrittspreis ist schon sportlich, ein Besuch am Sonntag ist preisreduziert auf 1 €, allerdings sind die Räumlichkeiten dann sehr überlaufen.Zeit mitbringen, die Vielzahl der Gemälde verträgt keine Hetze.",40,"München, Deutschland",Reiseart: mit Freunden
Erlebnisdatum: Juli 2017,Für Kunstliebhaber ein Muss!,"Wer sich für Kunst interessiert kommt an den Pinotheken in München nicht vorbei. Wer mehrere besuchen will, soll dies gleich beim ersten an der Kasse mitteilen, dann wird es billiger.",50,"Ahlen, Deutschland",Reiseart: als Paar
Erlebnisdatum: Juni 2017,Schöne Gemäldesammlung mit Highlights am Ende,"Wir waren vor allem wegen der Expressionisten hier. Diese fanden sich leider nur in geringer Anzahl am Ende des Rundgangs. Wer sich speziell für die Highlights des Museums interessiert, sollte daher seinen Rundgang vom Ende her starten. So stellt man sicher, dass man diese erreicht solange man noch  aufnahmefähig ist.",40,"Tübingen, Deutschland",Reiseart: mit der Familie
Erlebnisdatum: Juni 2017,Tolles Museum,"Der Arne Poet von Carl Spitzweg ist eines der tollen Gemälde, die sich in der Neuen Pinakothek befinden. Auch sonst finden sich sehr viele Highlights wie ein Sonnenblumen Gemälde von van Gogh.",50,"Wien, Österreich",Reiseart: als Paar
Erlebnisdatum: Juni 2017,Große Gemälde aus Klassizismus und Romantik,"Hier sind u.a. große und großartige, aber z.T. nicht mehr überall geschätzte, Gemälde aus Klassizismus und Romantik zu sehen (Nazarener, aber auch Pathetisches aus der ""Historienmalerei"") zu sehen.Sollte man sich nicht entgehen lassen!",50,"Hannover, Deutschland",Reiseart: als Paar
Erlebnisdatum: Mai 2017,Überbewertet,"Ich kann die sehr positiven Bewertungen vieler Besucher nicht teilen. Sie alle erwähnen van Gogh, Monet, Manet und Klimt. Dass es sich dabei um eine kleine Minderheit der ausgestellten Werke handelt, wird nicht erwähnt. Die grosse Mehrheit der Werke ist leider von geringem Interesse. Ja man hat den Eindruck, dass das Museum mehr oder weniger gezwungen ist, zahlreiche Werke von zweit- und drittklassigen Künstlern auszustellen, nur weil die bayerischen Könige diese Werke seinerzeit entweder in Auftrag gegeben haben oder geschenkt bekommen haben. Dies ist natürlich keine Qualitätsgarantie. Wer an moderner Kunst interessiert ist, sollte sich durch den Namen ""Neue Pinakothek"" nicht in die Irre leiten lassen, sondern stattdessen das Lenbachhaus oder die Pinakothek der Moderne besuchen, die ganz in der Nähe liegt.",30,,Reiseart: als Paar
Erlebnisdatum: Mai 2017,Lohnenswert,Unbedingt einen Besuch Wert. Herrliche Gemälde in schöner Hängung. Toll angepasste Wandfarbe. Sehenswerte Monets und van Goghs. Zum ausruhen ist das Café mit dem schönen Garten zu empfehlen,50,"Berlin, Deutschland",Reiseart: mit der Familie
Erlebnisdatum: Mai 2017,Sehenswert,"Ich war seit rund 20 Jahren nicht mehr in der Neuen Pinakothek. Der erneute Besuch hat sich mehr als gelohnt. Das grösste Aha-Erlebnis hatte ich bei Joseph Karl Stielers Goethe Portraits. Selbstverständlich sind die Meisterwerke von Vincent van Gogh, Edouard Manet, Claude Monet, Gustav Klimt, Paul Gaugin oder Edgar Degas immer wieder einen Besuch Wert. Am meisten beeindruckt hat mich die Lichtkraft des Gemäldes von Giovanni Segantini (Das Pflügen).",50,"Unteraegeri, Schweiz",Reiseart: mit Freunden
Erlebnisdatum: Mai 2017,Sehr Schön,"Sehr interessante Bilder. Zum Teil sind die Erklärungen vom Audioguide sehr hilfreich. Etwas erstaunt hat mich, dass fotografieren erlaubt ist. Taschen und Rucksäcke können im Untergeschoß kostenlos abgegeben werden.",50,,Reiseart: als Paar
Erlebnisdatum: Mai 2017,Maler pur,"Im vergangenen Jahr besuchten wir die alte Pinakothek, in diesem die Neue. Habe den Besuch nicht bereut. Herrliche Bilder der verschiedensten Maler wurden gezeigt. Für jeden Kunstliebhaber ein Muss.",50,Koblenz,Reiseart: als Paar
Erlebnisdatum: April 2017,Sehr schön und inspirierend,"Hier war ich sehr überrascht, welche Vielfalt und Verschiedene Künstler in der Ausstellung sind! Durchaus an einem Tag zu schaffen und nicht extrem überlaufen! Mir hat es dort gut gefallen!",50,"München, Deutschland",
Erlebnisdatum: April 2017,Wunderbare Sammlung,"Wir waren an einem verregneten Sonntag in der Neuen Pinakothek und es ist immer wieder wunderbar. Sehr gut erreichbar entweder mit der Buslinie 100, Haltestelle direkt vor dem Museum oder aber mit der U-Bahn bis Königsplatz und von dort zu Fuß in 10 Minuten zu erreichen. Meine Favoriten sind die wunderbaren Gemälde von Vincent van Gogh in Saal 21 und die 4 Gemälde in Saal 5a von Johann Christian Reinhart - Blick von der Villa Malta in Rom. Mindestens 2 Stunden Aufenthalt einplanen.",40,Deutschland,Reiseart: als Paar
Erlebnisdatum: April 2017,Must see,Hier wird Kunst im perfekten Ambiente präsentiert. Selbst für unsere Kinder im Alter von 11 Jahren war es ein tolles Erlebnis. Für mich persönlich war der Schwerpunkt Impressionismus an Sehenswertesten.,50,"Bochum, Deutschland",
Erlebnisdatum: Oktober 2016,Ein Muss,"Für den Münchenbesucher ein Muss, tolle Architektur, die auch einen Bogen zu den Austellungen spannt, sehr schöne Exponate und immer wieder auch sehr umstrittene Kunst ( Hape Kerkeling würde ""Hurz"" sagen ), aber da gehört es auch hin",50,Deutschland,Reiseart: mit der Familie
Erlebnisdatum: April 2017,"Bilder, die fast einen ganzen Tag fesseln","Die äußere Gestalt des Baues läßt innen auch ""moderne Hängtechnik"" erwarten. Man wird aber sehr logisch an den gut gehängten und für Gleitsicht-Brillen-Trägern gut angebrachte Beschriftungen durch die Ausstellung geführt. In jedem Saal liegt ein Handbuch aus, in dem man sich genau über die dort ausgestellten Bilter und Plastiken informieren kann.",50,"Celle, Deutschland",Reiseart: mit der Familie
Erlebnisdatum: April 2017,Bildende Kunst des 19. Jahrunderts in perfektem Ambience präsentiert.,"München hat sehr viel an Kunst zu bieten, aber die NEUE PINAKOTHEK ist - zumindest für einen Liebhaber des 19. Jahrhunderts - einfach überwältigend. Alte und Neue Pinakothek und Pinakothek der Moderne lassen sich - gute Kondition vorausgesetzt - in einem Tag schaffen. Ich persönliche werde für das nächste Mal einen ganzen Tag mit entsprechend langer Mittagspause nur für die Neue Pinakothek einplanen..",50,"Appenzell, Schweiz",Reiseart: mit Freunden
Erlebnisdatum: März 2017,Beinahe ein Muss für Einheimische und Gäste,"Ich besuche jedes Monat ein Museum mit einer Gruppenführung. Derzeit waren und sind wir öfter in der Neuen Pinakothek unterwegs. Unsere Führerin nimmt immer ein bestimmtes Thema oder eine Epoche als Anlass für die Führung. Und ich muss sagen, ich bin von einem zum anderen mal mehr begeistert. Wie vielfältig dieses Museum gestaltet ist und wie viele Kunststile dort ausgestellt werden, ist einzigartig. Die vorherige Bemerkung mit ""Ganz nett"" ist m.E. nach eine Frechheit. Mag das auch daran liegen, dass die Dame wenige Künstler kennt? Ich freue mich schon auf den nächsten Besuch.",50,München,Reiseart: mit Freunden
Erlebnisdatum: Februar 2017,Hochwetige Sammlung von Impessionisten,"Interessante Architektur mit großzügigen Raumgefühl. Die Sammlung der Impressionisten umfasst alles was Rang und Namen hat, zB die Sonnenblumen von Vincent van Gogh",40,"Neustadt in Holstein, Deutschland",Reiseart: allein
Erlebnisdatum: März 2017,Lohnender Besuch,"Sehenswerte Sammlung von im hinteren Teil der Sammlung, vor allem der Impressionisten. Der Museumsbau wirkt doch sehr zeitgebunden mit seinen postmodernen Spielereien.",40,"Athen, Griechenland",Reiseart: allein
Erlebnisdatum: Februar 2017,Ganz nett,"Für 1 Euro Eintritt (Sonntags) durchaus sehenswert, allerdings nicht allzuviele wirklich berühmte Gemälde. Von den Meistern jeweiligs Gogh, Klimt, Manet, Caspar David Friedrich, Cezanne und Monet insgesamt nicht viele Exponate.",30,Europa,Reiseart: als Paar
Erlebnisdatum: Februar 2017,Es lohnt sich,"Es ist immer schön, wenn in einer Kunstsammlung nicht nur internationale grosse Namen ausgestellt werden, sondern auch immer wieder einheimische Schaffer ihren Platz haben.",40,"St. Gallen, Schweiz",Reiseart: mit der Familie
Erlebnisdatum: Februar 2017,Viele moderne Klassiker,"Sehr viele Klassiker aus den letzten Jahrhunderten, die man einfach kennen und live gesehen haben muss. Sehr gute Führung, sehr gut organisiert. Hier sollte man sich viel Zeit und Ruhe nehmen, um die Exponate auf sich wirken zu lassen. Idealerweise zu Rand-Uhrzeiten kommen.",40,"Freiburg, Deutschland",Reiseart: allein
Erlebnisdatum: Februar 2017,Klassische Moderne,"Vielleicht sind die Design Ausstellungen überhaupt das schönste in diesem Museum. Design wird sonst ja eher in Kunstgewerbemuseen gezeigt. Hier wird es in einem großem Umfang und auch in phantasievoller Weise gezeigt. Es gibt viel zur Bauhausgeschichte. Was sich auch in den Ausstellungen der Bilder zeigt, wo Paul Klee gut vertreten ist. Weiter natürlich auch Dix, Max Ernst, René Magritte usw.",40,"Berlin, Deutschland",Reiseart: als Paar
Erlebnisdatum: Dezember 2016,Drei Farben schwarz,"Die beworbene Ausstellung (in der Ausstellung im Saal 12) ""Drei Farben schwarz"" hat uns arg enttäuscht. Die ""Gegenüberstellungen"" von Bildern mit hohem ""Schwarzanteil"" erscheint vielfach an den Haaren herbei gezogen. In der regulären Ausstellung selbst gibt es eine Reihe von Bildern, die sich deutlich besser (Ausnahme Winterhalter) als die gezeigten für den Beleg der These eignen, dass ""schwarz nicht gleich schwarz ist"". Beispiele? Gern: Kersting ""JungeFrau"", Menzel ""Wohnzimmer"", Böcklin ""Wellen"", alle Bilder von Goya, von Max ""Anatom"". Auch die Erläuterungen lesen sich - sorry - geschwätzig. Die Idee ist bereichernd und schäft den Blick, die Umsetzung dagegen bleibt zu sehr an der Oberfläche. Schade!",30,,Reiseart: als Paar
Erlebnisdatum: Dezember 2016,Auch am Montag geöffnet,Entgegen der Praxis der Museen ist diese Pinakothek auch am Montag geöffnet. Dem Besucher bietet sich eine beeindruckende Zahl von Gemälden des 18ten und 19ten Jahrhunderts. Die Nutzung des angebotenen Audioguides ist empfehlenswert!,40,"Wuppertal, Deutschland",
Erlebnisdatum: Dezember 2016,Wichtigste Klassiker in traditionellen Räumen,Zentral gelegenes Museum der Spitzenklasse. Alle Klassiker überschaubar ausgestellt inklusive Monets Seerosen...,50,Aarau,Reiseart: als Paar
Erlebnisdatum: Dezember 2016,Interessante Ausstellungen,"In der Pinakothek der Moderne gibt es viele verschiedene Ausstellungen und Richtungen. Hier trifft Modernes auf Altes. Schräges auf Normales.....Wer München besucht und an Kunst interessiert ist, sollte sich diese Pinakothek anschauen",40,,Reiseart: mit der Familie
Erlebnisdatum: November 2016,Gute 20 Räume mit interessanten Bildern,"Die neue Pinakothek mit ihren ca. 25 Räumen ist für einen sehr humanen Eintrittspreis von €7,-- zu besichtigen. Kunstwerke von ca. 1700 - 1930 werden hier ausgetsellt, darunter auch einige van Goghs und Monets. 2-3 Stunden sollte man für den Besuch circa einplanen.",40,"Bad Reichenhall, Deutschland",Reiseart: als Paar
Erlebnisdatum: November 2016,"Faszinierende Architektur, kombiniert mit einem mitreissenden Kunstangebot",Schon die Eingangshalle ist beeindruckend und vom Ausstellungsrundgang sieht man öfters Teile davon aus einer ganz anderen Perspektive. Das langsame Hinaufsteigen über verschiedene Säle und Zeiten und das wiederum langsame hinuntersteigen in die Neuzeit lässt uns immer wieder staunen über die komplexe Innenarchitektur und die faszinierenden Ausstellungsobjekte von hohem künstlerischen Wert. Schliesslich ist auch das Restaurantangebot und der Museumsshop einen Besuch wert.,50,"Zürich, Schweiz",Reiseart: als Paar
Erlebnisdatum: Juni 2016,Imbiss und Getränke,"Man kann den Duirst stillen, im Sommer kann man draußen sitzen.Drinnen Saalathmosphäre. IMPOSANTE ARCHITEKTUR",30,,Reiseart: geschäftlich
Erlebnisdatum: Oktober 2016,Ein Muss für die Muse,"Sehr empfehlenswert- nimmt euch Zeit, sonst wird es eine Hetze.Man sollte schon sich Zeit nehmen um Aufzunehmen und zu schauen.Tolle Räumlichkeiten - wenn Wetter nicht so passt - dann hierher!!",50,"Steinfeld, Deutschland",Reiseart: mit Freunden
Erlebnisdatum: Oktober 2016,angenehm übersichtlich,"spannendes Gebäude, übersichtliche Räume. Man kann die Ausstellung auch ""von hinten"" aufrollen. Perfektes Licht, nicht überladen. Herrlicher Blick durch die Fenster auf den Park und die Wasserlandschaft.",50,"Zürich, Schweiz",Reiseart: als Paar
Erlebnisdatum: November 2015,Kunstgenuss,Ich genoss es sehr und konnte viele Stunden genießend verweilenEine gute Ergänzung zur alten Pinakothek,50,"München, Deutschland",Reiseart: allein
Erlebnisdatum: August 2016,Sehr schöne Sammlung - gerade mit Kindern,"Die Neue Pinakothek eignet sich sehr schön für einen Besuch mit Kindern, die Kunst aufgeschlossen sind. Dabei kann man sich aus der Sammlung gezielt einige sehr schöne Exponate ansehen. Unter der Woche ist es meistens nicht ganz so voll, so dass man auch etwas Ruhe zum Betrachten hat.",50,"Frankfurt am Main, Deutschland",Reiseart: mit der Familie
Erlebnisdatum: September 2016,Schöne Sammlung ,"Die neue Pinakothek beherbergt Werke des 19. und Anfang des 20. Jahrhunderts. Besonders schön sind die französischen Impressionisten. Sonntags kostet der Eintritt lediglich 1 Euro und man kann am selben Tag auch die Alte Pinakothek besichtigen, ebenfalls für 1 Euro. Für Kunstinteressierte sind diese beiden Museen Pflichtprogramm.",50,"Obertshausen, Deutschland",Reiseart: als Paar
Erlebnisdatum: August 2016,Ein beeindruckendes Museum,"Von außen wirkt die Neue Pinakothek wie ein Zweckbau der 70er und 80er Jahre. Innen zeigt sie Ihre wahre Schönheit. Beeindruckende Bilder, die in großen Räumen voll zur Geltung kommen. Jeder findet seien Raum, seine Epoche, seine/n Maler/in.",50,"Köln, Deutschland",Reiseart: als Paar
Erlebnisdatum: Juli 2016,Solide Architektur für schöne Kunst,"Es regnete in Strömen als wir kurz vor Öffnung vor der noch verschlossenen neuen Pinakothek standen. Es gibt kein Vordach, doch ein freundlicher Torhüter hatte ein Einsehen und ließ uns nicht im Regen stehen. Wunderbare Bilder, ein ausgeklügelter Rundgang mit Durchsichten auf einzelne Werke, farblich sehr schön gestaltete Räume. Höhepunkt ist der Rottmann Saal mit Gemälden die so frisch, modern und unprätentiös präsentiert werden, dass einem die Luft wegbleibt.",50,"Marburg, Deutschland",Reiseart: mit der Familie
Erlebnisdatum: Juli 2016,Gross und geräumig allerdings..,"Moderned Design, Schmuck im unterirdischen Bunker eine Luft zum Würgen.ich war froh, wieder draussen zu sein.Gut, die im obersten Stock sich zeigende Muranoglas Ausstellung weckte mich etwas - allerdings ist es da zuoberst in dieser sog. Rotonde recht stickig.",30,,Reiseart: als Paar
Erlebnisdatum: Mai 2016,Große Sammlung der Kunst des 19. Jahrhunderts; relativ günstige Eintrittspreise vor allem Sonntags,"Die Neue Pinakothek zeigt im Wesentlichen die Kunst des 19. Jahrhunderts. Zu sehen sind vor allem deutsche, französische und englische Künstler: Carl Spitzweg, Adolph von Menzel, Max Liebermann, Caspar David Friedrich, Claude Monat, Edouard Manet, Gustav Klimt, Henri de Toulouse-Lautrec, Paul Cezanne, William Turner, Vincent Van Gogh und sehr viele andere. Ein Muß für Kunstliebhaber!Auch einige sehenswerte Skulpturen sind in der Sammlung.Der Eintrittspreis von 7 Euro ist relativ günstig, Sonntags ist es mit 1 Euro unschlagbar günstig. Für Kinder ist der Eintritt sogar gratis.",40,Paderborn,Reiseart: geschäftlich
Erlebnisdatum: Juni 2016,Ganz große Enttäuschung!,"Die Architektur des Hauses ist grundsätzlich interessant, aber doch schon deutlich in die Jahre gekommen. Abstoßende Sanitärräume, defekte Schließfächer, insgesamt eher ungepflegt. Unter den Exponaten finden sich zwar immer wieder mal ganz gefällige Bilder, zumeist handelt es sich aber um fade Massenware des vorletzten Jahrhunderts. Was einen Besuch dieses Museums endgültig zum Alptraum werden läßt, ist das Personal. Unverschämte, selbstherrliche Aufseher und desinteressierte Mitarbeiter im Shop sind kein Aushängeschild für ein Haus dieses Ranges!",10,Österreich,Reiseart: als Paar
Erlebnisdatum: Juni 2016,=.> Aufgrund der Exponate ein Muss!,Von allen Museen in der Maxvorstadt sollte die Neue Pinakothek - nicht aufgrund ihrer Architektur - aber aufgrund ihrer hervorragenden Sammlung der Exponate  - für alle Touristen zum Pflichtprogramm gehören.,50,"Fuchshofen, Deutschland",Reiseart: mit der Familie
Erlebnisdatum: Juni 2016,Viel zu sehen,Das Museum ist eine wundervolle Art seine Zeit zu verbringen sehr interessante hochkarätige Bildern Sonderausstellung für jeden etwas dabei. Auch die Klassiker sind zu sehen. Ich kann es nur empfehlen.,50,"München, Deutschland",Reiseart: als Paar
Erlebnisdatum: Mai 2016,unbedingt ansehen,Dieses Museum ist archtektonisch und künstlerisch sehr zu empfehlen; nützlich ist ein Kombiticket für alle Häuser.,50,"Wilnsdorf, Deutschland",Reiseart: mit Freunden
Erlebnisdatum: Juli 2015,Es kommt auf die Aussetllung an,"Aber für Kunstliebhaber und Münchenbesucher ein Muss. Nicht nur die Ausstellungen sind hier sehenswert, auch die Architektur ist spannend. Freilich ist der Besuch zu Zeiten des Oktoberfestes zu vermeiden.",40,"Insel Usedom, Deutschland",
Erlebnisdatum: Mai 2016,interessante ansprechende Ausstellung,Vor allem die Werke des Pointillismus und Impressionismus haben beeindruckt und sind in Erinnerung geblieben.,50,"Karlsruhe, Deutschland",Reiseart: als Paar
Erlebnisdatum: April 2016,Ausstellung und Architektur sind großartig,"Die Ausstellung ist sehr sehenswert. Nur schade, dass so wenig Spitzweg-Bilder ausgestellt sind. Ich hatte mehr erwartet. Insgesamt kann sich das Haus sehen lassen. Ganz großartig ist die Architektur von Braunfels.Das Museum zeigt durchwegs gegenständliche Kunst. Man braucht dann keine Affen als Juroren zur Betrachtung der Bilder, wie sie Gabriel von Max so schön gmalt hat.",50,"München, Deutschland",Reiseart: mit Freunden
Erlebnisdatum: Mai 2016,Modernes Museum mit klassichen Werken,Insgesamt ist die neue Pinakothek ein sehr umfangreiches Museum. Man kann gut 2 Stunden durch die Ausstellung gehen. Leider liegt der Schwerpunkt auf Werken um 1750 und es gibt nur eine kleine Auswahl an Impressionisten und Expressionisten. Insgesamt gut machbar an einem verregneten Tag - allerdings vom Umfang und auch vom Angebot geführter Touren nicht vergleichbar mit anderen Kunstmuseen.,30,,Reiseart: mit der Familie
Erlebnisdatum: Februar 2016,Geniale Sammlung ,"Anfang des Jahren waren wir dort. Vor allem die Seerosen von Monet und die Malerfürsten haben uns begeistert. Ein ""Must see "".",50,"Neckartenzlingen, Deutschland",Reiseart: mit der Familie
Erlebnisdatum: Januar 2016,Sinnvolle Ergänzung zum Besuch der Alten Pinakothek,"Da sich die Neue Pinakothek quasi gegenüber der Alten Pinakothek befindet, ist ein Besuch wunderbar kombinierbar. Viele sehenswerte Exponate. Am Sonntag kostet der Eintritt nur 1 €, empfehlenswert bei Schmuddelwetter.",50,"München, Deutschland",
Erlebnisdatum: September 2015,Interessante Architektur und Ausstellung,Im Rahmen eines Firmen Events dort hin eingeladen. Interessante Architektur und Ausstellung. Auch für Event eine gute Kulisse.,40,Deutschland,Reiseart: geschäftlich
Erlebnisdatum: Dezember 2015,Geniale Sammlung,"Für Designfreunde ein absolutes muss. Gerade von Bauhaus,Art Deco bis heute eine tolle Zeitreise. Auch das Gebäude IST atemberaubend. Immer wieder sonntags;-)",50,"Augsburg, Deutschland",Reiseart: als Paar
Erlebnisdatum: Dezember 2015,Für uns eines der Highlights Münchens,"Wem die alten Meister in der Alten Pinakothek gefühlt zu weit weg und die Exponate der Pinakothek der Moderne überwiegend gefühlt zu na ja sind, der ist in der Neuen Pinakothek bestens aufgehoben.Meine Frau und ich sind schon mehrfach dort gewesen und finden immer wieder etwas Neues oder erfreuen uns am bereits Gesehenen. Unser persönlicher Favorit ist Böcklins ""im Spiel der Wellen"", toll auch die Werke vom Anfang des 20. Jahrhunderts (u.a. Hodler, Klimt, Schiele). Die Palette erstreckt sich in etwa von 1800 bis ins 20. Jahrhundert mit sehr vielen verschiedenen Stilrichtungen. Der Zeitraum ist klug gewählt, wir jedenfalls haben einen engen Bezug zu den Werken aus dieser Zeit.",50,"Oberkirch, Deutschland",Reiseart: als Paar
Erlebnisdatum: Dezember 2015,Spitzweg,"Endlich könnten wir das Origalbild des ""Denkers"" sehen  und die Metrik erkennen .Faszinierend waren auch die Bilder aus dem Impressionismus. Davon hätten es noch mehr sein können.",50,"Leipzig, Deutschland",Reiseart: als Paar
Erlebnisdatum: November 2015,Kunstgenuss,Immer wieder einen Besuch wert - vor allem die Architekturgalerie ist mein Favorit und zeigt sehr interessante Ausstellungen.,50,"München, Deutschland",
Erlebnisdatum: Oktober 2015,Großartige Kunst,"Ein Muss für Kunstfreunde. Die neue Pinakothek schafft es, ""alte Kunst"" in einem modern wirkenden Haus perfekt zu präsentieren. Sehenswerte Sammlung (spätes 18. bis frühes 20. Jhd.) europäischer Kunst. Highlights für uns waren die Werke der deutschen Impressionisten.",50,Lippstadt,Reiseart: als Paar
Erlebnisdatum: August 2015,Bei jedem München-Besuch für mich Pflicht,"Die Sammlung der Malerei des ausgehenden 18. und des 19. Jhdrts enhält eine Vielzahl von Meisterwerken, insbesondere der deutschen Romantik (Deutsch-Römer, Nazarener) und des deutschen und französischen Impressionismus. Wenn man diesen Werken gerecht werden will, sollte man sich jeweils nur wenige Gemälde für eine intensive Beschäftigung vornehmen.Die Bau hat hohen Restaurierungsbedarf, womöglich wird für die Zeit der Restaurierung geschlossen. Also sollte man dieses und",50,"Friedrichshafen, Deutschland",Reiseart: als Paar
Erlebnisdatum: April 2015,Wunderschöne Sammlung,"Gauguin, Van Gogh, Cézanne, Monet, Manet, .... eine ganze Reihe von Impressionisten ist in der Sammlung der Neuen Pinakothek vertreten. Darüber hinaus finden dort auch Sonderausstellungen statt. Das Gebäude ist besonders gut gelungen und bringt die Schönheit der Ausstellungsstücke sehr gut zur Geltung. Das Museum ist mit dem Tram gut erreichbar und befindet sich neben der Alten Pinakothek und fast gegenüber der Pinakothek der Moderne.",50,"Olching, Deutschland",Reiseart: geschäftlich
Erlebnisdatum: April 2015,interessante Fortführung der alten Pinakothek,"interessante Fortführung der alten Pinakothek, sozusagen die Fortsetzung in die Moderne Kunst, interessant die Bilder griechischer Landschaften, die extra für die neue Pinakothek geschaffen wurden. Sollte man mal gesehen haben.",30,"Neumarkt in der Oberpfalz, Deutschland",Reiseart: mit der Familie
Erlebnisdatum: Juni 2015,Immer einen Besuch wert!,Selbst nach mehrmaligen Besuchen im Vorfeld ein Erlebnis. Sehr großzügige Ausstellung mit interessanten Werken,50,"München, Deutschland",Reiseart: mit Freunden
Erlebnisdatum: Februar 2015,Immer wieder schön,"Umfangreiche beachtenswerte Sammlung, es empfiehlt sich ein Kombiticket mit der Pinakotek der Moderne, dann ist man einen Tag beschäftigt",40,"San Diego, Kalifornien",
Erlebnisdatum: Februar 2015,Moderne Kunst und die zeitgenössische Entwicklung,"Die Pinakothek ist für Interessierte der modernen Kunst auf jeden Fall ein Besuch wert. Besonders schön find ich die wechselnden Ausstellungen in ein paar Bereichen und die Möglichkeit das Museum am Sonntag für 1 Euro zu besuchen. Somit kann sich Kunst jeder leisten. Wer auch mal ein besonderes Geschenk braucht, der kleine Shop bietet ausgefallene Karten und schöne Designsachen.",50,,Reiseart: mit Freunden
Erlebnisdatum: April 2015,Neue Pina --> Bestes Kunstmuseum Münchens,"Eine sehr eindrucksvolle Sammlung an Werken aus dem 19. Jahrhundert, durch die man chronologisch durchgeführt wird. Alleine die Bilder von van Gogh und Gauguin sind schon den Eintritt wert. Am Sonntag kostet der Eintritt lediglich 1 Euro, also den Besuch, wenn möglich, unbedingt für diesen Tag aufheben. Das Restaurant ist zudem wirklich empfehlenswert (sehr guter Quiche, herausragende Kuchen, überdurchschnittlich guter Cappuccino).",50,,Reiseart: mit der Familie
Erlebnisdatum: Dezember 2014,wow,ein der besten museen in deutschland. unbedingt bei einem münchentrip einplanen und einen tag dafür einplanen,50,hamburg,Reiseart: als Paar
Erlebnisdatum: Februar 2015,"Tolle Sammlung, gutes Gebäude, faire Preise","Kultur und Kosten vertragen sich eigentlich nicht... Daher gleich am Anfang ein Tipp: Sonntags kostet der Eintritt für Erwachsene nur 1 €! Kinder und Jugendliche sind frei! Es ist zwar unfein, über Eintrittspreise zu sprechen bei Kunstfreaks, aber viell überlegt sich dann auch mal jemand herzukommen, den sonst die Preise, die eigentlich sonst auch nicht hoch sind, abschrecken.Die Sammlung ist gut und spärlich beschildert. Die Hängung ist luftig, das Licht gut und durch die unterschiedlichen Ebenen, kommt einem das Museum eher kleiner vor. Der Rundgang ist in knapp zwei Stunden gut zu bewältigen, auch wenn man einzelene Bilder etwas länger betrachten möchte.Die Toiletten sind leider genauso alt wie das Museum (ca. 30-40 Jahre). Hier sollte man den musealen Charakter dringend ändern!",50,"Bratislava, Slowakei",Reiseart: mit der Familie
Erlebnisdatum: Februar 2015,Unbedingt besuchen,"Tolle Architektur, sehr ansprechendes Ambiente, man bleibt gerne etwas länger, sehr moderne Kunst und teilweise erst nach längerer Betrachtung verständlich oder auch nicht, wir gehen immer wieder gerne hin",50,"Kiefersfelden, Deutschland",Reiseart: mit Freunden
Erlebnisdatum: Februar 2015,Unbedingt besuchen - beeindruckendes Museum!,Sehr beeindruckende Ausstellung - die Sonnenblumen von Van Gogh und der arme Poet von Spitzweg haben mich in den Bann gezogen.,50,"Klagenfurt, Kärnten, Austria",Reiseart: als Paar
Erlebnisdatum: Oktober 2014,Wo war das Gemälde?,"Tolle Sammlung, wunderschönes Gebäude(innen), super Anordnung (das Zurechtfinden fällt einem sehr leicht) abermal darf man mit der Tasche hinein das nächste Mal ist die Selbige zu groß,eine Einlassdame sprach kein deutsch und verstand auch keines,Bilder die sogar auf der Homepage gezeigt werden hängen nicht in der Pinakothek (sehr schade, wenn man wegen diesen Werken gekommen ist)",30,Aschersleben,Reiseart: mit Freunden
Erlebnisdatum: Februar 2014,"Tolle Architektur, Tolle Sammlung",Das Museum besticht durch eine tolle Architektur und einer herausragenden Sammlung. Mir gefallen vor allem die Impressionisten am besten,50,"Bayern, Deutschland",Reiseart: allein
Erlebnisdatum: Juli 2014,Man kann es essen,"Der Service war so la la. Die Speiseauswahl eher klein, aber essbar. Man sitzt ganz nett bei schönem Wetter auch draußen am Brunnen. Offene Weine zu vertretbaren Preisen. Wenn man hinter- oder vorher in die Neue Pinakothek will, kann man es versuchen.",30,"Köln, Deutschland",Reiseart: als Paar
Erlebnisdatum: April 2014,Schön von innen und außen,"Ich mag schon dasa Gebäude, undich mag es, rund um die Pinakothek zu verweilen und zu lesen. Aber natürlich auch reinzugehen ;). Für Studenten supergünstig.Und ein toller Ausgleich zum abschalten und Geist baumeln lassen!",50,"München, Deutschland",Reiseart: als Paar
Erlebnisdatum: Oktober 2013,Erstaunlich und überraschend,"Wie schnell die Zeit vergeht. Hier findet man eine Zeitreise durch das eigene Leben und erinnert sich an vieles neu.Zeit nehmen, reinschauen und über sich selbst grinsen.",50,"Aschaffenburg, Deutschland",Reiseart: geschäftlich
Erlebnisdatum: Juli 2014,Umgangsformen,"Die Art und Weise wie das Personal bei Einlass und im Shop kommuniziert war stossend, nicht mehr nur unhöflich, sondern schon unverschämt.",10,"Balzers, Liechtenstein",Reiseart: mit der Familie
Erlebnisdatum: Juni 2014,Immer wieder toll,"Ein Muss für jeden, der zeitgenössische Kunst mag. Vor allem die Fotografien sind super! Aber auch die Architektur des Museums allein ist schon einen Besuch wert, und wenn man noch schnell an einem Sonntag ein cooles Geschenk braucht, im Museumshop gibt es davon zu Hauf.",50,"München, Deutschland",Reiseart: mit der Familie
Erlebnisdatum: Juni 2014,Ein top Museum,"Das Museum zeigt bedeutende Bilder, u.a. von Monet, Manet und Cézanne.Von der Qualität der Bilder muss es keinen Vergleich mit den anderen bedeutenden Kunstmuseen der Welt scheuen.Gut waren auch die Audioguides, welche hilfreiche Informationen lieferten.",50,,Reiseart: mit der Familie
Erlebnisdatum: Februar 2014,"grossartig, eindrücklich, umfassend","das haus ist beeindruckend, die sammlung ebenso. besonders spannend ist die provenience-forschung, die dargestellt wird. leider war die sammlung gerade im umbau, den picasso konnte ich nur aus der entfernung sehen. eine abgestellte picasso-figur auf einem transportwägelchen sieht man aber auch nicht alle tage, das war schon skurril. das personal ist freundlich, liebenswürdig, wenn auch nicht sachkundig in den ausstellungsräumen. die anordnung der bilder war nicht ganz nachvollziehbar, mancher neue bezug hat sich aber hergestellt. grossartige max-beckmann-sammlung, absolut sehenswert.",50,"Wien, Österreich",Reiseart: allein
Erlebnisdatum: März 2013,Die erweiterte SAMMLUNG LUDWIG I. - Kunst des 19. Jahrhunderts,"...in einem postmodernen Bau erleben! Leider musste der Vorgängerbau von Gärtner aus dem 19. Jh. wegen Kriegsschäden abgerissen werden. Wir finden hier alle Facetten des 19. Jh., auch Impressionisten, Symbolisten, die Jugendstil-Kunst, den Klassizismus, die"" bürgerliche"" Kunst des Biedermeier, Frühromantik und die ""Nazarener"": eine Bildwelt, die sich dem Auge erschließt, deren spannende Hintergründe aber ein Audioguide erschließen kann!",50,"Umkirch, Deutschland",Reiseart: geschäftlich
Erlebnisdatum: August 2013,Tolle Ausstellung,"Wenngleich sich mein Eindruck in ca. 1 1/2 Stunden fachkundiger Führung gebildet hat, so ist die derzeitige Ausstellung eine tolle thematische Kombination von Bildern/Exponaten der alten und neuen Pinakothek.",40,"München, Deutschland",Reiseart: geschäftlich
Erlebnisdatum: Mai 2013,Ein Stiefkind in dem Museumsareal,"Das Museum ist etwas im Abseits der Pflichtmuseen, allerdings zu Unrecht. Die Gemälde und Skulpturen vom Ende des 19. bis Mitte des 20. Jh. sind von allerhöchster Qualität und alle Namen der Künstler von van Gogh,Monet, Manet,  CD Friedrich, Böcklin, Canova und alle die in dieser Zeit Rang und Namen haben sind vertreten. Die Säle sind hell und es gibt Tafeln mit Erklärungen der Epochen und Schulen. Das Cafe im Haus ist zu empfehlen.",40,"München, Deutschland",Reiseart: allein
Erlebnisdatum: Juli 2013,Momentan kombiniert mit der modernen Pinakotek,"Durch die Kombination mit der modernen Pinakotek, kriegt man zwei Museen in einem. Dadurch wird die Ausstellung abwechslungsreicher und der Begriff neu passt dann auch.",30,Hanau,Reiseart: mit der Familie
Erlebnisdatum: Juni 2013,NICHT zu empfehlen ...,"während des Rundgangs in der aktuellen Ausstellung fragte ich mich immer verwunderter: Was soll der Quatsch !  Da wird eine Einführung die Malerei der Gegenwart angekündigt und tatsächlich  führt  der schier endlose Weg vorbei an romantische Massenware, in die  sich ab und zu völlig unmotiviert ein einzelnes Bild aus dem 20. Jahrhundert verirrte.  Am Ende dann  zwei Räume mit dem was die Aufmachung versprach, Brückemaler, Beckmann, etwas Nolde, ein Gaugin und drei van Gogh.  Wir fühlten und total veralbert.",10,"Achern, Deutschland",Reiseart: als Paar
Erlebnisdatum: Mai 2013,Ausstellung Blickwechsel,"Da die Pinakothek der Moderne zur Zeit geschlossen ist, hängen einige der Gemälde jetzt in der Neuen Pinakothek. Und man hat die Gelegenheit genutzt, den Aufbruch der Moderne in der Malerei durch geschickte Hängung sichtbar zu machen.Hat mir sehr gut gefallen!Überhaupt hat mir der Bau mit seinen Rampen und Durchsichten auch sehr gut gefallen.Gerne wieder bei Gelegenheit.",40,"Leipzig, Deutschland",Reiseart: mit Freunden
Erlebnisdatum: April 2013,Gute Austellung schlechter Service im Restaurant,"Hallo zusammen, auf Grund des Services kann ich euch das Restaurant in der neuen Pinakotek nicht empfehlen. Dort wird man mit keinem lächeln empfangen, und wenn man alleine in Cafe sitzt möchte wird gebeten zeitnah den platz zu räumen. Ich was in vielen Gaststätten in München zu Gast, jedoch zeigt sich die Servicewüste ganz deutlich. Es wird kein Wert auf Gastfreundschaft gelegt, da die Kunden im zweifel nicht mehr wieder kommen. Ich als münchner Mitbürger werde sicherlich zu diesen gehören.Viele GrüßeRed",20,"München, Deutschland",Reiseart: allein
Erlebnisdatum: Mai 2012,Vergleich,"Wenn man von der alten Pinakothek direkt in die Neue geht, dann gleicht das einem Absturz den man nicht in Worte fassen kann. Manche Künstler der Neu-Zeit sind zwar sehr schön an zu schauen, mehr aber leider auch nicht. Der Aufbau ist auch leicht chaotisch. Kein Konzept und völlig Überbewertet, aber trotzdem Kunst.",10,"Frankfurt am Main, Deutschland",Reiseart: als Paar
,Ein lockerer Spaziergang,"Gemäldegalerien neigen oft dazu, nach dem 5. Saal zu ermüden. Nicht diese. Dass Ambiente versprüht den Charme der Architektur einer vergangenen Epoche. Das hat hier aber den Effekt, dass nicht von dem eigentliche Gegenstand ablenkt.",40,"Rostock, Deutschland",
Erlebnisdatum: Februar 2013,Schöne Kunst für die ganze Familie,"Die ""Neue Pinakothek"" im Münchner Museumsviertel zeigt Malerei und etwas bildende Kunst des 19. Jhdts. Das Gebäude von 1976 ähnelt einer Betonburg, aber es ist ein schöner Bau und er bringt die Bilder gut zur Wirkung. Auch Kinder fühlen sich dort wohl. Der Schwerpunkt liegt auf deutscher Malerei, aber auch andere Länder sind mit bedeutenden Künstlern vertreten (Goya, Manet, van Gough und andere). Trotzdem es sich um bedeutende Kunstwerke handelt, haben sie natürlich nicht den Rang wie die Bilder der benachbarten Alten Pinakothek. Zum Museum gehören auch ein gut sortierter Museumsladen und ein Cafe mit gutem Kuchen. Sonntags kostet der Eintritt nur 1€.",40,"Regensburg, Deutschland",Reiseart: mit der Familie
Erlebnisdatum: Januar 2013,Kultur in München,Schönes Alternativprogramm in der Pinakothek.Tolle Kunstwerke von bekannten Künstlern.Hat uns gut gefallen.,50,"Altenkirchen, Deutschland",Reiseart: geschäftlich
Erlebnisdatum: Juli 2012,Für Kunstinteressierte,Es gibt unterschiedliche Ausstellungen und einige Gegenstände sind schon mal einen besuch wert. Allerdings kann sich das alles auch etwas in die Länge ziehen.,30,"Munich, Bayern, Germany",Reiseart: mit Freunden
Erlebnisdatum: September 2012,2-3 Stunden abwechlungsreiche neue Kunst,"War mit meiner Familie mit Kindern 10 und 13 dort. Wir hatten einen sehr unterhaltsamen morgen. Die geliehenen Infotainments waren günstig und haben uns allen die Welt der Kunst und die Exponate in der Pinakothek näher gebracht. Wir waren sonntags da und mussten nicht mal Eintritt bezahlen. Super Angebot, so bringt man auch Jugendlichen Kunst näher.",40,"Villingen-Schwenningen, Deutschland",Reiseart: mit der Familie
Erlebnisdatum: November 2012,Gutes Restaurant  frische Fische (Wildfang!),"Sehr gute Qualität und sehr guter Service von Hr. Frank mit seinen Kollegen. Sehr wichtig ist für Herrn Hunzinger, dass seine frischen Fische vom Wildfang sind und nicht Aquakultur. Wir waren begeistert und es schmeckte köstlich. Auch unsere Freunde waren alle sehr zufrieden.  Danke an das Hunzinger-Team!- Sehr empfehlenswert -",40,"München, Deutschland",Reiseart: mit Freunden
Erlebnisdatum: September 2012,Wo sind die Impressionisten?,"Wir waren etwas enttäuscht, dass viele Bilder so dunkel waren und hatten mehr Impressionisten erwartet.",30,"Allensbach, Deutschland",Reiseart: mit Freunden
Erlebnisdatum: August 2012,Moderne Kunst,"Immer interessante Ausstellungen in architektonisch ansprechendem Museum, zum Verweilen. Museumsshop mit vielen interessanten Büchern.",50,"Zürich, Schweiz",Reiseart: mit Freunden
Erlebnisdatum: Februar 2012,Ein Muß in München,Die Neue Pinakothek in der Barerstraße ist eines der führenden Kunstmuseen der Welt - ein Muß! Sie ist das erste Museum für zeitgenössische Kunst in München und gibt einen sehr guten Überblick über die verschiedenen Epochen der europäischen Kunst. Ein empfehlenswerter Besuch während eines Münchenausenthaltes.,50,"Weimar, Deutschland",Reiseart: mit Freunden
Erlebnisdatum: Februar 2012,Eine der vielen Perlen in der Münchner Museenlandschaft,Die neue Pinakothek muß nicht das erste Ziel einer Museumstour sein. Aber auslassen wäre sträflich.,40,"Bad Homburg, Deutschland",
Erlebnisdatum: Mai 2012,Beeindruckend,"Die neue Pinakothekt sollte ebenso wie die alte Pinakothek eine Station eines längeren München-Besuchs sein, selbst wenn man kein ausgesprochener Kunst-Kenner ist. Hier befinden sich ebenfalls viele Gemälde und Skulpturen von vielen namenhaften Künstlern. Um nicht komplett den Überblick zu verlieren ist es empfehlenswert, sich einer Führung anzuschließen. So bekommt man auch noch mal einen ganz anderen Einblick in die Materie.",40,"Bochum, Deutschland",Reiseart: mit Freunden
Erlebnisdatum: April 2012,Einfach schön!,"Das Gebäude, gut konzipiert und ansprechend; der empfohlene Rundgang  umfassend und relativ wenig anstrengend. Die Werke gut sichtbar beschriftet, die Impressionisten  erstaunlich reichhaltig, die deutsche Romantik perfekt vertreten und präsentiert. Punkto Öffnungszeiten: eines der wenigen Museen auf der Welt(!!), das am Montag geöffnet hat, ein Lichtblick für Touristen, die an diesem Tag sonst fast überall auf ""Geschlossen"" treffen.",50,"Wien, Österreich",Reiseart: mit Freunden
Erlebnisdatum: Februar 2012,ganz nett,"Für mich als eigentlich nicht-kunstinteressierten Besucher war das Museum sicher nicht so beeindruckend wie für manch anderen. Allerdings kann man auch als Laie gut zwei stunden dort umhergehen. Die alte Pinakothek und die der moderne haben mir zwar besser gefallen, aber es gab in der neuen dafür schöne sonderausstellungen. Man konnte von dort aus auch an Projekten im haus der kunst teilnehmen und mehr über die techniken erfahren sowie selbst Kunst probieren :) auch für kinder gab es ein schönes programm.",40,KN,Reiseart: mit Freunden
Erlebnisdatum: März 2012,Die Großen der Malerei des 19. Jh.,"Hier kann man die Entwicklung der Malerei des 19. Jh. gut nachverfolgen. Von der klassischen Akademiemalerei zu den damaligen Jungen Wilden des Impressionismus. Oberbelichtete, klar gegliederte und nicht übervoll behängte Säle erlauben einen angenehmen Aufenthalt. Besonders sehenswert: Caspar-David Friedrich, Monet und Van Gogh.",40,Berlin,
Erlebnisdatum: März 2012,Ein beeindruckendes Museum,München ist eine wunderbare Stadt mit vielen hervorragenden Museen. Aber am Montag haben nur das Haus der Kunst und die Neue Pinakothek geöffnet. Das ist aber kein Nachteil. Die Neue Pinakothek ist ein riesiger interessanter Bau aus den 1980-er Jahren. Er erinnert mich in einigen Teilen etwas (!) im Inneren (!) an das Jüdische Museum in Berlin. Jedenfalls eine absolut beeindruckende Präsentation von einer umwerfenden Vielfalt an Kunstwerken des 19. Jahrhunderts.,50,"Niederndodeleben, Deutschland",
Erlebnisdatum: November 2011,ein Muss für Kunstfreaks,"als Pendant zur Alten Pinakothek von Ludwig I. in der Mitte des vorigen Jahrhunderts gegründet; in Europa das erste große Museum für zeitgenössische Kunst, das öffentlich zugänglich war. In den 22 Ausstellungssälen, die auf verschiedenen Ebenen liegen, sind etwa 550 Gemälde und 50 Plastiken aus der Zeit zwischen Rokoko und Jugendstil zu sehen; im Mittelpunkt steht jedoch die europäische Kunsts des 19. Jahrhunderts;",40,"München, Deutschland",
Erlebnisdatum: März 2012,Kinder und Jugendliche unerwünscht!!!,"Vielleicht sollte die Pinakothek direkt den Zugang für Kinder/ Kinderwagen und auch Jugendliche verbieten, denn die sauren Mienen und das in dieser Form noch nie erlebte unfreundliche Verhalten der (meisten) Mitarbeiter hätten mein Mann und ich uns gerne erspart (und damit auch die 20 € Eintritt!). Permanent wurden wir von Museumswärtern misstrauisch beäugt und verfolgt. An einem Punkt wurden wir sogar äußerst aggressiv angeblafft und uns wurde der Zugang zu einem Ausstellungsraum verweigert (und zwar als wir es wagten, unseren einjährigen Sohn kurz aus dem Kinderwagen zu nehmen und auf dem Arm zu tragen!) Auf zivilisierte Umgangsformen oder gar ein freundliches Auftreten ihrer Mitarbeiter legt die Pinakothek anscheinend keinen Wert. Leider haben diese äußeren Umstände den Museumsbesuch doch stark beeinträchtigt. Man hatte nicht das Gefühl, einen Hort der Kunst, sondern eine autoritäre Lehranstalt zu besuchen, bei dem das noch so kleinste (auch nur potenzielle) Fehlverhalten gemaßregelt wird. Ein äußerst seltsamer Ansatz für ein Haus, das so stolz darauf ist, Künstler auszustellen, die für ihren unangepassten Lebensstil bekannt waren.",20,"München, Deutschland",
Erlebnisdatum: Juli 2011,Wohl mehr was für Kunstfans,"achdem das alte Gebäude im Zweiten Weltkrieg zerstört wurde, entstand erst 1981 ein neuer Museumsbau. Die Direktoren der Pinakothek erweiterten die Sammlung beständig, so dass heute Gemälde aller wichtigen Epochen vom späten 18. Jahrhundert bis zum Beginn des 20. Jahrhunderts im Besitz des Museums sind.",40,"Essen, Deutschland",
Erlebnisdatum: Januar 2012,Sammlung von Weltrang mir regionalem Bezug,"Die Neue Pinakothek in Müchen ist ein ""must have seen"" für alle Kunstinteressierten in München. Eine Sammlung, die sich vor weiteren berühmten Sammlungen in anderen Städten keineswegs zu verstecken braucht. Die Sammlung ist auch für Personen geeignet, die über keinen großen Kunstsachverstand verfügen - es reicht wenn man an den Werken gefallen findet und sich dann einfach treiben lässt.",50,münchen,
Erlebnisdatum: Dezember 2011,Große Meister,"Die Neue Pinakothek liegt im ""Museumsviertel""Maxvorstadt in München nicht allzuweit vom Zentrum. Wenn man einigermaßen gut zu Fuß ist und das Wetter spielt mit, kann man ruhig einen schönen Spaziergang machen. In der Neuen Pinakothek werden die Bilder von Malern des 19. Jahrhunderts präsentiert. Eins der berühmtesten dürften die Sonnenblumen von Vincent van Gogh sein. Dieses Bild hat nicht umsonst seinen herausragenden Ruf. Die Sonnenblumen leuchten, als wären die Farben erst vor kurzem getrocknet. Einfach schön! Weiterhin gibt es Bilder Von Caspar David Friedrich, Cezanne, Manet, Monet usw usw. Man kann den reichen Schatz gar nicht aufzählen. Einfach hingehen und selbst anschauen. Ich weiß nicht, ob es immer so ist, an dem Sonntag im Dezember, als ich dort war, kostete der Eintritt überraschenderweise nur 1 Euro.",50,"Berlin, Deutschland",
Erlebnisdatum: Dezember 2011,Besser als die Tate,"Bis zur Neusortierung ihrer Sammlung war die Tate in London mein Favorit für 19. und frühes 20. Jahrhundert. aber die Nuee Pinakothek hat ihr den Rang abeglaufen. Eine Fülle echter Meisterwerke, gut gehängt zu einem sehr fairen Preis, wenn man sich für das Kombiticket entschließt. Wie auch in der Alten Pinakothek gute Audioguides!",50,"Marburg, Deutschland",
Erlebnisdatum: Juni 2011,echt sehenswert,"Die neue Pinakothek, in unmittelbarer Nähe zu den anderen Pinakotheken gelegen, ist eine Besuch wert. Von außen noch recht unscheinbar und nicht wirklich beindruckend, im Inneren jedoch schon architektonisch sehr sehenswert. Gleiches gilt mindestens in gleicher Weise für die ausgestellten Exponate. Man sollte sich ausreichend Zeit nehmen, um die verschiedenen Themengebiete zu erkunden.",40,München,
Erlebnisdatum: März 2011,für mich ein Muss,"Wenn man mehr als ein Wochenende in München verbringt und etwas kunstinteressiert ist muss man einfach die Neue Pinakothek besuchen. Die alte Pinakothek und die Pinakothek der Moderne sind zwar auch empfehlenswert, wenn man sich entscheiden muss empfehele ich eindeutig die Neue Pinakothek. In der permanenten Austellund findet man viel Abwechslung so beginnt man mit dem Klassizismus und endet im Expressionismus. In keiner Austellung in München kann man so schön die Entwicklung der Maerei über die Zeit nachverfolgen",50,münchen,
Erlebnisdatum: November 2011,"Van Goghs ""Sonnenblumen""","Neue Pinakothek ist nicht ein sehr großes Museum, aber es hat eine umfassende Sammlung aus dem 19. und frühen 20. Jahrhundert westeuropäischer Kunst. Wenn Sie ein Fan von Van Gogh sind, ist diese Galerie einen Besuch wert: Es gibt ein paar wunderbare Gemälde von Van Gogh, darunter die berühmten ""Sonnenblumen"". Der reguläre Eintritt beträgt 7 Euro, aber wenn Sie am Sonntag kommen, ist der Eintritt nur 1 Euro. Alle großen Taschen in der Garderobe überlassen werden muss, so bringen Sie etwas Kleingeld für die Schließfächer.",50,St Petersburg,Reiseart: allein
Erlebnisdatum: August 2011,Museum aller wichtigen Epochen 18.-20. Jhd.,"Die Neue Pinakothek wurde 1853 unter König Ludwig I. eröffnet. Damals wurde darin die Privatsammlung zeitgenössischer europäischer Gemälde des Monarchen der Öffentlichkeit präsentiert. Nachdem das alte Gebäude im Zweiten Weltkrieg zerstört wurde, entstand erst 1981 ein neuer Museumsbau. Die Sammlung wurde beständig erweitert, so dass heute Gemälde aller wichtigen Epochen vom späten 18. Jahrhundert bis zum Beginn des 20. Jahrhunderts im Besitz des Museums sind.",40,München,
Erlebnisdatum: September 2011,Sonntag 1 €,"Am allen Sonntages kann man die Pinakothek der moderne für nur einen Euro besuchen. Tolle Gemähldesammlung, sehr sehenswert. Da ich nicht der Kunstexperte schlecht hin bin, wende ich mich immer gerne an das kompetente und sehr freundliche Personal. Man kann auch Führungen buchen. Mit der Straßenbahn erreicht man die Pinakothek sehr gut.",50,"München, Deutschland",
Erlebnisdatum: November 2011,Ein architektonisches Highlight in München,"Der Postmoderne Bau der Neuen Pinakothek befindet sich im Zentrum der Maxvorstadt, dem Museumsviertel. Der Postmoderne Bau der 1981 fertig gestellt wurde beherbergt klassiche Kunst bis zum Beginn des 20. Jahrhunderts. Große Meister wie Monet, van Gogh oder Spitzweg sind hier ausgestellt. Generell ist die Sammlung umfangreich und bietet vor allem viele Gemälde, britischer und französischer Künstler. Besonders aber die Architektur ist bewundernswert. Die Kunsträume sind klassische Ausstellungsräume in den unterschiedlichsten Farben um unterschiedlichste Stimmungen beim Museumsgänger zu Erzeugen. Die Eingangshalle, das Untergeschoss sowie die Verbindungsgänge stehen allerdings im besonderen Kontrast zu den Ausstellungsräumen was die Architektur meiner Meinung nach sehr spannend macht. Wir waren am Museumssonntag zu Besuch und mussten nur einen Euro Eintritt zahlen. Das war dieses Erlebnis allemal wert,",50,München,
Erlebnisdatum: Oktober 2011,Die Gemählde sind sehenswert,"Die Gemähldesammlung ist sehr sehenswert. Das Personal kompetent und sehr freundlich und hilfsbereit. Wenn keine Führung gebucht wird, macht das nichts, da gute Erläuterungen die Ausstellung begleiten. Schade, dass nur wenig Parkplätze zur Verfügung stehen.Die Straßenbahn hält aber ganz in der Nähe der Pinakothek.",50,"Hamburg, Deutschland",
Erlebnisdatum: Juli 2010,Herrliche Werke großer Meister,"Neunzehnten Jahrhunderts war wahrscheinlich die interessanteste Periode in der Geschichte der Malerei. Es ist dieser Zeitraum ist in der Neuen Pinakothek präsentiert. Ich war von diesem Museum begeistert, zum Beispiel vergleichbar Orsay in Paris. Herrliche Werke großer Meister. Für alle Fälle eine positive Organisation des Museums. Neben es ist ein freundlicher Ort für Familien mit kleinen Kindern.",50,"Warschau, Polen",
Erlebnisdatum: Dezember 2010,Beeindruckende Gemäldesammlung,"Die Neue Pinakothek liegt gegenüber der alten Pinakothek und ist mit Bus 100 und Tram 27 gut zu erreichen. Sonntags kostet der Eintritt nur 1 Euro, wodurch es aber etwas voller ist. Der Rundgang ist beschildert, teilweise aber etwas verwirrend mit Parallelgängen und Sackgassen. Die Gemälde sind aus dem 18. und 19. Jahrhundert und sehr beeindruckend. Es gibt auch viele Gemälde von Münchner Malern. Man kann einen ganzen Tag in der Neuen Pinakothek verbringen, aber ich finde, dass man mehr als zwei Stunden am Stück kaum aufnahmefähig ist.  An die Pinakothek angeschlossen ist ein kleines Restaurant.",50,"München, Deutschland",
,viele viele Gemälde,"Die neue Pinakothek ist sehr groß und bietet Gemälde von vielen, namenhaften Malern, wie Van Gogh, Gauguin oder Renoir. Generell sind hier europäische Kunstwerke des 19. Jahrhunderts tu betrachten. Sehr zu empfehlen sind die Audiotouren. Die neue Pinakothek befindet sich neben der alten Pinakothek und ist der UBahn, Haltestelle Theresienstraße, zu erreichen. Malerei ist Geschmackssache. Ich bin kein großer Fan von Gemälden aber hier sind wirklich schöne Schätze dabei.",30,"München, Deutschland",
