date,title,text,rating,visitor_origin,visit
Erlebnisdatum: August 2019,wunderschöner toll angelegter Park,"der Olympiapark ist die grüne Lunge von München. In der Olmpiahalle finden tolle Konzerte statt. Sehenswert ist das Olympiastadion, ein architektonisches Highlight.",50,"Berlin, Deutschland",
Erlebnisdatum: Juni 2020,Immer wieder schön,Wunderbar angelegte Anlagen im Zentrum von München. Einfach einmal vorbei kommen und sich selbst davon überzeugen. ,50,"Bayern, Deutschland",
Erlebnisdatum: April 2020,Joggen am Olympiapark,"Zu Zeiten des Coronavirus und den Ausgangsbeschränkungen ist joggen zum Glück noch erlaubt. Und so fing der Tag auch meistens bei mir an,früh ausgehen zum Olympiapark joggen die Sonne beim aufsteigen betrachten und wieder zurück ins Home Office!",50,"Hohenschwangau, Deutschland",
Erlebnisdatum: März 2020,Ausblick lohnt sich bei gutem Wetter,Wir waren nur auf der Durchreise und wollten bei bestem Sonnenwetter einmal die Füße vertreten. Sind auf den Olympiaberg. Aussicht ist der Hammer! München mit den Alpen im Hintergrund. Super.,50,"Bad Segeberg, Deutschland",
Erlebnisdatum: Februar 2020,Perfekt für einen Spaziergang ,Der Olympiapark ist ein sehr guter Ort für einen Spaziergang im Grünen mit der tollen Kulisse aus den Gebäude der Münchner Olympiade. Das weltberühmte Olympiastadion und die architektonisch interessante Schwimmhalle sowie der weithin sichtbare Fernsehturm bieten sehr schöne,50,"Moosinning, Deutschland",
Erlebnisdatum: Oktober 2019,Spaziergang in der Sonne,"Einen schönen Spaziergang in der Herbstsonne, vorbei an der Allianzarena und durch die wunderschöne Herbstlandschaft bis zu einer Minikirche (die leider geschlossen hatte), haben wir sehr genossen. Wir können es für alle Naturfreunde sehr empfehlen.",30,"Hamburg, Deutschland",
Erlebnisdatum: Februar 2020,Bald 50 Jahre alt,Sehr schöner und architektonisch außergewöhnlicher Park mit einem kleinen Berg. Und falls schönes Wetter: Unbedingt auf den Fernsehturm fahren!,40,,
Erlebnisdatum: September 2019,In die Jahre gekommen,...aber Kult. Mal bei einem Spaziergang erkunden oder ein Konzert besuchen. Mittlerweile könnte eine Renovierung neues Leben für die Zukunft einhauchen. Sehr schön.,40,Sta. Maria,
Erlebnisdatum: Februar 2020,Spitzen Konzerte... ,Für mich gehören Konzerte im Olympiapark immer zu den Highlights des Jahres. Schon das Ankommen in dieser Architektur macht schon seit Jahrzehnten viel Freude... ,50,"Bad Reichenhall, Deutschland",
Erlebnisdatum: Februar 2020,Erinnerung an Olympia 1972,"Der Olympiapark war seinerzeit ein architektonisches Meisterwerk und das kann man immer noch spüren, wenn man hier spazieren geht oder Veranstaltungen besucht. Eine Sehenswürdigkeit. Lohnt sich auf jeden Fall.",50,Nürnberg ,
Erlebnisdatum: Januar 2020,Schöner park,"Sehr schöner Park, wo man gut spazieren kann. Waren auf dem Turm man hat eine super Aussicht über München.",50,"München, Deutschland",
Erlebnisdatum: Januar 2020,Tolle Tour durch den Olympiapark ,"Wir haben den Olympiapark anlässlich unseres München-Besuchs besichtigt.  Uns gefiel besonders die Olympia-Schwimmhalle, die eine tolle Architektur wie die anderen Einrichtungen im Park hat und zudem ein normales öffentliches Schwimmbad ist.  Außerdem beeindruckte uns sehr das",40,"Würzburg, Deutschland",
Erlebnisdatum: Januar 2020,Schöner Park zum spazieren,"Der Olympiapark ist wirklich ein toller Ort, wo man schön spazieren gehen kann. Im Sommer ist etwas mehr dort geboten. Aber im Winter ist es auch sehr schön. Nur zum empfehlen.",50,"München, Deutschland",
Erlebnisdatum: Dezember 2019,Gut bei jedem Wetter,"Einfach eine gute Umgebung, um sich etwas die Füsse zu vertreten. Da alle Wege befestigt sind, geht das auch perfekt bei schlechtem Wetter",40,"Maienfeld, Schweiz",
Erlebnisdatum: Oktober 2019,Traumaussicht um  Münschen bis zu den Alpen,"Ein Muss für Besucher die die 1,5 Millionenstadt im Überblick von eine Höhe von über 180m Höhe genießen wollen. Der Hochfahrpreis von derzeit € 7,-- wird mit Traumausblicken bis zu den Alpen belohnt. Nicht übersehen darrf man die sehr guten Orientierungsbeschreibungen. ",50,"Linz, Österreich",
Erlebnisdatum: Januar 2020,Schöner park,"Sehr schöner Park, wo man gut spazieren kann. Waren auf dem Turm man hat eine super Aussicht über München.",50,"München, Deutschland",
Erlebnisdatum: Januar 2020,Tolle Tour durch den Olympiapark ,"Wir haben den Olympiapark anlässlich unseres München-Besuchs besichtigt.Uns gefiel besonders die Olympia-Schwimmhalle, die eine tolle Architektur wie die anderen Einrichtungen im Park hat und zudem ein normales öffentliches Schwimmbad ist.Außerdem beeindruckte uns sehr das Olympiastadion, das wir mit der Stadion-Tour besichtigen konnten. Unser Guide war kompetent und sehr freundlich. Er konnte die gestellten Fragen problemlos beantworten. Die Architektur und die Idee des Stadions sowie der Anlage an sich ist auch heute noch faszinierend.Der Park ist auf jeden Fall einen Besuch wert.",40,"Würzburg, Deutschland",Reiseart: mit der Familie
Erlebnisdatum: Januar 2020,Schöner Park zum spazieren,"Der Olympiapark ist wirklich ein toller Ort, wo man schön spazieren gehen kann. Im Sommer ist etwas mehr dort geboten. Aber im Winter ist es auch sehr schön. Nur zum empfehlen.",50,"München, Deutschland",Reiseart: als Paar
Erlebnisdatum: Dezember 2019,Gut bei jedem Wetter,"Einfach eine gute Umgebung, um sich etwas die Füsse zu vertreten. Da alle Wege befestigt sind, geht das auch perfekt bei schlechtem Wetter",40,"Maienfeld, Schweiz",
Erlebnisdatum: Oktober 2019,Traumaussicht um  Münschen bis zu den Alpen,"Ein Muss für Besucher die die 1,5 Millionenstadt im Überblick von eine Höhe von über 180m Höhe genießen wollen. Der Hochfahrpreis von derzeit € 7,-- wird mit Traumausblicken bis zu den Alpen belohnt. Nicht übersehen darrf man die sehr guten Orientierungsbeschreibungen.",50,"Linz, Österreich",
Erlebnisdatum: August 2019,Schöner Park / einige Aktivitäten,im Sommer ist hier regelmäßig ein Kirmes und an unserem WE gab es ein Kinderfest - umsonst und draußen. Schön für Familien mit kleinen Kindern. Bei entweder oder würde ich allerdings den englischen Garten bevorzugen.,40,"Espelkamp, Deutschland",Reiseart: mit der Familie
Erlebnisdatum: Mai 2019,Nostalgie Nostalgie,"Ja ja. Hier hat viel stattgefunden. Nicht nur die Spiele von Bayern München. Auch heute noch spürt man, wie die damals revolutionäre Architektur ein besondere Faszination ausübt. Und wer erinnert sich noch an die Olympiade 1972 und die Ermordung von jüdischen Sportlern? Daneben finden hier viele Konzert und Events statt. Und er Park ist eine grosse und ruhige Oase. in er man geruhsam einen schönen Tag geniessen kann. Hingehen!",50,"Winterthur, Schweiz",
Erlebnisdatum: November 2019,Toll! Was für eine Anlage?,"Wandern, spazieren,  mit Kindernwagen, alleine, laufen, nur sitzen, sich sportlich betätigen auch an Geräten draußen.....hier kann man alles machen. Und ist nie langweilig. Auch bei nicht so schönem Wetter. Auf jeden Fall muss man hingehen.",50,"Bornheim, Deutschland",Reiseart: als Paar
Erlebnisdatum: September 2019,"Viele Grünflächen, Wasser und tolle Aussicht vom Berg","Der Park ist mit öffentlichen Verkehrsmitteln super zu erreichen. Neben den großen Grünflächen gibt es auch noch Spielplätze und Möglichkeiten um Sport zu treiben. Auch eine Wasseranlage ist vorhanden, bei der man viele und große Fische beobachten kann, die nicht menschenscheu sind. Man kann hier durch etliche grüne Wiesen spazieren. Wenn man Lust hat kann man noch den Berg hinaufsteigen und die wundervolle Aussicht auf ganz München genießen.",50,"Schweinfurt, Deutschland",Reiseart: mit Freunden
Erlebnisdatum: April 2019,Sehr schön zur Kirschblüte,Zahlreiche Kirschbäume bieten eine traumhafte Kulisse im Frühling.Sehr gut geeignet für Spaziergänge.,40,"Hallbergmoos, Deutschland",Reiseart: mit der Familie
Erlebnisdatum: Oktober 2019,Fast 50 Jahre alt und immer noch toll,"Der Olympiapark hat nach fast 50 Jahren noch nichts von seiner Faszination verloren finde ich. Hier kann man spazieren gehen, joggen oder einfach nur entspannen. Die Architektur mit dem Zeltdach ist immer noch einzigartig. Des Weiteren gibt es viel Freizeitangebote: Sealife, den Olympiaturm usw.",40,"Bonn, Deutschland",
Erlebnisdatum: Oktober 2019,"Schönes Gelände, Atmosphäre naja","Wir waren zum Eishockeyspiel des EHC in der Halle.Es war eine freundliche Atmosphäre, allerdings war es keine wirklich gute Stimmung und das obwohl der EHC einen Startrekord aufgestellt hat.Die Sicht war leider sehr schlecht, da wir im Block C in der zweiten Reihe saßen. Da wurde beim Verkauf der Tickets nicht darauf hingewiesen.",40,"Osnabrück, Deutschland",Reiseart: mit der Familie
Erlebnisdatum: Juni 2019,Ich liebe es !,Bin Dort so oft vorallem im Sommer!Kann mir keinen besseren Ort zum chillen und spazieren vorstellen.Klar ist es meistens voll aber das ist nicht so schlimm.Kann ich jedem nur weiterempfehlen!,50,"München, Deutschland",Reiseart: als Paar
Erlebnisdatum: September 2019,eigentlich nur eine Menge Rasen um diverse...,"... Sportstätten; kein Eintritt und offensichtlich auch bei Einheimischen beliebt; es bietet sich an die kleine Rundfahrt mit der ""Bimmelbahn"" zu machen; kostet nur 3,50 € und man erfährt wenigstens, in welchem Gebäude was ist",30,"Iserlohn, Deutschland",
Erlebnisdatum: Oktober 2019,Mein Park direkt gegenüber....,"...der Oly-Park, Sport, Sommer-Kino, Musikevents, Konzerte innen und außen. Immer was los und absolut empfehlenswert!",50,,Reiseart: mit Freunden
Erlebnisdatum: September 2019,Historisch,Der Park unter dem Olympiaturm erinnert an die olympischen Spiele  1972. Schön angelege Spazierwege mit viel Grün.,40,"Frankfurt am Main, Deutschland",
Erlebnisdatum: September 2019,Olympiapark München - ein Muss für jeden München Besucher !,"Olympiapark München - ein Muss für jeden München Besucher !Meine Mädels und ich besuchen regelmäßig den Olympiapark in München, ein perfekter Ort zum verweilen und entspannen, aber auch zum neu entdecken. Regelmäßige Aktionen frischen das ganze Thema noch auf.Unbedingt besuchen und sich Zeit nehmen !",50,"Landshut, Deutschland",
Erlebnisdatum: Juli 2019,Andreas Gabalier und Bon Jovi 2019 immer wieder,"Wir waren zu Andreas Gabalier im Juni und zu Bon Jovi im JuliMan muss es einfach erlebt haben, immer wieder gerneJedoch gab es bei Gabalier in Front on Stage bereich keine Toiletten, hier zu hätten wir durch den ganzen Innenraum, dann die Treppe hoch bis zum Ausgang laufen sollen, dies ist für mich unerklärlich...Bei Bon Jovi und auch bei Gabalier waren die Ordnungshütter sehr unfreundlich...",40,,
Erlebnisdatum: August 2019,Metallica Konzert,Opympiapark muss man erlebt haben . optimale Anbindung an öffentliche Verkehrsmittel . Sehr saubere und gepflegte Anlage,50,"Sankt Leon-Rot, Deutschland",
Erlebnisdatum: April 2019,Schön aber mühsam,Ein sehr schöner und historischer Ort. Mit Kindern jedoch nur eingeschränkt zu empfehlen da das Gelände sehr weitläufig ist ohne dass man sehr viel unternehmen kann.,30,"Zülpich, Deutschland",Reiseart: mit der Familie
Erlebnisdatum: August 2019,Einfach nur schön,Diverse Stunden im Olympiapark verbracht.Hier kann man ausgiebige Spaziergänge inmitten der Natur machen. Wirklich eine top Location an welcher man viele tolle Fotos schießen kann.Nicht zu vergessen ist der Ort auch noch historisch.,50,Deutschland,Reiseart: als Paar
Erlebnisdatum: Juli 2019,Ein toller Park im Grünen,"Hier im Olympiapark kann man sich treiben lassen, die Natur genießen und an einem der vielen Hänge den Blick ins Tal schweifen lassen",40,"Hamburg, Deutschland",Reiseart: mit Freunden
Erlebnisdatum: Mai 2019,Olympiaturm,Mega Aussicht über München ...Top Empfehlung. ....Olympiapark und Turm in München  Gute gastronomische Versorgung,50,,Reiseart: als Paar
Erlebnisdatum: Juli 2019,Schöner Blick auf München,Der Olympiapark ist immer einen Besuch wert. Vor allem das im Sommer stattfindende Tollwood-Festival bietet einen tollen Anlass den Park zu besuchen. Zusätzlich gibt es einen schönen Ausblick auf die Stadt.,50,"Köln, Deutschland",Reiseart: allein
Erlebnisdatum: August 2019,Bei gutem Wetter - nichts wie hin!,"Da das Wetter bei uns super mitgespielt hat, hatten wir einen wundervollen Tag im Olympiapark. Auf dem Weg zum eigentlichen Park gibt es unter anderem den BMW-Vierzylinder und das BMW-Museum als Sightseeing-Spots abzuhaken.Sehr grün, sehr schön, viel Platz mit Familie und Kids um dort zu spazieren und einige Attraktionen gab es bei uns zur lokalen ""Kirmes"" auch. Im Olympia-Restaurant ist die Auswahl der Speisen nicht supergroß, aber sie sind gut.",40,"Düsseldorf, Deutschland",
Erlebnisdatum: August 2019,Spaziergänge bei Sonnenuntergang ,"Dieser Ort eignet sich hervorragend für einen Spaziergang. Vom Olympiaberg aus, kann man einen wundervollen Sonnenuntergang beobachten.",50,,Reiseart: als Paar
Erlebnisdatum: August 2018,Schön zum spazieren,"Schöne Anlage um den Oly-Turm, die Eishalle, das Oly-Stadium usw herum. Man kann dort schön mit Kindern oder Hunden spazieren gehen.In der Mitte befindet sich auch ein Teich. Im Sommer befindet sich das Tollwood in unmittelbarer Nähe.",50,"Salzburg, Österreich",Reiseart: mit der Familie
Erlebnisdatum: Februar 2019,Die Herrentoiletten im Olympaistadion habe mich an 40 Jahre Sozialismus erninnert!!!!!!!!!!!!!!!!!!!!!!!!!!!!!!!!!,"Ich war am Freitag im Pink Konzert und war fassungslos wie die Toiletten ausgesehen haben!!!!!!! Ein Vertreter der Firma Villeroi & Boch wenn das sehen würde, der würde sofort einen Trupp schicken die den Firmennamen entfernen!!!!!!!!!!! Das hat mit deutscher Sauberkeit nichts zu tun, das ist nur eine riesen Blamage für eine selbst ernannte ""Weltstadt mit Herz (Schmutz) !!!!!!!",10,regensburg,Reiseart: als Paar
Erlebnisdatum: Juli 2019,Auf dem Weg zum Tollwood,"Wie immer schön und sehenswert! Allerdings würde der künstliche Teich mal eine Reinigung vertragen, da er sehr stark verschmutzt war!",40,"Traunstein, Deutschland",
Erlebnisdatum: Juli 2019,Toller Park,Wunderbar angelegter Park mit vielen Verweilmöglichkeiten. Ein See und eine Bühne mit abwechselnden Events laden zum Abschalten ein.,40,"Bruchsal, Deutschland",Reiseart: mit Freunden
Erlebnisdatum: Mai 2019,"Netter Park, aber nichts Besonderes","Parks kann man in einer Stadt nicht genug haben. Dieser Park ist grundsätzlich in Ordnung und enthält die ehemaligen olympischen Anlagen Münchens. Wer einen richtig tollen Park will, der sollte mit dem Englischen Garten oder dem Hirschgarten die älteren Parkanalgen besuchen.",30,"München, Deutschland",Reiseart: mit der Familie
Erlebnisdatum: April 2019,Einfach Wow,"Wenn man in München ist muss man einfach in den Olympiapark . Die Aussicht vom Fernsehturm ist der Hammer .Man sieht über ganz München die ganze BMW Anlage, das Stadion oder beide. Einfach Wow",40,"Aarburg, Schweiz",Reiseart: mit der Familie
Erlebnisdatum: Juni 2019,Rammstein Konzert,"Anlässlich des Rammstein Konzert war ich im Olympiapark und es ist einfach schön mit der Wiese, das Wetter hat gepasst, die Leute waren super und landschaftlich einfach schön hergerichtet und macht immer Spaß und ist auch zum erholen gut gedacht.",50,"Fellbach, Deutschland",Reiseart: allein
Erlebnisdatum: Juni 2019,Sehr schöner Park mit viel Freizeitangeboten,"Wir haben heute den Olympia-Park in München besucht, hier gibt es mehre Hallen und Freizeitaktivitäten statt finden, hier spielen die Red Bulls München Eishockey, ein großes Indoor-Schwimmbad, einige Ausstellungen, das Sea Life, der Olympiaturm und das olympische Dorf! Der Olympische See und die Olympische Alm die in den Hügeln versteckt sind laden zu einer kleinen Pause ein! Gerade im Sommer machen viele Menschen dort Sport und es finden auch immer wieder Feste statt! Ein Ausflug lohnt sich immer, Vorfällen der Besuch auf dem Fernsehturm, dort hat man eine schöne Ausblick auf München!",50,"Grainau, Deutschland",Reiseart: mit der Familie
Erlebnisdatum: Juni 2019,Immer einen Besuch wert,Ich habe schon einige olympische Areale gesehen. Häufig sind das keine besuchenswerte Orte. In München ist das anders. Auch außerhalb von Events sind neben den architektonischen Bauwerke der gesamte Park sehenswert.,50,"Aschaffenburg, Deutschland",
Erlebnisdatum: Juni 2019,Lohnenswerter Besuch!,Da wir eine Vorstellung in der Olympiahalle besuchen wollten haben wir dies mit einen Besuch des gesamten Parks verbunden. Und es lohnt sich! Der Park ist sehr schön gestaltet und bietet viel Freizeitaktivitäten. Vom Tretboot fahren bis zum relaxen am Wasser. Sehr zu empfehlen!,40,"Hamburg, Deutschland",Reiseart: als Paar
Erlebnisdatum: Juni 2019,"immer wieder sehenswert, die gesamte Anlage","Egal zum spazieren, zu joggen oder nur auf ein Bier im Biergarten, der Olympiapark fasziniert einfach",40,"Uzwil, Schweiz",Reiseart: als Paar
Erlebnisdatum: Juni 2019,Begeisterung sieht anders aus,Ich weiß nicht ob wir einen schlechten Tag erwischt haben oder was los war aber der Park stellte sich als Service Wüste und sehr vermüllt dar. Sehr schade,20,"Oberhausen, Deutschland",Reiseart: als Paar
Erlebnisdatum: Juni 2019,Rammstein Konzert ,"70.000 leute unter einem Hut zu bekommen ist nicht einfach. Aber wir fühlten uns trotz Gedränge und Men schenmänge gut aufgehoben. Sehr viele Security und auch Polizei waren vor Ort. Preise naja bissl teuer aber man geht nicht jeden tag auf konzert. Damentoilette schlange sehr lang, bestimmt ne Std wartezeit wurde aber über die Herrentoilette mit abgewickelt. Im ganzen super zufrieden.",50,"Makadi Bay, Ägypten",Reiseart: als Paar
Erlebnisdatum: Juni 2019,So ein schönes Park...,"...super gut zu erreichen, genial eingebunden in den ÖPNV, sauber und mit sinnvoller Wegführung durch den Park zum Olympiastadion. Ein sehr schöner Veranstaltungsort. Gerne wieder.",50,"Konstanz, Deutschland",Reiseart: als Paar
Erlebnisdatum: Juni 2019,Über München,"Waren mal wieder on the Top, für 9€ kann man bei Besten Wetter alles sehen. Super Aussicht und genau richtig .",50,"Stephanskirchen, Deutschland",Reiseart: mit Freunden
Erlebnisdatum: Mai 2019,Ein sehr schönes Gebiet,"Wir waren sehr überrascht von dem Gebiet. Sehr gepflegt, sehr groß und trotz der vielen Menschen war es nicht überlaufen",50,,Reiseart: als Paar
Erlebnisdatum: Mai 2019,nur etwas für schönes Wetter,"Im Sommer bei gutem Wetter ein sehr schöner Ort wo für Groß und Klein sämtliche Aktivitäten geboten werden. Wer in München ist sollte hier einen Stop einlegen. Auch sehre Nahegelegen an vielen weiteren Attraktionen wie bspw. Fernsehturm, Sealife, und BMW Welt.",40,"Herten, Deutschland",Reiseart: mit Freunden
Erlebnisdatum: Mai 2019,Blick über München ,Trotz schlechtem Wetter genossen wir einen Apero über München. Bedienung und Ambiente hat uns gefallen.,50,"Kanton Aargau, Schweiz",Reiseart: als Paar
Erlebnisdatum: Mai 2019,Abwechslungsreich und natürlich gestaltet,Der Park beeindruckt schon aus einiger Entfernung durch die markante Architektur des Stadions. Aber nicht nur darauf dürfte seine große Beliebtheit bei den vielen Besuchern zurückgehen. Die abwechslungsreichen Blumenbeete und überhaupt die natürliche Außengestaltung verleiten zum bummeln. Und sehr angenehm und beliebt ist ein kleiner See. Für Touristen sehr empfehlenswert!,50,"Stuttgart, Deutschland",Reiseart: mit Freunden
Erlebnisdatum: Mai 2019,Oberflächlich und enttäuschend,"Wir hatten uns sehr auf die Lascaux-Höhle gefreut, aber waren enttäuscht. Zum einem keine echte Replik eines Höhlenganges, sondern nur ein paar Felsmalereiauszüge aneinandegereiht. Die Ausstellungsfilme waten zu langatmig, Information tröpfelte nur langsam. Etliche Filme hatten nur englischen Untertitel, da hat sich niemand die Mühe gemacht Untertitel zu verdeutschen. Schade",20,"Kirkland, Washington",Reiseart: mit Freunden
Erlebnisdatum: September 2018,Radtour ,"Der Olympiapark ist für Spaziergänger, Läufer und Radfahrer sehr beliebt. Ich finde es auch immer wieder toll dort hinzufahren. Mit dem kleinen See im Zentrum des Parks im Sommer einfach toll auf den Wiesen zu entspannen.",50,"Zürich, Schweiz",Reiseart: allein
Erlebnisdatum: Mai 2019,Draussen pfui .. innen hui: Olympiahalle wird in die Höhle von Lascaux verwandelt,"Relativ unbekannt ist der Olympiapark als Ort herausragender Ausstellungen. Lascaux rief diesmal: Das Original ist nicht mehr zugänglich, wir können also nicht dahin, daher war es wunderbar, dass Lascaux zu uns kam. Mit einem Audioguide ausgestattet ging es hinunter ins Dunkle. Didaktisch ist die Ausstellung sehr gut. Alles wird anschaulich in die Geschichte eingebettet, durch Selbstversuche kann man ermessen, welche Pioniertat unsere Cro-Magnon Vorfahren hier vollbracht haben.Lediglich ein wenig ""anzumeckern"" ist, dass das ""Höhlenfeeling"" nicht aufkommen will, zu steril und auseinander sind die 5 nachgebauten Höhlenelemente . Dennoch: Ist man im Olympiapark und es gibt eine solch tolle Ausstellung: Da MUSS man hin.",40,"Grafing, Deutschland",Reiseart: mit Freunden
Erlebnisdatum: April 2019,Sehr beeindruckend,Der Olympiapark ist gerade bei schönem Wetter sehr zu empfehlen. Die Anlagen sind beeindruckend und es gibt sehr viel zu entdecken.,50,"Steffisburg, Schweiz",Reiseart: als Paar
Erlebnisdatum: April 2019,"Olympiapark, Zeit zum Seele baumeln lassen",Bei schönem Wetter kann man sich hier einfach mal treiben lassen. Viel Grün lädt zum Bummeln ein. Die Architektur der Olympiastätten sind ein Hingucker. Stars haben sich mit Abdrücken am Olympiasee verewigt.,50,,
Erlebnisdatum: April 2019,schöne Area Super Ausblick vom Turm,muss man einfach gesehen haben - Aussicht vom Turm Spitze. Man sieht bei gutem Wetter die Alpen vom Brandnertal bis Zillertal :-),50,"Zürich, Schweiz",Reiseart: mit der Familie
Erlebnisdatum: April 2019,Ein muss wenn man in München ist,Ein muss wenn  man in München ist.Sehr schöne Aussicht über ganz München.An den Fenstern oben gut beschrieben wo man was sieht.Preise sind auch OK.,50,,Reiseart: als Paar
Erlebnisdatum: April 2019,Grüne Lunge Olympia Park,"Wir verlebten einen sonnigen Nachmittag im Olympiapark. Es gibt Möglichkeiten zum Radfahren, Bootlefahrwn oder Rudern. Nur die Gastronomie lässt zu wünschen übrig. Ein „Biergarten“ auf Beton ist nicht sehr einladend.",40,"Esslingen am Neckar, Deutschland",Reiseart: als Paar
Erlebnisdatum: April 2019,sehr interessant - alles zu Fuss zu erkunden,Der Olympia - Park bietet viel Sehenswürdigkeiten besonders bei gutem Wetter.Zudem noch dickt daneben die BMW Welt mit Museum. Im  Olympiapark nagt aber schon sehr deutlich der Zahn der Zeit.,30,,
Erlebnisdatum: April 2019,Schöne Anlage im Herzen der Stadt,Weitläufige Anlage mit Sportstätten und Erholung am Olympia See. Hier taucht man schnell in die Ruhe des Natur im Grünen ein.,50,Deutschland,Reiseart: mit Freunden
Erlebnisdatum: März 2019,Schöner Park,Für Spaziergänge und zum joggen perfekt. Ein Stück Natur mitten in München. Es gibt viele Möglichkeiten für Freizeitgestaltung: z.B. Sea Life oder Olympiaturm und Olympiastadion.,50,,Reiseart: mit Freunden
Erlebnisdatum: März 2019,Sehr groß und sehr Schön!,Der Olympia Park in München ist ein sehr schönes Stück München. Man ist in schöner Natur von Geschichte umgeben. Dieser sehr große Park lädt zum verweilen und genießen ein.,50,"Limburg, Deutschland",Reiseart: als Paar
Erlebnisdatum: März 2019,"Das ""alte"" Olympiegelände besticht noch immer","Das ""alte"" Olympiegelände besticht noch immer mit seiner außergewöhnlichen Architektur und seiner Weitläufigkeit. Es lohnt sich, sowohl eine Veranstaltung im Stadion oder Halle anzuschauen, ins Sea-Life zu gehen oder den Funkturm zu besuchen. Man kann auch das Olympiabad besuchen oder anderen sportlichen Aktivitäten nachgehen.",50,"Mohlsdorf, Deutschland",Reiseart: mit der Familie
Erlebnisdatum: März 2019,Schöner Park,Hier lässt es sich gut spazieren. Vom Hügel aus hat man eine guten Überblick über das Areal. Sehr gut geschmeckt hat mir die Currywurst mit Pommes direkt vor der Olympiahalle.Öffentliche WCs sind im Winter leider Mangelware.,50,"Tulln, Österreich",Reiseart: als Paar
Erlebnisdatum: März 2019,Auch nach fast 50 Jahren immer noch ein besonderes Münchner Highlight,"Das Olympiagelände begeistrert nach fast 50 Jahren auch heute noch fast alle Besucher. Wenn Sie mit der U- Bahn zum Olympigelände kommen dürfen Sie auf der Wegstrecke die ""BMW- Erlebenis- Welt"" mit etwa 3 Mio Besucher jährlich keinesfalls auslassen. Diese ""Welt"" ist mit dem Olympiagelände und dem BMW Zylinder eine zeitlose und weltweit anerkannte archtitektonische Meisterleistung. Auch vom Parkplatz lohnt sich der kurze Ausflug über die Fußgängerbrücke, zumal auch die Gedenkstätte des Olympia- Attentats von 1972 sehr lehrreich ist.Die Aussicht vom Olympiaturm (Gebühr für Fahrstuhl) ist bei schönem Wetter grandios. Das Essen im Olympiaturm- Drehrestaurant ist durchschnittlich gut und erwartungsgemäß relativ teuer (meist ausgebucht -ggf  sind wie bei der BMW Erlebniswelt Tischreservierungen notwendig).Meist können Sie tagsüber die Sportstätten wie das Olympia -Stadion, - Halle, - Schwimmhalle (Badehose nicht vergessen) besichtigen oder an einer  der vielen Events teilnehmen (evtl. Kartenreservierung). Bei schönem Wetter gibt es vor allem am Olympiaberg schöne SItz- und Liegeflächen (Decke mitnehmen) und wenn SIe etwas Glück haben, findet gerade ein Feuerwerk oder das nahegelegene sommerliche ""Tollwood"" mit seinem Biofood, vielen Verkaufsständen und sehr guten Veranstaltungen statt.",50,,Reiseart: als Paar
Erlebnisdatum: Februar 2019,Beeindruckend,"Ich hätte nicht gedacht, dass mich das alte Olympiagelände so beeindruckt. Vor allem die Gedenkstätte des Attentats von 1972 ist sehr lehrreich, unbedingt dafür Zeit nehmen. Die Aussicht vom Olympia ist grandios, vor allem bei gutem Wetter, wir konnten die Zugspitze gut erkennen.",50,"Köln, Deutschland",Reiseart: als Paar
Erlebnisdatum: Oktober 2018,Trotz seines hohen Alters immer einen Besuch wert.,"Ob ein Besuch auf dem Olympiaturm, ein Konzert in der Olympiahalle, zum Beispiel Shakira oder andere Welt Stars Der Olympiapark ist immer einen Besuch wert, man kann Bildchen fahren oder einfach nur durch die Grünanlagen schlendern im Sommer gibt es ein Riesenfeuerwerk. Viele Events Messen und Ausstellungen sowie sportliche Angebote. Eigentlich ist immer was geboten Olympiapark selbst Eis laufen Sport Events und der Zieleinlauf bis München Marathons im Olympiastadion. Die einzigartige Architektur,begeistert immer noch viele Menschen aus aller Welt. Ein Höhepunkt ist der Ausblick vom Olympiaturm, bei gutem Wetter kann man die Alpen sehen, ein fantastischer Ausblick",40,"München, Deutschland",
Erlebnisdatum: Februar 2019,Schön :),"Toller Park mit Allerlei (Aussichtsturm, Eventhallen, Sea Life, See, Essensmöglichkeiten). Schönes Fleckchen grün im sonst so belebten München.",40,"Nürnberg, Deutschland",Reiseart: als Paar
Erlebnisdatum: Juli 2018,Toller Ort für Veranstaltungen und Freizeit,"Im Olympiaparkt finden über das Jahr verteilt tolle Veranstaltungen statt. Diese reichen von kostenlosen Open-Air-Festivals bis hin zu Hindernisläufen. Wer einfach nur entspannen oder joggen gehen möchte, findet hier auch gute Möglichkeiten. Der Olympiapark ist meiner Meinung nach auch etwas weniger überlaufen als der Englische Garten, wobei hier natürlich auch einige Menschen unterwegs sind.",50,"München, Deutschland",Reiseart: allein
Erlebnisdatum: Januar 2019,Olympiapark Aufenthalt mit Aussicht,"Finde ich sehr sehenswert... Der Park ist sehr gross und hat einiges zu bieten... Olympiaturm mit wunderschöner Aussicht    (jedoch Aufzug kostenpflichtig), Sealife abtauchen in die Welt des Meeres - Sport.- oder Spazierhügellandschaft mit Sitzmöglichkeiten, Walk of Stars zum anfassen....",50,,Reiseart: mit der Familie
Erlebnisdatum: September 2018,Schon 46 Jahre her und immer noch beindruckend...,"Als junger Architekt hat man 1972 die Gebäude der olympischen Spiele besichtigt. Natürlich war das Stadion das absolute ""Highlight"" dieser gesamten Anlage.  Die Stadt München wurde durch die Architektur auf die Landkarte gebracht hat die Gebäude haben im Ausland  für Furore in den Architektenkreisen gesorgt. Das  unglaubliche ist dass auch heute noch, nach über 40 Jahren, dieses Bauwerk beindruckt und den Besucher überwältigt. Während die meisten Stadien der Olympischen Spiele in anderen Ländern verfallen so ist dies wohl das beste Beispiel hervorragender Architektur die Ihre Architekten und alle Architekturtrends über die Jarhrzente überlebt.",50,"Luxemburg, Luxemburg",Reiseart: als Paar
Erlebnisdatum: Februar 2019,Tolles Naherholungsgebiet ,"Der Olympiapark ist meines Erachtens ein tolles Beispiel, wie eine Olympiastätte nachhaltig genutzt werden kann. Dass die ehemaligen Wohnungen der Sportler nun Studentenwohnungen sind, fand ich sehr interessant. Toll ist natürlich auch, dass u Tee andrem das Olympiastadion und die Olympiaschwimmhalle noch immer genutzt werden.",50,,Reiseart: mit Freunden
Erlebnisdatum: Oktober 2018,Schöner park,Sehr grosser schöner park. Diverse touren und aktivitäten werden angeboten.Sicher zu empfehlen ist ein besuch des stadions für ca. 3 euro. Punktabzug gibt es für den kleinen selbstbedienungs biergarten der nicht sehr gepflegt ist.,40,"Winterthur, Schweiz",
Erlebnisdatum: Dezember 2018,Restaurant im Olympiapark nicht zu empfehlen,"Essen kalt,Sehr lange Wartzeiten an der Kasse .unfreundliches Personal . Schnitzel würde nie frisch gebraten. Vorgebraten , geht mal garnicht ,Panade weich und feucht",50,München ,Reiseart: mit der Familie
Erlebnisdatum: Januar 2019,Legendär,Landschaftlich und architektonisch tolles Ausflugsziel mitten in der Stadt. Parken gleich vor Ort für 5 € am Tag.,50,Deutschland,Reiseart: als Paar
Erlebnisdatum: Dezember 2018,einen Besuch wert,"Olympiapark mit allen Spielstätten der Olympiade 1972 sollte man gesehen haben, Eindrucksvolle Bauwerke.",50,"München, Deutschland",
Erlebnisdatum: Januar 2019,Klasse Ausflugsziel in München!,"Wir waren zur Besichtigung in Müchen unterwegs. Der Olympiapark mit den alten Sportstätten, der Parkanlage mit dem See und dem Olypiaturm ist eine schöne Sehenswürdigkeit. Deshalb empehelen wir das klasse Ausflugsziel sehr gerne weiter.",40,"Queidersbach, Deutschland",Reiseart: mit der Familie
Erlebnisdatum: Januar 2019,Nach so vielen Jahren immer noch faszinierend,"Der Olympiapark hat eine ganz besondere Atmosphäre: Die Formen und Farben, der Landschaftspark und die Ruhe mitten in der Stadt. Wir haben es sehr genossen dort einen Tag zu verbringen: Olympiastadion, Funkturm und danach die BMW Welt.",50,"Frankfurt am Main, Deutschland",Reiseart: mit der Familie
Erlebnisdatum: Dezember 2018,Kurzer Halt,Der Olympiapark ist immer eine Reise wert. Nur schon die Konstruktion des Stadions ist sehr eindrücklich. Tausende Gläser von 3 x3m. Architektonisch einfach genial.,40,"Wittenbach, Schweiz",Reiseart: als Paar
Erlebnisdatum: Dezember 2018,Tolle Events,Wir waren schon 2009 zum Tatoo in München. Wir haben das Event sehr genossen. Wir werden öfters nach München komme. Interessant ist auch der Drom in dem auch Auto- Rennen statt finden. Direkt am Olypiapark befindet sich das Four Seassen Hotel und die U-Bahn,50,Freiburg,Reiseart: als Paar
Erlebnisdatum: September 2018,Immer ein Besuch wert,Egal ob Olympiahalle oder -Turm oder einfach der Park - wunderschön anzusehen und ein muss für eine gelungene München Reise,50,,Reiseart: als Paar
Erlebnisdatum: Dezember 2018,Grosse Anlage ,"mit vielen Wegen zum Spaziergang, Radfahren, Olympiaberg oder Olympiaturm ( für die Aussicht ), Schwimmhalle, Olympiahalle klein und gross ( dort gibt es einige Ausstellungen, Eissporthalle und einen See",50,"Rosenheim, Deutschland",Reiseart: allein
Erlebnisdatum: November 2018,Ein Ausflug mit Grenzen,"Es muss nicht der Olympiapark sein, den man in München besucht, es gibt deutlich schönere und besser gelegene Möglichkeiten, um sich die Beine zu vertreten. Der Park, wenn man ihn so nennen möchte, ist weitläufig, jedoch ohne große Eindrücke, die man mitnimmt, abgesehen von Olympiaturm, in dem man übrigens sehr nett essen kann, gerade am Abend mit tollem Ausblick und ansprechender Küche.",30,"Frankfurt am Main, Deutschland",Reiseart: als Paar
Erlebnisdatum: Dezember 2018,gut,"waren im olympiastadion, hatten eine führung, war sehr informativ. der park an sich ist sehr schön und empfehlenswert",50,"St. Gallen, Schweiz",Reiseart: als Paar
Erlebnisdatum: November 2018,Höchster Berg von München ,Im ganzen Park kann man viele Kilometerweit spazieren gehen. Zu dem Stadion und Fernsehturm gibt es auch viele schöne andere Orte zu besichtigen. Hier gibt es einen Hügel von wo man halb München überblicken kann. Sehr interessant,50,"Gelsenkirchen, Deutschland",Reiseart: mit Freunden
Erlebnisdatum: November 2018,Touristentour ,Schöner Spaziergang zur alten Stätte der FC Bayern. Verlassene Kassenhäuschenverblasste Farbe Aber im Winter ist dieser Ort für Kinder ein Traum. Der Berg ist zum rodeln top.,50,"Essen, Deutschland",Reiseart: mit Freunden
Erlebnisdatum: November 2018,Olympiapark mitten im Herbst,"Wir hatten uns am Feiertag Allerheiligen vor der Heimreise zum Glück dazu entschieden, noch einen Abstecher in den Olympia-Park zu machen. Gut mit der U-Bahn erreichbar, neben dem BMW-Gelände. Eignet sich perfekt für einen Spaziergang, um die div. Olympiahallen von ausen zu betrachten, Olympiastadion (Eintritt 3,50€), Schwimmhalle, See, Hügel und Olympia-Turm. Man kann hier tolle Spaziergänge machen.",50,,Reiseart: als Paar
Erlebnisdatum: November 2018,Idyllischer Herbst Spaziergang,Heute sind wir durch den Olympiapark spaziert die Farbe der Bäume das Strahlen der Sonne und diese goldenen Farben war sehr sehr idyllisch eine Naturhochburg mitten in der Stadt einfach ein Traum,50,"Hohenschwangau, Deutschland",Reiseart: als Paar
Erlebnisdatum: November 2018,Idyllisch ,Der Park ist sehr schön angelegt und lädt zur Erholung ein. Vom Berg aus hat man eine tolle Aussicht in alle Richtungen. Im Park gibt es auch einen Biergarten.,50,,Reiseart: als Paar
Erlebnisdatum: Juli 2018,Wir wohnen hier,"Nicht nur weil wir im olympischen Dorf leben, lieben wir den Olympiapark. Eine große, grüne, aber total urbane freie Fläche mitten in der Stadt. Wo hat man das schon? Man kann das Flair der olympischen Spiele 72 noch überall erahnen, im Sommer gibt es einen Haufen Veranstaltungen. Für Freizeitsportler ist der Olympiapark immer toll, auch im Winter- asphaltiere Wege ermöglichen Jogging, Rolerblading, radeln und Roller fahren ohne Matsch am Schuh. Der Olympiaberg und -turm geben an schönen Tagen einen wundervollen Blick über die Stadt frei! Besuchen!",50,"München, Deutschland",Reiseart: mit der Familie
Erlebnisdatum: Oktober 2018,Kann ich empfehlen ,Sehr schöne Parkanlage 😊 (Achtung bequeme Schuhe anziehen ) schöner Ausflug für die ganze Familie. Auch mit dem Bus leicht zu finden,50,"Krefeld, Deutschland",Reiseart: mit Freunden
Erlebnisdatum: Juli 2018,Wird der Münchner Olympiapark Weltkulturerbe?,"Der unter Ensembleschutz stehende Münchner Olympiapark mit seinem Zeltdach ist immer noch ein absolutes Muss für München-Touristen. Eine Fahrt auf den Turm lohnt sich sehr, der Ausblick reicht je nach Wetter bis zu den Alpen. Im Drehrestaurant lässt es sich gut speisen, die Veranstaltungen in der großen Olympiahalle locken jährlich Besucher aus ganz Deutschland und darüber hinaus an.",50,"München, Deutschland",Reiseart: mit der Familie
Erlebnisdatum: Oktober 2018,Flying Fox Tour ,"Wir haben im Olympiapark eine Führung über das Zeltdach mit anschließendem Flying Fox gemacht. Die Führung war sehr spannend und interessant, körperlich auch ein bisschen anstrengend aber absolut machbar für jeden, der es noch ohne Stock oder Rollator aushält. Die Tourguides waren super, haben sich viel Zeit genommen. Flying Fox im Anschluss war auch toll! Die Führung kann man vorab online reservieren und vor Ort bezahlen, empfehle ich, die Touren scheinen oft voll zu sein. Go Pros oder ähnliches darf man nicht mitnehmen. Auch sein Handy nur, wenn man eine dafür vorgesehene Hülle vor Ort für 5 Euro kauft. Haben wir aber nicht gemacht, da die kamera in der Hülle nicht frei liegt und die Bilder bestimmt schwammig werden und man oben oft in Bewegung ist und nicht die Gruppe mit Fotos aufhalten möchte.",50,"München, Deutschland",Reiseart: mit der Familie
Erlebnisdatum: Oktober 2018,Enttäuschung pur,"Wir waren als Familie im Olympiastadion für 8,50€ Eintritt. Es war wirklich enttäuschend. Die Sitzreihen waren vermüllt. Der Pavillon, der Dokumentationen zur Olympiade zeigte, absolut vom technischen Zustand nicht zeitgemäß und vollkommen ungemütlich. Schade! Es wäre mehr daraus zu machen.",10,,Reiseart: mit der Familie
Erlebnisdatum: September 2018,schöner Park,"der Olympia.Park mit den verschiedenen Sportstätten ist auch nach über 45 Jahren immer noch spektakulär und eine Ruheoase in der Stadt München. Hier kann man schön spazieren gehen, sich die Anlagen anschauen, Biergärten sind auch vorhanden. Im künstlichen See im Park kann man mit dem Boot fahren.",50,"Braunschweig, Deutschland",Reiseart: als Paar
Erlebnisdatum: Oktober 2018,Eindrücklich und gemütlich ,"Schöne Parkanlage, lädt zum Verweilen ein. Interessante Wettkampfstätten, eindrückliche Architektur und Technik. Vom Turm interessanter Rundblick über ganz München. Sollte man gesehen haben!",50,"Landquart, Schweiz",Reiseart: mit der Familie
Erlebnisdatum: Oktober 2018,Spaziergang,"Neulich war ich hier mal wieder spazieren und ich muss sagen, der Park ist immer noch schön und es gibt zahlreiche Highlights, wie das Bad, den Turm und die Hallen, die regelmäßig kulturelle Veranstaltungen beherbergen. Ein toller und wichtiger Komplex in München.",50,"München, Deutschland",Reiseart: allein
Erlebnisdatum: Oktober 2018,Sehenswert,"Wir waren im Park und auf dem Turm. Der Park ist schoen angelegt, ideal zu spazieren oder auf mal eine Rast am See zu machen. Vom Turm hat man einen schoenen Blick auf den Park und die umliegende Gegend, wobei die Aussicht auf den Park am schoensten ist.",50,"Pattaya, Thailand",
Erlebnisdatum: Oktober 2018,Toller Park,"Ich persönlich finde, dass der Olympiapark ein Muss ist wenn man in München ist. Der Park ist sehr gepflegt und weitläufig. Man findet viele Sitzmöglichkeiten, Restaurant und Biergarten.",50,"Heidelberg, Deutschland",Reiseart: mit der Familie
Erlebnisdatum: Oktober 2018,Olympiahalle - sauber ist anders,"Wir waren zum Konzert von Shania Twain in der Olympiahalle. Die Akustik war für solch eine Halle überraschend gut und die Sitze ok, das war es aber auch schon mit dem positiven. Die Organisation war sehr unkoordiniert. Eine unzureichende Beschilderung und zu wenig Ordner sorgten dafür, dass zig Leute ihren Sitzplatz nicht fanden bzw. wieder ""umziehen"" mussten, da sie falsch saßen. Am schlimmsten waren jedoch die sanitären Anlagen. Kein Bahnhofsklo ist so dreckig und stinkt so erbärmlich, wie die Toiletten in der Olympiahalle, für einen Ort an dem regelmäßig Veranstaltungen staffinden absoult ungenügend.",20,"Rodgau, Deutschland",Reiseart: als Paar
Erlebnisdatum: Juni 2018,"Entspannen, Wohlfühlen und die Seele baumeln lassen","Wir besuchen immer wieder gerne den Olympiapark in München. Er fügt sich so schön in das Stadtleben ein und es gibt so viele unterschiedliche Aktivitäten dort an einem Fleck. Egal ob Schwimmhall, Radfahren, Bootfahren, altes Stadtion, Sealife oder nur auf dem Rasen liegen und entspannen. Es ist für jeden etwas dabei.",50,"Wien, Österreich",Reiseart: als Paar
Erlebnisdatum: Oktober 2018,Geschichte,Der Olympiapark mir seinen Anlagen ist sicher in die Jahre gekommen. Aber als ein Stück Geschichte lohnt sich ein Besuch immer noch.,50,,Reiseart: allein
Erlebnisdatum: September 2018,Entäuschung pur,"Eigentlich sehr schade, dass man diesen ""Ort"" zu wenig würdigt. Die Toiletten direkt vor dem Olympiastadion nicht nur in katastrophalem Zustand, sondert total verdreckt. Eintritt für den ""Besuch"" des Stadions - sieht nur das Spielfeld und die Sitzplätze -, das Dach sieht man auch außerhalb. Dies ist noch in Ordnung, aber für eine Begehung des Daches über € 40,-- zu verlangen ist meines Erachtens ABZOCKE.",30,"Wien, Österreich",
Erlebnisdatum: Mai 2018,Überrascht,Ich bin sehr positiv überrascht gewesen über den Park.  Für die damalige  Verhältnisse war dies eine architektonische Meisterleistung und ich finde es wirklich gut gelungen auch alles im Original Zustand zu lassen.  Es ist auch eine wunderbare schöne Jogging Strecke und es war auch sauber.,50,"Fellbach, Deutschland",Reiseart: allein
Erlebnisdatum: Oktober 2017,Gut zum Joggen,"Ich war geschäftlich in München und wohnte in der Nähe. Ich fand es sehr entspannend, Abends im Park zu joggen.",40,,Reiseart: allein
Erlebnisdatum: September 2018,Schöner Park,Sehr schön angelegter und gepflegter Park. Hervorragend zum Abschalten und Relaxen. Unbedingt anschauen.,50,"Graz, Österreich",
Erlebnisdatum: April 2018,Eine Zeitreise in die Siebziger,"Ein sehr interessantes Gelände. Die architektonische Qualität ist bemerkenswert und der stilistische Mut der Planer damals großartig. So würde man heute nicht mehr bauen, aber nicht, weil man es besser weiß, sondern weil man sich das nicht mehr traut.",40,"Wien, Österreich",Reiseart: geschäftlich
Erlebnisdatum: September 2018,Fahrrad fahren ,"Ich fahre hier regelmäßig mit dem Fahrrad. Tolle Anlage zum erholen in der Stadt super. Ich kann es herzlich empfehlen. Wünsche viel Spaß beim spazieren, joggen oder Fahrrad fahren.",50,"Zürich, Schweiz",Reiseart: allein
Erlebnisdatum: Mai 2018,Immer nen Spaziergang wert,"Wir fahren, schlendern, laufen oder gehen gern durch die Olympiaanlage. Sei es wegen Tolwood, Sommerfest, Konzerten oder sonstigen Veranstaltungen. Die Konstruktion ist einmalig und die kurze aber heftige Geschichte ist immer wieder beeindruckend.",50,"Traunstein, Deutschland",Reiseart: mit Freunden
Erlebnisdatum: August 2018,Hält nicht was man sich verspricht.,"Die Parkanlage ist sehr schön und weitläufig. Der ""Biergarten"" neben dem Olympiastadion ist lieblos und wird dem nicht gerecht. Ich finde dass sich ein Besuch nicht mehr lohnt. Es war für mich nicht die Zeit wert.",20,"Dormagen, Deutschland",Reiseart: als Paar
Erlebnisdatum: September 2018,Im Zusammenhang des Frauenlaufes den Park gesichtet,Dieser Park ist gross und bietet verschiedene Anlässe . Es gibt die Möglichkeit mit den öv hin und weg zu fahren. Im Park kann man gut spazieren und Zeit verbringen. Auch sind dort ein paar Wildvögel. Die Anlage wirkt sehr gepflegt.,50,"Samedan, Schweiz",Reiseart: mit Freunden
Erlebnisdatum: August 2018,Seit 1972 die grüne Lunge des Münchener Nordens,"Der Olympiapark hat sehr vieles zu bieten: Besichtigung der alten olympischen Sportstätten (wobei die alte Radrennbahn - nach jahrzehntelanger Nichtnutzung - bereits dem zukünftigen Stadionbau der Basketballer des FC Bayern und der Eishackler von Red Bull München weichen musste), welches da derzeit sind: dem Olympiastadion (inkl. des Olympiadach - einer denkmalgeschützten Zeltdachkonstruktion), der Olympia-Schwimmhalle, der Olympia-Eissporthalle (1972 für die Box-Wettkämpfe genutzt) oder der Olympiahalle (letzteres auch z.B. im Rahmen von Konzertveranstaltungen oder anderer Events)Spaziergang durch das über 850.000 qm umfassende Areal (die Fläche befindet sich auf dem Oberwiesenfeld, das zu den Stadtteilen Milbertshofen-Am Hart, Schwabing West und Neuhausen-Nymphenburg gehört und war bis zum Jahr 1938 der Verkehrsflughafen München-Oberwiesenfeld. Nach dem Zweiten Weltkrieg lag die Fläche größtenteils brach und wurde unter anderem als Schutthalde für die Trümmer der Bombenschäden genutzt - somit ist der Olympiaberg als höchste Erhebung Münchens ein kleiner Berg mit großer Geschichte)Auffahrt zum Olympiaturm (dem ehemaligen Fernsehturm) und Besuch des sich dort befindlichen DrehrestaurantsBesichtigung des Munich Olympic Walk of Stars (MOWOS) - ein ca. 400 Meter langer Gehweg am Willi-Daume-Platz, am Nordufer des Olympiasees im Münchner Olympiapark (ähnlich wie auf dem Walk of Fame vor dem TCL Chinese Theatre in Los Angeles und dem Walk of Fame Europe in Rotterdam haben sich hier diverse Persönlichkeiten aus Show und Sport mit ihren Handabdrücken und persönlichen Botschaften auf Zementplatten, die in den Gehweg eingelassen werden, verewigt).Biergartenbesuch in Münchens höchstgelegenen Biergarten, der sog. OlympiaalmBesuch des Olympiastadions (inkl. der Möglichkeit der Zeltdachtour bzw. Flying Fox)Besuch der Gedenkstätte „Einschnitt“ (überdachter Pavillon), welcher multimedial in einem 10-Minuten-Loop über die zwölf Opfer der Geiselnahme von München am 5. September 1972 während der Olympischen Sommerspiele in München informiertAnsicht des Denkmals für die Opfer des Olympiaattentats 1972 „Klagebalken“ (das Denkmal befindet sich am Verbindungsweg vom Olympiastadion zum ehemaligen Olympiadorf, und zwar genau dort, wo ein Trägerseil der Zeltdachkonstruktion verankert ist)Alles sehr gut - auch ohne Auto - erreichbar aufgrund der guten Infrastruktur Münchens mit seinen zahlreichen öffentlichen Verkehrsmitteln (U-Bahnstation Olympiazentrum, aber auch mit Bus oder Straßenbahn erreichbar, dann teilweise mit ein paar Minuten Fußmarsch verbunden, je nachdem, welche Haltestelle man wählt)",50,"Essen, Deutschland",Reiseart: mit der Familie
Erlebnisdatum: Oktober 2017,Schöner Park,"Wir waren bei richtig miesem Wetter im Olympia-Park. Die Aussicht vom Turm war deshalb nicht ganz so weit - trotzdem war es total spannend mit dem schnellen Fahrstuhl nach oben zu fahren, und über München zu schauen. Die Tafeln dort sind sehr informativ und man kann sehen, wo was gelegen ist. Das Geld lohnt sich auf jeden Fall! Wir waren noch im Stadion. Hier war offen und wir konnten durch die Plätze wandern. Auch das war eine lustige Sache, denn aufgrund des schlechten Wetters, waren wir fast die einzigen. Die anderen Menschen standen nämlich in einer riesengroßen Schlange vor dem Sealife und ließen sich nass regnen - weshalb wir dies bei schlechtem Wetter nur in den früheren Stunden empfehlen würden.",40,"Kassel, Deutschland",Reiseart: als Paar
Erlebnisdatum: August 2018,Sehr schöne Parkanlage,Sehr schöne Parkanlage mit See zum Tretbootfahren für den ausgiebigen Sonntagsspaziergang. Sehr schöne Architektur.,30,"Osnabrück, Deutschland",Reiseart: als Paar
Erlebnisdatum: April 2018,Immer eine gute Wahl!,"Der Olympiapark ist auf jeden Fall ein Besuch wert. Auch die Münchner genießen den Flair des Parks relativ oft. Warum auch nicht? Am Berg bei gutem Wetter lässt es sich optimal picknicken mit wunderbarer Aussicht über München. Danach kann man dann noch einen Spaziergang um den See machen und eventuell etwas der Angebote des Olympiaparks nutzen, wie zb Sealife. Abends gibt es auch das Olympiakino im Sommer. Auch Festivals sorgen für eine interessanten Flair im Olympiapark.Außerdem ist dieser leicht zu erreichen über UBahn und Bus.",50,,Reiseart: mit Freunden
Erlebnisdatum: August 2018,Bei schönem Wetter perfekt,Man kann dort viel spazieren gehen oder sich mit einer kleinen Bahn kutschieren lassen. Essen/Trinken/Karussell ect. sind im Sommer vor Ort. Der See ist super. Ein wirklich schöner Zeitvertreib.,50,"Egelsbach, Deutschland",Reiseart: mit der Familie
Erlebnisdatum: Oktober 2017,Klasse Alternative zum Spazierengehen in der Stadt,Sehr weitläufige Parkanlage mit sporthistorischem Bezug (Olympiade 1972 / Fussball-WM 1974). An heissen Sommertagen kann man hier vom Grossstadtmief entkommen und eine Runde joggen oder spazieren. Auch an künstlichen Wasserläufen entlang - z.B. der früheren Ruderstrecke.,40,"Öhningen, Deutschland",Reiseart: mit der Familie
Erlebnisdatum: August 2018,Besuch zum Sommerfest ,Auch für Münchner immer wieder einen  Besuch wert. Herrlich ....... mitten in der Stadt viel Grün. Wir waren anlässlich zum Sommerfest im Olympiapark und es hat uns wieder sehr gut gefallen.,40,"Straßlach-Dingharting, Deutschland",Reiseart: als Paar
Erlebnisdatum: August 2018,Goldverdächtig,"Ich kennen viele Olympiaparks auf der Welt, doch der Münchner ist einzigartig.Während die meisten Parks runtergekommen sind, wird in München alles getan, die fast 50 jahre alten Anlagen in Bestform zu halten.Man hat jeden Moment das Gefühl, das Olympische feuer könnte einem auf dem Weg zur Flammenschale am Coubertinplatz begegnen.Ein Besuch auf dem Olympiaturm ist ein Muss wenn man das erste mal nach München kommt.Selbst nicht-Olympiafans fühlen sich hier wohl. Einfach am See abhängen und die einzigartige Archietktur genießen.Rauf auf den Berg oder mit den Inlinern durch den Park.Und wer sich ein wenig für die Geschichte interessiert sollte die Audioführung mmachen bei der man mit Prominenten Stimmen im Ohr durch den Park geleitet und aus aller erster Hand über Das jahrtausendbauwerk informiert wird.mein Lieblingsort in München",50,"München, Deutschland",Reiseart: als Paar
Erlebnisdatum: August 2018,Erstaunlich modern für einen fast 50 Jahre alten Park!,Nach fast 50 Jahren immer noch sehenswert und erstaunlich modern! Eine jener Olympiastätten die nicht nur für die olympischen Spiele gebaut wurden! Sehenswert!,40,,Reiseart: als Paar
Erlebnisdatum: August 2018,Sehr groß und abwechslungsreich,immer einen Ausflug Wert hier hatten wir vielk Spass waren auch in der Dinoausstellung deren Preise sind allerdings für das gebotene sehr überzogen. Aber eine Fahrt auf den Turm lohnt allemal.,50,"Weimar, Deutschland",Reiseart: mit der Familie
Erlebnisdatum: August 2018,Angenehm,"Es ist eine sehr große Anlage, was man auf jeden Fall sehen sollte ist das Olympiastadion, Olympiaturm und das Aquarium.",50,"Wien, Österreich",
Erlebnisdatum: August 2018,Sommerfest im Olympiapark ,"Sehr schöner Rummel auf dem Olympiaparkgelände. Nette Stände, es gibt auch was leckeres zu essen und schöne Fahrgeschäfte. Leider bald zu Ende. Auch ohne Sommerfest ist der Park sehenswert. Es gibt einen See, wo man Wasserski fahren kann.",50,"Bad Wimpfen, Deutschland",Reiseart: als Paar
Erlebnisdatum: August 2018,Entspannen ,Das Areal ist wirklich riesig so dass jeder ein Plätzchen findet. Entweder ganz alleine auf einer Wiese oder etwas belebter beim Biergarten. Vom Olympiaberg aus sieht man wunderbar über die Stadt bis in die Alpen. Sehr schöner Park und etwas ruhiger als der Englische Garten,40,"Plaffeien, Schweiz",Reiseart: mit Freunden
Erlebnisdatum: August 2018,Toll im Sommer,"Super Angebot, viele Essensstände, schön gestalteter Park. Moderne Kunst und Kultur. Ein Nachmittag hier verbringen,kann ich nur weiteremofehlen.",40,,Reiseart: als Paar
Erlebnisdatum: August 2018,Impark Sommerfestival,Es ist immer verblüffend dass München soviel anzubieten hat. Anlässlich des Sommerfestivals sind wir durch den Park gelaufen und die Atmosphäre war einzigartig.,50,"München, Deutschland",Reiseart: mit Freunden
Erlebnisdatum: August 2018,Grandios,"Als Kind schon im Stadion gesessen und als Vater die ""alte Liebe"" wieder gefundenFür mich eines der schönsten und spannendsten Flecken dieser Erde. Wir waren nun schon unzählige Male dort aber bei wirklich jedem München Besuch verschlägt es uns wieder dort hin.Man kann dort super entspannen, die Seele baumeln lassen, sowie Essen und entdecken.Geschichte meets Erlebnis. Wirklich nur zu empfehlen.Ich bin fasziniert von den Bauwerken und deren Entstehung. Natürlich auch die Geschichte ist ein wichtiger Teil.Ich hoffe dieser Park wird für immer bestehen (Weltkulturerbe)Wir freuen uns schon auf das nächste Mal !!!",50,,Reiseart: mit der Familie
Erlebnisdatum: August 2018,Dachtour einmalig!,Das wohl coolste Event ist die Zeltdachtour. Man erfährt alles über die Entstehung und die Geschichte Münchens. Die Tourguides Daniel und Anna haben das super gemacht. Locker und leger. Es bietet sich ein einmaliger Blick über München. Absolut sicher angegurtet und auf einem Steg mit Geländer auf beiden Seiten. Aber wer nicht fit ist und kein gutes Schuhwerk dabei hat kann es vergessen. Wer will kann noch mit der Zipline auf die andere Seite sich abseilen was extra kostet.,50,"Niedereschach, Deutschland",Reiseart: mit der Familie
Erlebnisdatum: März 2018,Schöner Ausflug,"Schöner Ausflug - auch die Zeltdach-Tour ist zu empfehlen, wenn auch etwas teuer. Ansonsten sind hier auch immer wieder viele Veranstaltungen.",50,"Esslingen am Neckar, Deutschland",Reiseart: mit der Familie
Erlebnisdatum: Juli 2018,Immer wieder gut,Die parkanlage ist sehr gepföegt und bietet einfach Ruhe und Entspannung für jedermann. Ist wirklich zu empfehlen.,50,"Tafers, Schweiz",Reiseart: mit der Familie
Erlebnisdatum: Juli 2018,Immer einen Ausflug wert... ,"Wir waren zum ed sheeran Konzert im Olympiastadion. Ein wirklich tolles Stadion, eine gute Organisation und viele nette, entspannte Leute machten den Abend einzigartig. Wir kommen gerne nochmal wieder, auch wenn kein Konzert stattfindet.",50,,Reiseart: mit Freunden
Erlebnisdatum: Juli 2018,Olympiapark,"Etwas in die Jahre gekommen, aber auf jeden Fall eine super Alternative zum Englischen Garten. weniger Leute und absolut ruhig gelegen.",40,"St. Wendel, Deutschland",Reiseart: mit Freunden
Erlebnisdatum: Juli 2018,Toll was hier los ist,"Wir waren dort auf dem Weg zum Konzert von Ed Sheeran im Olympiastadion und sogen die wahnsinnig schöne Stimmung im Olympiapark auf. Überall entspannte Menschen, eine kleine Kirmes und ein süßer See mit kleinen Hügeln außen herum, hier kann man sich wohlfühlen!",50,"Heidelberg, Deutschland",Reiseart: als Paar
Erlebnisdatum: August 2017,Toller Platz um den Sommer zu geniessen.,"Waren dort mit einigen Freunden da, um das tolle Wetter zu geniessen. Die Stimmung ist sehr ausgelassen und freundlich. Man lernt schnell viele junge Leute kennen, welche einem tolle Tips zur Stadt geben können.",40,"Olten, Schweiz",Reiseart: mit Freunden
Erlebnisdatum: Juli 2018,Seltener im Park unterwegs ,Im Olympiapark war ich früher häufig zum Besuch von Fußballspielen. Doch auch jetzt lässt sich dort wunderbar entspannen.,40,"Herford, Deutschland",Reiseart: mit Freunden
Erlebnisdatum: Juli 2018,Familien Treffen,"Bei sehr heißen Temperaturen besuchten wir den Park. Unser Ziel der Aussichtsberg. Von hieroben hatten wir bei guter Sicht einen 360Grad Blick über München. Auch die übrigen Gebäude und der weitere Park können wir empfehlen.Für ein Picknick gibt es tolle Plätze, auch an einem See ist genügend Platz.Hingehen und den Fernbick genießen.",40,"Berlin, Deutschland",Reiseart: mit der Familie
Erlebnisdatum: Mai 2018,Schöner Park auch an Sommerabenden,Gerade im Sommer sehr schön bei diversen Veranstaltungen Abends. Ist halt aber auch künstlich angelegt. Gut um ne Runde zu laufen / joggen.,40,"München, Deutschland",Reiseart: mit Freunden
Erlebnisdatum: Juli 2018,Einfach nur super,"Bei schönem Wetter ist der Olympiapark ein absolutes Muss. Obwohl die Gebäude brachliegen und auch nicht wirklich begehbar sind, ist gesamte Anlage super gut gepflegt und hat eine ganz tolle Atmosphäre. Trotzdem ich von meinem vorherigen Ausflug recht erschöpft war bin ich noch auf den Olympiaberg hinaufgestiegen. Und das hat sich wirklich gelohnt . Von dort hat man eine absolut traumhafte Aussicht über München. Hier lohnt es sich auf den Sonnenuntergang zu warten. Für mich war der Besuch vom Olympiapark ein absolutes Highlight. Ich werde diesen Ort auf jeden Fall wieder besuchen und bei meinem nächsten Besuch plane ich auch eine Besichtigung des Hauptstadions.",50,,Reiseart: geschäftlich
Erlebnisdatum: Juli 2018,Schoen zum Entspannen,"Nach all dem Trubel in der Stadt kann man hier die Ruhe und die Natur genießen. Man sieht Jogger, Radfahrer, Beach Volleyballer. Man kann Boot fahren etc",40,"Kehl, Deutschland",Reiseart: mit Freunden
Erlebnisdatum: Juli 2018,Tolle Aussicht über München!,Meine Empfehlung: Unbedingt rauf auf den Turm! Von hier aus hat man eine tolle Übersicht über München und kann- bei gutem Wetter- sogar die Alpen erkennen.,50,"Paderborn, Deutschland",Reiseart: als Paar
Erlebnisdatum: März 2018,einen Besuch wert,"Wir sind oft geschäftlich in München, aber es war uns bisher nicht gelungen, den Olympiapark zu besuchen. Ein Fehler wie wir gestehen müssen. Diese einzigartige Architektur muss man mit eigenen Augen gesehen haben. Die Stadien sind wie gewachsen  in die Natur integriert. Am besten schaut man sich alles vom Olympiaberg an, wobei „Berg“ leicht übertrieben ist und dann aus der Nähe, damit man die unvergleichliche Baukunst erkennt. Und wenn man bedenkt, dass alles auf einem Berg von Schutt, Geröll und Trümmern aus dem 2. Weltkrieg entstand, ist die Bewunderung noch größer.Interessant ist auch der „Walk of Fame“, auf dem sich viele nationale und internationale Künstler - wie Aerosmith, Deep Purple, Die Toten Hosen, Meat Loaf, Alice Cooper - mit ihren Handabdrücken verewigt haben.Und wenn das Wetter mitspielt, wir hatten das Glück, kann man vom Olympiaturm bis zu den Alpen sehen.Es lohnt sich wirklich im Olympiapark einige Zeit zu verbringen.",50,"Kiel, Deutschland",Reiseart: als Paar
Erlebnisdatum: Juni 2018,Immer etwas los,"Wir waren dort bei dem Event ""Mash"" und sind begeistert gewesen. Tolle Atmosphäre mit sportlichen Highlights wie BMX, Skateborden und Wake Bordern der Weltklasse, bei freiem Eintritt",50,"Essen, Deutschland",Reiseart: mit der Familie
Erlebnisdatum: Juli 2018,Sehr gut zu erreichen,Leider war am Tag zuvor eine Veranstaltung und dadurch einiges abgezäunt. Trotzdem sehenswert. Es war gerade ein Sommerfest mit vielen Buden dort.,50,,Reiseart: als Paar
Erlebnisdatum: Mai 2018,Schöner Ort in München ,"Ein schöner, weitläufiger Park in München mit verschiedenen Highlights, wie dem Stadion, dem Schwimmbad, dem Turm samt Restaurant, sowie den Hallen für Veranstaltungen.",40,"München, Deutschland",Reiseart: als Paar
Erlebnisdatum: Mai 2018,Toller Park mit unzähligen Möglichkeiten ,"Während des Wings for Life World Run lernte die Familie die Vorzüge des Parks kennen. Ob spazieren,  die Sonne genießen, Ausstellungen besuchen oder sportlich aktiv sein, alles ist machbar.",50,"Dresden, Deutschland",Reiseart: mit der Familie
