date,title,text,rating,visitor_origin,visit
Erlebnisdatum: Juli 2020,Eindrucksvoll,Eine beeindruckende Sprungschanze. Die Arena ist renovierungsbedürftig und wird auch gerade saniert. Gibt einen Einblick in die jüngste Geschichte.,40,"Bellheim, Deutschland",
Erlebnisdatum: Juli 2020,top,"Interessantes sporthistorisches Umfeld. Leider derzeit etwasa Baustelle, so dass die Ausstellung nicht zu besichtigen war.",40,,
Erlebnisdatum: Juli 2020,Ein Stück Geschichte,"Wir haben kurz ins Olympiastadion geschaut (ohne Führung). War gerade Skisprungtraining und sehr interessant zum Zuschauen. Ansonsten ist das Gelände zwar nicht mehr 100%ig gut in Schuss, aber für Baujahr 1921 wirklich in Ordnung. Hier kommt der Flair ehemaliger Sportgeschichte",40,"Augsburg, Deutschland",
Erlebnisdatum: Juni 2020,Beeindruckend ,"Absolut beeindruckendes Stadion mit seinen 4 Schanzen und der Geschichte, die nicht immer schön war. Leider war zu unserer Zeit die Ausstellung „die Kehrseite der Medaille“ wegen umbau zu. Im Biergarten gab es übrigens den besten Kaiserschmarren ever....!!!!!!",50,"Frankfurt am Main, Deutschland",
Erlebnisdatum: Juni 2020,Tolle Schanze,Sehr schöne Skisprungschanze mitten in Garmisch. Anlage sieht man schon von weitem. Ein Muss für jeden Wintersport Fan zum besichtigen. ,50,,
Erlebnisdatum: März 2020,Skifahren ,Man kommt in dieses Stadium und hat sofort die großen Bauwerke Deutschlands im Kopf. Absolut genial werde mal bei einem Wettbewerb wieder kommen. ,50,"Kuppenheim, Deutschland",
Erlebnisdatum: Januar 2020,Das Neujahrsspringen ist beeindruckend,"Die alte Architektur ist sicherlich nicht jedermanns Ding, aber es ist geschichtsträchtig. Der Ablauf der Veranstaltung war gekonnt und professionell, allerdings gab es doch 2 Sachen, die wir nicht gut fanden. Kaum Kontrollen der Taschen ruft bei Großveranstaltung gewöhnten doch",40,"Berlin, Deutschland",
Erlebnisdatum: Dezember 2019,Muss man mal gesehen haben,"Ist einfach ein Erlebnis, wenn man so etwas vorher noch nicht gesehen hat. Wir waren zum Neujahrsskispringen hier und überrascht über die sehr fairen Eintrittspreise. Es ist nicht überfüllt, sondern weitläufig. Sowohl im Stadion wie auch außerhalb gibt es viele Essensbuden.",50,"Wiesbaden, Deutschland",
Erlebnisdatum: Oktober 2019,Geschichte pur,Einfach eine Reise wert! Man spürt trotz Umbau die Historie dieses Ortes. Die Schanze einfach ein toller Anblick ,50,"Duisburg, Deutschland",
Erlebnisdatum: September 2019,Enttäuschend,"Die Anlage ist schon ziemlich in die Jahre gekommen. Es hat nichts, was einem wirklich begeistern könnte. Auch der Parkplatz hätte wieder mal einen neuen Belag nötig!",20,Schweiz,
Erlebnisdatum: Juli 2019,Geschichte pur,Ein Besuch lohnt sich immer.Man spürt die Geschichte dieses Ortes.Hoffe das bleibt nach der Renovierung erhalten,50,"Duisburg, Deutschland",Reiseart: allein
Erlebnisdatum: Juli 2019,Führung auf die Großschanze,"Die Führung zur / auf und in die Großschanze war ein echtes Highlight unseres Wochenendausfluges. Wer mal ganz oben gestanden hat, kann sehr viel besser nachempfinden, welche Herausforderungen ein Skispringer zu meistern hat. Unsere sehr kompetente Reiseführerin hat uns zudem viele Insights aus dem Skisprungzirkus gegeben.",50,,Reiseart: mit Freunden
Erlebnisdatum: Juni 2019,"Nicht sehenswert, Bauarbeiten bis 2020","Aktuell nicht unbedingt sehenswert (Juni 2019), da noch bis Ende 2020 die Sanierungsarbeiten in vollem Gange sind (Bagger, Kräne und entsprechender Baulärm). Die Sanierungsarbeiten sind auch dringend notwendig, das Stadion ist in einem fast schon baufälligem Zustand ... schade, dass hier anscheinend jahrelang nichts in die Erhaltung und Pflege investiert wurde! Eigentlich schade, da der ganz eigene Baustil der 1930er Jahre hier durchaus imposant wirken könnte (sicherlich Ansichtssache)",30,"Neustadt an der Aisch, Deutschland",Reiseart: als Paar
Erlebnisdatum: Juni 2019,Beeindruckend aber im Moment im Bau,"Wer in Garmisch Partenkirchen ist muss sich auch die Skisprungschanzen und das Olympiastadion anschauen, in dem 1936 die Winterspiele stattgefunden haben.Die Drei Schanzen sind beeindruckend und Respekt vor den Sportlern die da herunterfliegen.Das Stadion selbst ist im Moment im Bau und Bagger und Kran stehen dort im inneren.Fazit: muss man gesehen haben",30,"Rastatt, Deutschland",Reiseart: mit der Familie
Erlebnisdatum: Mai 2019,Beeindruckendes Teil,Wir sind vom Hotel aus spontan zum Olympiastadion gelaufen.Die Sprungschanzen zu sehen ist sehr beeindruckend welche ein Mut die Sportler mitbringen müssen!Es gibt geführte Touren aber zur Zeit ist aufgrund einer Baustelle und Sanierung fast alles auch so öffentlich zugänglich.Absolut sehenswert auch architektonisch.,40,"Karlsdorf-Neuthard, Deutschland",Reiseart: als Paar
Erlebnisdatum: März 2019,Interessant im Winter,"Wir haben einen kurzen Zwischenstopp gemacht und im Olympiahaus auf der Terrasse in der Sonne eine Tasse Kaffee getrunken. Das Stadion wird gerade renoviert, man konnte aber trotzdem alles besichtigen. Interessant ist die Geschichte und die Olympiaschanze. Wir hatten das Glück und konnten einige Skispringer beim Trainieren beobachten. Schon eindrucksvoll!",50,,Reiseart: als Paar
Erlebnisdatum: April 2018,Urlaub,Das Olympiastadion bietet eine gut bürgerliche Küche Kaffee und Kuchen inclusive etwas Geschichte und bei schönem Wetter einen herrlichen Blick auf die Schanzen und berglandschaft das Stadion ist zum größten Teil noch so erhalten wie es damals gebaut wurde,30,,Reiseart: als Paar
Erlebnisdatum: Januar 2019,Besuch zur Vierschanzentournee,"Das Stadion, bis auf die noch zu renovierende Ostribüne, bzw. die Athmosphäre zum Neujahrsspringen waren hervorragend, der Skiclub Partenkirchen hatte alles perfekt organisiert. Gern kommen wir wieder, tolles Event.",50,"Ludwigsfelde, Deutschland",Reiseart: als Paar
Erlebnisdatum: Oktober 2018,Ein Muss für Wintersport-Fans,"Erstaunlich ungepflegter Zustand dieses über die Landesgrenzen hinaus bekannten Stadions. Warum man dieses historische Bauwerk erst so verkommen lassen muss, erschließt sich mir nicht. Renovierung läuft, daher gab es auch große Probleme mit freien Parkplätzen.",30,"Schöneiche bei Berlin, Deutschland",Reiseart: mit der Familie
Erlebnisdatum: Oktober 2018,Sprungschanze gigantisch,"Wer die neue Sprungschanze mit eigenen Augen gesehen hat, wird Skispringen im TV mit noch viel größerem Respekt verfolgen.",40,Deutschland,Reiseart: mit der Familie
Erlebnisdatum: Oktober 2017,Immer wieder,"Auch dieser Teil von Partenkirchen muss gesehen werden, Einfach K L A S S E !!  Im Winter natuerlich Spitze !Aber auch im Sommer .",50,"Chomutov, Tschechien",Reiseart: allein
Erlebnisdatum: Juni 2018,Toller Service,"Sehr nette Bedienung, die Bestellung kam sehr schnell. Toller Ausblick auf die Schanze; wir saßen draußen. Das Preis-Leistungsverhältnis ist in Ordnung. Wir sind nächstes Jahr wieder da !",50,"Haan, Deutschland",Reiseart: als Paar
Erlebnisdatum: Juni 2018,Im Sommer in 10 Minuten erledigt,Es ist ein reines Wintersportstadion. Im Sommer ist nicht viel dort zu sehen aber es ist teilweise ein Biergarten.Am besten mit einer Bergwanderung  z.b. zum Eckbauer kombinieren.,40,"Hohenkammer, Deutschland",Reiseart: mit Freunden
Erlebnisdatum: Mai 2018,Heimatbesuch ,Das alte Olympiastadion ist die Heimat der Skischanzen in Partenkirchen. Im Olympiastadion kann man sich in der Gaststätte stärken und den Mut der Skispringer bewundern wenn Sie von hoch oben in die Tiefe fliegen.  Wer sich für den Sport interessiert sollte sich die Skischanzen ansehen.,40,"Bremen, Deutschland",
Erlebnisdatum: April 2018,Es nagt der Zahn der Zeit,"Die Olympiaschanze selbst ist sehr beeindruckend...auch ohne Schnee.Der Großteil der Tribünen sind jedoch in einem sehr schlechten Zustand und man hat Angst, dass sie einem unter dem Hintern wegbröckeln würden.Offensichtlich ist es jedoch immer noch günstiger, für große Events Plätze einzubauen, als eine Renovierung in Angriff zu nehmen. Stichwort: Denkmalschutz. Schade!",30,"Berlin, Deutschland",Reiseart: mit Freunden
Erlebnisdatum: April 2018,Mehr als renovierungsbedürftig,Mit Ausnahme der Schanzen ist das Olympiastadion mehr als deutlich renovierungsbedürftig. Eines Olympiastadion nicht mehr würdig. (Ist ja auch schon paar Jahrzehnte her...),30,"Höhn, Deutschland",Reiseart: als Paar
Erlebnisdatum: März 2018,Super Führung,"Wir haben uns zur Führung angemeldet,darüber waren wir froh ! Was man da in diesen 2 Stunden alles erfährt war sehr interressant !Von ganz unten bis ganz hoch zur Schanze war es ein sehr tolles Erlebnis !Die Frau welche die Gruppe geführt hat war top und es war nie langweilig in diesen 2 Stunden !",50,"Villingen-Schwenningen, Deutschland",Reiseart: mit Freunden
Erlebnisdatum: März 2018,schneereich auch sehr schön,"Wir waren im schneereichen März da, da wirkt die Anlage nochmal anders als beim letzten Mal im Sommer, weiterhin beeindruckend, auch wenn ich die Architektur der damaligen ""Regierung"" weiterhin nicht unbedingt schön finden muß.",40,"Berlin, Deutschland",Reiseart: mit Freunden
Erlebnisdatum: März 2017,Imposante Skischanze,"Abgesehen von der Geschichtsträchtigen Arena, mit Skulptur und Erklärungstafeln zur Winter Olympiade 1936, bietet die architektonisch sehr imposante Skischanze einen erhebenden Anblick. Die 3 anderen kleinen Schanzen daneben runden das Bild ab. Selbst nach Umbau des Stadions, kann man sich die Atmosphäre zur Zeit der Spiele gut vorstellen. Jeden Samstag findet eine geführte Tour auf die Schanze statt, zu der Sie sich aber 24 Std. vorher anmelden müssen. (Per Tel. im Tourist Office) Also daran denken, falls sie Samstags einen Besuch planen. Im Rundbau findet der Besucher eine Dauerausstellung vor, der die andere Seite der Medalie dieses Sportes eindringlich aufbereitet. Beides sehr sehenswert. Im angegliederten Restaurant hat man bei Kaffee und Kuchen oder beim Essen einen schönen Blick auf die gesamte Anlage.",50,"Garmisch-Partenkirchen, Deutschland",Reiseart: allein
Erlebnisdatum: November 2017,Jetzt fliegen sie wieder,"Das schaut schon beeindruckend aus in natura, wenn die winzigen Menschen dieses Ungetüm hinuntersausen, erst recht im leeren Stadion, wo auf den Rängen keine Zuschauermengen geballt sind und das Training auf grünen Matten stattfindet. Aus der Eckbauer-Bahn erfasst man die gewaltige Grösse am besten.",40,"Düsseldorf, Deutschland",Reiseart: mit Freunden
Erlebnisdatum: Oktober 2017,Besuch der Sprungschanze,Sprungschanze beeindruckend aber das eigentliche Stadion könnte mal einen Anstrich gebrauchenAuch die Sitzreihen ziemlich ungepflegt .Besuch zur Ausstellung „ Die andere Seite der Medaille „ lohnt sich,30,,Reiseart: als Paar
Erlebnisdatum: September 2017,Interessant anzusehen,"Es ist schon interessant, dieses Bauwerk aus den 30ger Jahren anzusehen. man sieht deutlich die damaligen Einflüsse, fast erwartet man ein Hakenkreuz.",40,"Schaafheim, Deutschland",Reiseart: mit der Familie
Erlebnisdatum: August 2017,Einfache mal sehen ,"Das Stadion bietet sehr gute  Unterhaltung. Vor allem die Schanzen sind natürlich beeindruckend, aber auch die Historie, die hinter dem ganzen steckt und die man hier und da noch nachlesen kann.Viel grüße Bine und Ralf",50,"Mainz, Deutschland",Reiseart: als Paar
Erlebnisdatum: August 2017,Sehenswert für Jedernann,"Ich bin kein Experte für Wintersport und begeistere mich auch nicht explizit für den Skisprung. Aber Sportstätten wie diese sind wirklich einen Besuch wert! Sie haben nicht nur internationales Interesse, sondern Einfluss auf die Region. Ich habe schon zwei andere Schanzen bisher besichtigt und hätte gerne die Schanzenführung in Garmisch mitgemacht. Leider ging dies Zeitlupe nicht. Die Führung gibt es Samstags um 15 Uhr. Ich würde sie jedem empfehlen! Ganz oben zu stehen auf diesem beeindruckenden Bauwerk ist wirklich cool. Wir sind ohne Tour zur Schanze hoch gelaufen so weit es ging. Da hat man auch eine wunderschöne Aussicht.",40,"Nürnberg, Deutschland",Reiseart: mit Freunden
Erlebnisdatum: August 2017,Urlaub ,"Die Anlage ist schon eine Sehenswürdigkeit aber der Erhaltungszustand ist schon fragwürdig, leider auch wenn der geschichtliche Hintergrund nicht der beste ist. Aber das gehört zu unserer Vergangenheit mit der wir auch in Zukunft noch weiterleben müssen.",50,"Delligsen, Deutschland",Reiseart: als Paar
Erlebnisdatum: August 2017,Ziiiiiiiiieeeeeeeeeehhhhh!,"Spätestens vom Neujahrsskispringen ist das Partenkirchener Olympiastadion allen ein Begriff. Das Stadion wurde anlässlich der Olympischen Winterspiele 1936 errichtet. Eine Dauerausstellung am Osteingang erinnert an die Schattenseiten der NaziOlympiade. Die neue Schanze ist ein Muss. 10€ kostet eine Führung, die den Blick und den Mut der Weltcupspringer eindeutig vermittelt. Für eine kleine Mutprobe ist zwischen Schanzentisch und Stadion ein Flying Fox gespannt. Dort kann man für 15€ den Flug am Stahlseil antreten. Und wer mag kann dann den Schrei aus tausenden Kehlen am Neujahrstag nachvollziehen.... ziiiiieeeeeehhhhh!",40,,Reiseart: als Paar
Erlebnisdatum: Juni 2017,Sollte man sich ansehen,Mit Olympiaschanze ist dieses Stadion auf jeden Fall einen Besuch wert. Schöne Wanderwege auch für Senioren gut angelegt,40,"Eisenberg, Deutschland",Reiseart: als Paar
Erlebnisdatum: Juni 2017,Flying Fox im Olympiastadion ,"Wir waren zum Flying Fox ins Olympiastadion gelaufen. Die Schanze selber kann mit oder ohne Führung besichtigt werden - ohne Führung jedoch nur von aussen. Flying Fox macht Spass, schlägt mit einer einzigen Fahrt mit 15€ zu Buche, weitere Fahrten zu 5€ sind dann wieder moderat.",30,"Emmen, Schweiz",Reiseart: als Paar
Erlebnisdatum: Mai 2017,Kurz Besuch ,Wir haben uns das Gelände um die  Sprungschanze nur kurz angeschaut es war sehr interessant das Stadion selbst ist etwas in die Jahre gekommen,30,"Schwäbisch Hall, Deutschland",Reiseart: mit Freunden
Erlebnisdatum: April 2017,Die Gemeinde hat keinen Plan,"Der Umgang mit Naziarchitektur ist zugegebenermaßen problematisch. Doch der Erhaltungszustand des Stadions (nicht der für viele Millionen vom vorigen 1.Bürgermeister gebauten Schanze) ist erbärmlich und zeigt die Zaghaftigkeit und Planlosigkeit mit diesem geschichtlichen Ballast. Dabei sind gute Ansätze, wie das Alpentestival, durchaus vorhanden.",10,"Konstanz, Deutschland",Reiseart: als Paar
Erlebnisdatum: Mai 2017,Kurzer Stopp ,"Es ist schon toll, sich die ganzen Anlagen anschauen zu können und dort zu stehen. Mit dem parken ist es allerdings nicht so einfach, denn es ist häufig sehr voll. Verpflegung bekommt man dort überall gut und auch zusätzliche Attraktionen werden angeboten",40,,Reiseart: mit der Familie
Erlebnisdatum: Mai 2017,Sportgeschichte,Interessante historische und aktuelle Sportstätte.Vieles ist noch im Original erhalten.Kostenloser Eintritt.Zwei Gaststätten sind direkt am Stadion.Jede Menge Parkplätze davor.Es kann zu den Schanzen hinauf spaziert werden.,40,"Cham, Deutschland",Reiseart: als Paar
Erlebnisdatum: April 2017,Unbedingt besichtigen...,"Man kommt sowieso hierher, wenn man in Garmisch ist. Entweder man parkt hier, um mit der Eckbauer-Bahn zu fahren oder den Weg zur Partnachklamm zu nehmen. Wie dem auch sei, man sollte das Stadion nicht links liegen lassen,  sondern einen Blick riskieren. Historisch ist das Stadion sowieso bedeutend, weil hier eben die Spiele während des 2. Weltkriegs stattfanden. Außerdem markiert es sicherlich einen Meilenstein im modernen Wintersport. Zwar wurde die alte Sprungschanze durch eine moderne Schanze ersetzt, aber es ist eine imposante Anlage.",40,"München, Deutschland",Reiseart: als Paar
Erlebnisdatum: Februar 2017,Reicht einmal gesehen zu haben,"Das Ganze erinnert doch noch stark an Olympia 1936. Das Areal kam mir nicht sonderlich gepflegt vor. Gut, es war Winterübergangszeit und da kann es hier und dort ein wenig schmuddelig sein. Ansonsten sieht man die Schanze und die klineren daneben aber das war´s auch schon. Ich für meinen Teil muss es mir kein zweites Mal ansehen. Als Ausflug für einen Tag nicht geeignet. Am besten mitnehmen wenn man in der Nähe ist.",30,"Murnau, Deutschland",Reiseart: als Paar
Erlebnisdatum: Oktober 2016,Schanzenführung 1a,"Unbedingt eine Schanzenführung buchen.Das Gasthaus im Olympia Stadion ist gemütlich , das Essen lecker,die KUCHEN ein Traum",40,"Buxtehude, Deutschland",Reiseart: als Paar
Erlebnisdatum: März 2017,Hier ist also das Neujahrsspringen,"das sagt auch die Werbung draußen und man fragt sich, ob es noch oder schon da hängt. Das Stadion ist interessant anzusehen, bietet einen Rundgang und ist für jeden zugänglich, dafür Daumen hoch!",40,"Frankfurt am Main, Deutschland",Reiseart: mit Freunden
Erlebnisdatum: Februar 2017,Einen kurzen Besuch wert,"Das Stadion bietet jetzt nicht die große Unterhaltung, aber es ist doch ganz schön und spannend da einen kurzen Blick reinzuwerfen. Vor allem die Schanzen sind natürlich beeindruckend, aber auch die Historie, die hinter dem ganzen steckt und die man hier und da noch erkennen bzw. nachlesen kann.",40,"Stuttgart, Deutschland",Reiseart: allein
Erlebnisdatum: Februar 2017,Tolle Geschichte,Wanderung vom Olympiastadion zur Partnachklamm und dann die Sonne auf der Terrasse vom Graseck Restaurant genossen.,50,"München, Deutschland",Reiseart: mit Freunden
Erlebnisdatum: Januar 2017,Beeindruckend ,"Die Schanze ist absolut beeindruckend - futuristisch wie das besondere Schiedsrichtergebäude, der Gasthof Olympiahaus noch von ""damals"", von hier aus kann man zur Partnachklamm wandern oder auch im Stadion die Schanze bei einer Führung besichtigen oder beim Training zuschauen.  Auch die Ausstellung zu den Olympischen Spielen 1936 anschauen!",40,"Bregenz, Österreich",Reiseart: als Paar
Erlebnisdatum: Januar 2017,waren mehrfach zum Essen,"Qualitativ hochwertigt, gutes Preis- Leistungsverhältnis.Kleinere Auswahl, dafür aber alles frisch zubereite. Besonders empfehlenswert ist der Schweinsbraten.",50,"Sankt Martin, Deutschland",Reiseart: mit der Familie
Erlebnisdatum: Januar 2017,Besuch bei der Vierschanzentournee,Wir bekamen noch zwei Stehplätze im Stadion auf der Vierschanzentournee. Die gesamte Veranstaltung war ein beeindruckendes Erlebnis mit Partycharakter. Der Stadionsprecher heizte mit seinen Sprüchen und rhythmischen Klängen das Publikum an.  Bei traumhaften Wetter gelangen den Skispringern wieder beste Ergebnisse. Im Gegensatz zu den Sitzplätzen bekamen wir im Stehplatzbereich von 13 bis 15 Uhr bei minusgraden die warmen Sonnenstrahlen zu spüren. Auf der großen Videoleinwand konnten wir den die Details der Veranstaltung verfolgen. Ein gelungener Start für das neue Jahr.,40,"Stuttgart, Deutschland",Reiseart: als Paar
Erlebnisdatum: Dezember 2016,Super,"Sollte man sich anschauen, gerade noch wenn es Winter ist und Schnee liegt, sehr toll davor zu stehen und die Größe mal zu sehen die die Sprungschanze in Wirklichkeit hat",50,"Heidesheim, Deutschland",
Erlebnisdatum: November 2016,Muss man einmal gesehen haben,"Es ist wirklich interessant, wenn man das Station von der Vierschanzentournee aus dem Fernsehen kennt und dann mal live sieht. Ist es wirklich das Gleiche? Das Stadion wurde zur Olympiade 1936 gebaut und es sie so aus, als wäre die Zeit stehen geblieben. Schade. Die Anlage könnte mal etwas modernisiert werden, wobei man das nur sieht, wenn alles leer ist. Beeindruckend die Schanze und wie klein das Auslauf nach dem Sprung doch ist. Sonst gibt es hier aber aussen nicht viel zu sehen und zu entdecken. Wenn man etwas mehr Zeit hat, weiter laufen zur Partnachklamm (hat ganzjährig geöffnet).",30,"München, Deutschland",Reiseart: als Paar
Erlebnisdatum: Mai 2016,Olympische Spiele 36,"man muß diese Architektur nicht mögen, aber es ist schon beeindruckend, auch im Sommer. Nehmen Sie sich die Zeit für einen Spaziergang",50,"Berlin, Deutschland",Reiseart: mit Freunden
Erlebnisdatum: Oktober 2016,Immer einen Besuch wert ,"Das Olympiastadion wurde im Jahr 1936 gebaut und sehenswert. Die Ränge sind ins Alter gekommen, könnten modernisiert werden...Die neue Schanze sieht super aus und von der Konstruktion einfach genial. Schade ist, das man vor Ort keine Führung buchen kann , wir haben keine Möglichkeit gefunden- nur der Hinweis im Stadtzentrum buchbar, und auch nicht komplett besichtigen kann. Dies ist nur mit einem Guide möglich.",40,"Königshain, Deutschland",Reiseart: als Paar
Erlebnisdatum: August 2016,Absolut sehenswert!!,"Wenn man Garmisch besucht, ist der Besuch dieser alten Sportstätte ein absolutes muß-ebenso wie die alte Bobbahn...Wenn man unten am Auslauf steht, kann man sich mit etwas Phantasie sehr gut in die Stimmung einfühlen und bekommt einen Riesenrespekt vor den sportlichen Leistungen der Sportler.",40,"Salo, Italien",Reiseart: als Paar
Erlebnisdatum: August 2016,Geschichte live erleben,Beeindruckend an einem historischen Ort zu sein. Durch aktuelle Spirtevents immer Im Puls der Zeit. Eignet sich auch für einen schönen Ausflug ohne größeren Aufwand.,40,"Garmisch-Partenkirchen, Deutschland",
Erlebnisdatum: September 2016,Historische Sportstätte ,Es ist ein muß diese Sportstätte zubesuchen. Die neue Schanze sieht super modern aus und man bekommt großen Respekt vor den Springern wenn man am unter dem Schanzenrisch steht . Und runter schaut.,40,Erkelenz,Reiseart: als Paar
Erlebnisdatum: Juli 2016,Das gute am Stadion ist der Parkplatz,Das gute am Stadion ist einzig und allein der Parkplatz. und das auch nur am ersten wochenende im Juli. da kann das BMW-Treffen wenigstens stattfinden.,40,"Garmisch-Partenkirchen, Deutschland",Reiseart: mit Freunden
Erlebnisdatum: Februar 2016,Für jeden Sportfan ein Muss,Man spürt hier direkt den Flair der Olympiade.Am Schanzentisch hat man zudem einen tollen Blick über GaPa,50,"Duisburg, Deutschland",Reiseart: als Paar
Erlebnisdatum: Juli 2016,Beeindruckend,"Das Olympia-Skistadion wurde für die Olympischen Spiele 1936 gebaut und ist auch heute noch einen Besuch wert.2007 wurde die große alte Schanze gesprengt um einer neuen Schanze Platz zu schaffen. Beeindruckend die Form der Schanze, die einem Damenschuh nachempfunden wurde. Wie ich finde ein ausgesprochen schönes Stadion!",50,"Augsburg, Deutschland",Reiseart: mit Freunden
Erlebnisdatum: August 2016,Historisch lehrreich,"Ein Besuch des Olympiastadions im Garmisch-Partenkirchen gibt einen guten Einblick in das Zusammenspiel von vergangenem und moderne. Eine hochmoderne Skisprungschanze direkt in einem alten, veraltetem, in Teilen sanierungsbedürftigen Stadion. Der beschilderte Stadionrundgang und die Ausstellung ""Die Kehrseite der Medaille"" geben einen Einblick in die Geschichte des Stadions.",50,"Bremerhaven, Deutschland",Reiseart: als Paar
Erlebnisdatum: August 2016,"Sehenswert, kostenlos und schnell zu besichtigen","Da die Olympia-Schanze zu den Wahrzeichen von Garmisch-Patenkirchen gehört und jedem Skisprung-Fan durch das legendäre Neujahrsspringen ein Begriff ist, ist der Besuch der Schanze und somit auch des Stadions ein Pflichtbesuch und vermutlich auch die erste Sightseeing-Stelle der meisten Besucher.Trotz nicht übersehbarer Altersspuren, fühlt es sich atmosphärisch toll an, das Stadion zu betreten.Da man direkt am Stadion parken kann, kann der Besuch sehr schnell umgesetzt werden.",40,"Fellbach, Deutschland",Reiseart: mit der Familie
Erlebnisdatum: August 2016,Am Fusse der Schanze,Mein Besuch hat sich auf einen kurzen Blick in das Stadion beschränkt. Im Sommer steht das Stadion auf und man kann von unten einen Blick auf die Schanze werfen. Es gibt einen Biergarten. Auf dem Weg zur Klamm kann man diesen Ort gut mitnehmen.,40,"Aachen, Deutschland",Reiseart: mit der Familie
Erlebnisdatum: Juli 2016,Atemberaubend ,"Wir haben eine Führung für auf die Sprungschanze gebucht. Bei Sonnenschein hat uns eine tolle und witzige Leiterin empfangen. Wir haben dann nach einem kurzen Rundweg im Stadion die Sprungschanze erklommen. (Inbegriffen die Reporterräume)Ich dachte erst wir laufen nur bis zum Schanzentisch aber nein wir sind ganz hoch gelaufen. :) schwindelfrei sollten man sein, da es doch ziemlich hoch ist und die Schanze im Wind schwankt. Oben angekommen hatten wir einen Wahnsinnsausblick auf die Stadt und die Berge. Auch den Sonnenuntergang konnten wir bestaunen. Nur empfehlenswert. Einmaliges Erlebnis und für mich unvergesslich!!",50,,Reiseart: mit Freunden
Erlebnisdatum: Juli 2016,Tolles Stadion,"Sehr altes schönes Stadion, tolle beeindruckende Schanze. Für Nervenkitzel ist auch gesorgt Flying Fox, Rodelbahn und Seilbahn.",40,"Waldshut-Tiengen, Deutschland",Reiseart: als Paar
Erlebnisdatum: Juli 2016,Nice to see,Nett mal gesehen zu haben. Es ist offentlich zugänglich. Die Sprungschanze ist schon sehr  beeindruckend,30,"Beilngries, Deutschland",Reiseart: als Paar
Erlebnisdatum: August 2015,Beeindruckende Schanze,"Ich war vor Jahren als Kind schon einmal hier und habe noch die alte Schanze im Gedächtnis, die war damals schon beeindruckend. Die neue Schanze ist wesentlich beeindruckender und futuristischer, auch wenn ich sie mich nie runter stürzen würde. Ich nutze das Stadion lieber im Sommer als Rastplatz für eine Brotzeit nach dem Wandern in der Klamm.",50,"Augsburg, Deutschland",
Erlebnisdatum: Mai 2016,Führung unbedingt empfehlenswert ,Eine Führung über die Schanze findet 2 mal wöchentlich statt und ist sehr empfehlenswert. Man hat einen tollen Eindruck und bekommt in den 2 Stunden viel erklärt.,50,,Reiseart: als Paar
Erlebnisdatum: April 2016,Schönes altes Stadion ,"Wenn man schon mal hier ist kann man sich sicher auch mal das alte Olympiastadion anschauen. Ist schon beeindruckend aber 5 Sterne geben, da muss man schon Geschichte lieben.",30,"Isernhagen, Deutschland",Reiseart: allein
Erlebnisdatum: September 2015,Interessante Einrichtung,"Interessante Einrichtung für Groß und Klein. Man kann an Führungen der Schanzen teilnehmen, oder aber auch beim Training zuschauen. Die Größe ist sehr beeindruckend und ganz anders als im Fernsehn.Vor dem Stadion gibt es kostenfreie Parkmöglichkeiten.Man Sollte sich diese Sehenswürdigkeit nicht entgehen lassen wenn man in der Nähe von Garmisch ist !",40,"Biblis, Deutschland",
Erlebnisdatum: April 2016,Architektonisch beeindruckend,"Vor dem Stadion gibt es kostenfreie Parkmöglichkeiten. Das Stadion und die Schanzen und deren Geschichte wird auf einem ca. einstündigen Rundgang mit sehr gut gemachten Schautafeln in deutsch und englisch sehr gut erklärt (ein Reiseführer ist daher nicht notwendig). Man kann sich hier jedoch auch etwas mehr Zeit nehmen. Wenn man in Garmisch ist, ist dies auf jeden Fall ein kurzweiliger auch für Kinder gut geeigneter Ausflug.",40,"Köln, Deutschland",Reiseart: mit der Familie
Erlebnisdatum: Oktober 2015,Live zu sehen recht beeindruckend,"Auch wenn man nicht der Fan von Wintersport ist, ist es dennoch mal ganz interessant bei einem Besuch von Garmisch oder auf der Durchreise an diesem Ort Halt zu machen. Die Größe ist beeindruckend und der freie Anblick   mit den Bergen im Hintergrund schön.",40,"Frankfurt am Main, Deutschland",
Erlebnisdatum: Januar 2016,Dieses Stadion hat schon Vieles erlebt!,"Natürlich sind die Steh und Sitzplätze nicht mehr auf dem heutigen Stand, aber die Anlage an sich strahlt aus, was da in den Jahren vor Olympia 1936 gebaut wurde.",40,"Forst, Deutschland",Reiseart: allein
Erlebnisdatum: Januar 2016,cool,Es ist immer ein Besuch wert. Besonders die vier Schanzen sind sehr interessant.  Eine Führung auf die große Olympia Schanze ist empfehlenswert.  Und anschließend gemütliche Einkehr im Olympia Haus.,50,"Garmisch-Partenkirchen, Deutschland",Reiseart: als Paar
Erlebnisdatum: Dezember 2015,Kann man mal mitnehmen ,"Auf dem weg zur Klamm kommt man hier vorbei.. wenn gerade kein Event ist, nice  to see aber keinen extra Ausflug wert.",30,"Oldenburg, Deutschland",Reiseart: als Paar
Erlebnisdatum: August 2015,"Super Essen, nette Bedienung- TOP!","Wir waren mit einer befreundeten Familie und 6 Kindern von 2 bis 17 hier.Alles stimmte.Die Auswahl der Speisen für jeden Appettit und die nette Bedienung.Vor der Nase die Skisprungschanze, ein nettes Lokal , das wir bei unserem nächsten Urlaub in Bayern sicher wieder besuchen werden.",50,"Dinslaken, Deutschland",Reiseart: mit Freunden
Erlebnisdatum: Oktober 2015,"Bei strahlendem Sonnenschein umwandert, einfach schön.","Ja, immer wieder zu empfehlen. Bei Sonnenschein ist es jedoch am schönsten und die Berge lachen einem bei blauem Himmel an. Einfach zum relaxen, gemütlich wandern und vielleicht auch einkehren.",40,"Aschaffenburg, Deutschland",Reiseart: als Paar
Erlebnisdatum: September 2015,meine Heimat,sehenswert im Winter noch schöner als im Sommer vorallem wenn die Schneekanonen gerade arbeiten. Die Skischanze hoch gehen und alles von oben betrachten ein Traum und danach mit dem Schlitten in die Partnachklamm,30,"Saarbrücken, Saarland, Germany",
Erlebnisdatum: September 2015,Wunderbare Lage und Atmosphäre,"Von der Ortsmitte zu Fuß in einem schönen Spaziergang zu erreichen. Wie bekannt, für die Spiele 1936 erbaut, entsprechend Neoklassizismus des Dritten Reiches (aber das war damals in allen Industriestaaten eine verbreitete Richtung der Architektur und ist nicht typisch für die Nazis.). In der jetzigen Form nicht mehr Original, sondern in der Erweiterung für die Spiele 1940, welche leider ausfielen. Beeindruckende Stadionanlage, in der auch heute noch auch im Sommer viel sportliches Leben ist. Am besten an den Rand setzen und den Blick immer wieder zwischen Stadion und Bergen hin- und herschweifen lassen. Sprungschanzen nicht vergessen! diese sind aber nicht mehr Original, sondern vor einigen Jahren erneuert worden. Umfangreiche und interessante Informationstafeln am Eingang, man sollte sie nicht ignorieren.",40,"Heilbad Heiligenstadt, Deutschland",Reiseart: mit Freunden
Erlebnisdatum: November 2014,Muss man gesehen haben.,Sehenswert und eine Führung ist zu empfehlen. Erfahrene Mitarbeiter erklären einem alles bis in Detail.,50,"Schlüchtern, Deutschland",Reiseart: geschäftlich
Erlebnisdatum: September 2015,Einmal Olympia ganz nah,"Auf dem Weg zur Partnachklamm hatten wir auch die Möglichkeit das Stadion und die Sprungschanzen zu besichtigen. Sollte man mal gesehen haben, auch ohne Schnee.",40,Santa Catarina,Reiseart: als Paar
Erlebnisdatum: März 2015,Gute Halle mit 2 Eisfeldern,Von aussen sieht die Halle nicht gerade sehr schön aus. Am Eingang befinden sich die Olympischen Ringe. Im Stadion hat es 2 Eisfelder. Die grosse Halle mit Anzeigetafel und Rundum Sitzplätzen. In der 2. Halle hat es keine Anzeigetafel und die Zuschauer können nur auf einer Seite Sitzen.,40,"Basel, Schweiz",Reiseart: allein
Erlebnisdatum: März 2015,Viel Platz zum Schlittschuhlaufen,"Meine Frau und ich waren hier an einem Dienstagnachmittag und wir hatten die Eisfläche teilweise für uns alleine. Das Personal war ausgesprochen freundlich und die Musik genau richtig. Mit der Kurkarte ist der Eintritt vergünstigt und Schlittschuhe kann man direkt ausleihen. Toller Ausflug, den man vielleicht nicht sofort auf der Liste hat.",50,"Frankfurt am Main, Deutschland",Reiseart: als Paar
Erlebnisdatum: August 2014,ein stadion,"zur vervollständigung einer besichtigunstour gehört auch der besuch des olympiastadions von garmisch-partenkichen. es ist ein alter bau und er dient als auslaufzone der olympiaschanze. sollte man ruhig einmal gesehen haben, wenn man gerne skispringen anschaut.",40,"Warnemünde, Deutschland",Reiseart: als Paar
Erlebnisdatum: Juli 2013,Die Schanze war das beste.,Im Olympieatadion haben uns die Skischanzen am besten gefallen. Sonst war ausser der alten Architektur nicht viel zu sehen.,30,"Ober-Ramstadt, Deutschland",Reiseart: mit der Familie
Erlebnisdatum: Dezember 2013,Etwas heruntergekommen ...,Das Stadion ist eben der Auslauf der Skisprungschanze. Der ganze Komplex ist mittlerweile veraltert....und auch heruntergekommen. In dem Gebäudekomplex ist auch ein Wirtshaus untergebracht welches vor allem im SOmmer empfehlenswert ist wenn man draußen sitzen kann,30,"Grainau, Bayern, Germany",Reiseart: allein
Erlebnisdatum: Juli 2011,Lohnt sich,Das Olympiastadion in Garmisch-Partenkirchen wird auch in diesem Winter wie alle Jahre zuvor die Besucher wieder anziehen und zwar wenn die Skispringen (Neujahrsspringen) stattfinden. Es wurde rechtzeitig zur Olympiade 1936 fertiggestellt. Es wurde mehrmals umgebaut und dient nicht nur den Skispringern als Trainingsstützpunkt. Wir konnten den Fussballern von 1860 München bei Trainingseinheiten auf dem Rasen zusehen.,40,"Essen, Deutschland",Reiseart: mit der Familie
Erlebnisdatum: August 2011,Olympia lässt grüssen!,"Obwohl die Anlage für die Olympischen Winterspiele 1936 erbaut wurde, hat die Anlage ihren magischen Reitz nicht verloren. Dies liegt mit Sicherheit an dem noch immer am 1.Januar stattfindenden Neujahrsspringen. Durch den Neubau der Großschanze steht hier die momentan Modernste Schanze. Aber auch im Sommer lohnt sich ein Besuch, da man mit etwas Glück auch Springer antreffen kann, die auf Matten springen.",40,"Starnberg, Deutschland",Reiseart: mit Freunden
Erlebnisdatum: April 2012,für alle sportfans....,"ich war begeistert an diesem Ort gewesen zu sein, denn man kann die olympia-stimmung ein wenig spüren.....es ist zwar schon ein paar Jahre her, aber es ist fantastisch, wie man dort die zeit von olympia in Deutschland nachfühlen kann. große Sportler haben hier aus aller Welt gekämpft...ein besuch lohnt",40,"Berlin, Deutschland",Reiseart: als Paar
Erlebnisdatum: Juli 2011,Beeindruckende Skischanzen,"Mittlerweile gibt es auf dem Gelände 2 große und 2 kleinere Skischanzen. Die größte ist circa 60 Meter hoch, da wird es einem selbst beim Anschauen von unten schon schwummerig. Jährich finden hier das Neujahrsspringen der Vierschanzentournee statt. Auf der kleinsten Schanze konnte man die jüngsten beim Üben beobachten.",40,"Frankfurt am Main, Deutschland",
Erlebnisdatum: Februar 2012,Zweckmässiges Stadion,"Ein etwas in die Jahre gekommenes Ambiente läßt den geneigten Eishockeyfan sich ganz und gar auf das Spiel konzentrieren, denn drum herum gibt es kaum Sehenswertes....außer den Alpen und die auch nur bei Tag. Immerhin hat die Modernisierung der Halle auf der einen Seite  bereits begonnen. die Stadiongaststätte bietet neben den üblichen Angeboten ein frisches König-Ludwig-Bier vom Faß, das man unbedingt probiert haben sollte. Man muß ja nicht mehr fahren, da man im ""Brunnthaler"" gut untergebracht ist.",40,Hannover,
Erlebnisdatum: September 2011,Eher ein Denkmal,"Nun ja, ein Highlight ist es sicherlich nicht, alt und sehr renovierungsbedürftig. Hat sich nur gelohnt da wir auf eine Wanderung in die Partnach Klamm war, das Olympiastadion ist auf dem Weg dorthin und bietet doch einige Parkmöglichkeiten, bzw. von hier kann man auch mit einer Kutsche fahren. Der Weg bis zum Eingang der Klamm dauert ca. 30 Minuten. Auf dem Weg dorthin sind ein paar Toiletten.",30,Urbar,
Erlebnisdatum: Dezember 2011,Sehenswert!,"Das Olympiastadion ist besonders wegen der Skischanzen sehenswert. Diese sind wirklich spektakulär und können geführt besichtigt werden. Was im Fersehen schon eindrucksvoll aussieht, bekommt so nochmal eine andere Dimension. Auch interessant, wenn man sich vorher nicht für das Skispringen interessiert hat, da man hier auch einen guten Eindruck von der Komplexität dieser Sportart bekommt bzw. in deren Beurteilung.",40,"München, Deutschland",
Erlebnisdatum: August 2011,Interessante Sport Anlage mit Zeitgeschichte,Wir hatten uns im Rahmen einer Wandertour dem Parkplatz am OlympiaStadium Paterkirchen als Parkplatz auswaehlt. Die Losten für den Parkplatz für 3 Tage (wir hatten auf einer Huette  ubenachtet) belaufen sich auf 5 Euro. Da wir schon mal da waren haben wir uns 45 min Zeit genommen um das alte für die olympischen Spiele 1936 gebaute Stadium  anzuschauen. Spannend fanden wir die im Eingangsbereich gezeigten Fotos  der olympischen Spiele vor 8o Jahren. Im Innenbereich kann man die die verschiedenen Ski Sprungschanzen sehen  die offensichtlich auf im Sommer zu Übungzwecken genutzt werden. Im Innenbereich gibt  es zudem ein Restaurant.,40,"Neuss, Deutschland",
Erlebnisdatum: Februar 2020,Einen kurzen Besuch wert,"Die Szene beim Skispringen bei den Olympischen Winterspielen 1936. Sie können die Geschichte fühlen. Einen 30-minütigen Besuch wert und wenn Sie Zeit haben, gibt es einen Spaziergang zu den Schanzen mit einer großartigen Aussicht zurück über Garmish.",40,"Malmesbury, Vereinigtes Königreich",Reiseart: mit der Familie
Erlebnisdatum: Januar 2020,Toller Spaziergang und Ausblick,"Wir sind vom Hotel aus den Fluss entlang gelaufen, und hier sind wir gelandet. Das Stadion und die Sprünge waren ein großartiger Ort. Die Geschichte dieses Stadions ist erstaunlich. Während wir umhergingen, sahen wir eine Gruppe von Jungen, die mit Skiern Fußball spielten - Unglaublich. Wir gingen dann für einen Tee und einen Snack im Coffee Shop. Wir sind so froh, dass wir das getan haben.",40,"Reston, Virginia",
Erlebnisdatum: Mai 2019,Im Bau,Warum ist gerade alles in Deutschland im Bau? Oder haben wir nur schreckliches Glück? Das Olympiastadion hat so viel Geschichte und die Skisprungschanzen sind berühmt für das Four Hills-Turnier. Aber der Platz ist gerade im Bau und der Besuch war unglaublich unfassbar.,20,,Reiseart: mit Freunden
Erlebnisdatum: April 2019,Faszinierendes Stück Sport-Versteck,"Der Komplex wird derzeit renoviert, aber man kann sich leicht vorstellen, wie es bei den Olympischen Spielen 1936 war. Die Ringe sind in der Architektur noch sichtbar. Die Schanze wird noch verwendet.",40,"Baumholder, Deutschland",Reiseart: mit der Familie
Erlebnisdatum: Januar 2019,Ein Stück Geschichte,"1936 fanden die Sommer- und die Winterolympiade das letzte Mal im selben Jahr in demselben Land statt. Hier begann alles mit den Sommerolympiaden, die später in diesem Jahr in Berlin ausgetragen wurden. Faszinierend, um ganz nah an die Schanzen zu kommen. einfach mit den lokalen Bussen zu erreichen.",40,"Newport, Vereinigtes Königreich",Reiseart: als Paar
Erlebnisdatum: Juli 2017,Gehen Sie nicht im Weg,"Zusammenfassend bleibt noch nicht interessant, wenn es nicht eine Veranstaltung statt. Wenn Sie haben Zeit übrig ist es wirklich sehenswert da es ist Teil der Geschichte, aber es ist etwas fehlt es an historische Informationen.",30,"Billings, Montana",Reiseart: mit der Familie
Erlebnisdatum: Juli 2017,Alter Stil Ski Jump Stadium,"Ziemlich beeindruckend zu sehen dies im wirklichen Leben, haben nur zugeschaut im Fernsehen. Der Ski Jump Hill ist wirklich beeindruckend, und das alte Stadion. es gibt noch eine andere Seite, nicht zu vergessen das Stadium von der NS-Zeit wie das kleine Museum gibt es auch Shows.",40,"Hamburg, Deutschland",Reiseart: als Paar
Erlebnisdatum: Juni 2017,Ski Jump,"Das Stadion wurde ursprünglich für die Olympischen Winterspiele 1936. Es ist immer noch um die WM Ski Jump Veranstaltungen pro Jahr, und es ist immer noch wunderschön. Beachten Sie die groß germanischen Skulpturen.",50,"Moskau, Russland",Reiseart: allein
Erlebnisdatum: Mai 2017,Interessante Aussicht auf Geschichte und Skispringen,"Interessant sowohl von der historischen Perspektive ( Olympischen Spiele von 1936) und meine erste sehen Sie sich im Skispringen ganz aus der Nähe. Wir waren auf dem Weg von und nach Partnachschichten Gorge, das Glück, dass ausgezeichnet Wetter. Schönes Mittagessen auf der Terrasse des Restaurant unten am Skispringen.",40,Vereinigtes Königreich,Reiseart: als Paar
Erlebnisdatum: Juli 2017,Interessant,besucht das Stadium wo die Olympischen Winterspiele 1936 abgehalten wurden. Man kann zu Fuß in den Sitzen und Teil des Stadions. Auch auf der Rückseite des Stadium ist der riesenslalomTrack. Dies hat vor kurzem umgebaut werden.Auf jeden Fall lohnt sich.,50,"Sydney, Australien",Reiseart: als Paar
Erlebnisdatum: Juni 2017,Spaß für die ganze Familie,Unsere Familie hatte viel Spaß auf der Zip line über die Olympischen Sprungschanze. Wir hatten auch eine tolle Zeit am bobsleds! Auf jeden Fall eine schöne Erfahrung für die ganze Familie!,50,"Novi, Michigan",Reiseart: mit der Familie
Erlebnisdatum: Juli 2017,Ehrliche Kritik: vom Olympiastadion!,"Dieses Hotel hat mich positiv überrascht! Ich habe es schon mehrere Male vorbei gegangen, und eigentlich nie aufgehört innen zu gehen. Dieses Mal, ich bin froh, dass ich das gemacht habe!Wenn Sie eine Geschichte oder Sport Buff Lodge, dieses Hotel sollte genug von einem zeichnen wie es war das Zuhause der Olympischen Winterspiele 1936 - das ist ziemlich cool. Wenn Sie aber nicht, es ist immer noch ein ordentlich Attraktion. Im Inneren finden Sie offensichtlich finden die Olympischen Sprungschanze (drei in der Tat - alle unterschiedlichen Grösse wegen Alter) , aber Sie finden hier auch Touristenzentrum, ein Restaurant, und "" Die Flying Fox "" (was ich werde später) !Das steht selbst sind ziemlich beeindruckend zu sehen - es gibt viel kleiner, als man erwarten würde, aber auch Grand in ihren eigenen rechts. Und das gigantische Ski Jump? tatsächlich kann man zu Fuß ein Trail/Hügel entlang es und tatsächlich auch ein wirkliches Gefühl für seine Höhe - werden Sie schätzen dies Sport viel mehr als auf der Suche nach aus den top!Nun, die Flying Fox? Wenn ich richtig lesen, es ist eine Attraktion, wird von den Kletterwald (das ist eine andere Attraktion, die ich nicht - ein Wald Hochseilgarten - kann man von den Tripadvisor Bewertungen lesen auch für) . Es ist im Grunde genommen eine Zip Line, dass verkehrt vom bis nahe der oberen Hälfte der Schanze, unten an der Unterseite. Als ich dort war, war es nur am Wochenende geöffnet von 15.00 Uhr bis 18.00 Uhr geöffnet. Um sich anzumelden, einfach an den Grund, wo die Teilnehmer Land. In zwischen Teilnehmern zu reden der Person "" auffallende "" am Ende, und bitten Sie, sich anzumelden, um. Es ist 15 Euro, die zunächst, aber nur 5 Euro, wenn Sie ein zweites Mal. Sie auch unterzeichnen ein Verzicht. Nur eine Warnung - der Verzicht ist nur in Deutsch. Ich spreche Deutsch, aber ich bin mir sicher, dass sich da nicht gut genug, um exakt ein legal Vertrag gelesen, aber ich es sowieso unterzeichnet. Und im Grunde genommen mit der Arbeitnehmer bestätigt, ""Wenn ich sterben es ist nicht Ihre Schuld Typen direkt? "" was sie lachte, und sagte, "" im Grunde genommen, ja. ""Nach der Unterzeichnung/bezahlen sie Haken Sie mit man Ausrüstung, und dann machen Sie das Wandern Sie sich auf der Seite des Ski Jump. Einmal an der Plattform, Sie sind schlossen und los geht's.  Ich bin kein großer Fan von Heights, aber ich möchte mich zu schieben Dinge zu tun dies - nur zu sagen, dass ich nicht ihnen. Und es hat Spaß gemacht, und einen coolen Ausblick auf das Stadium wie man unten. Ich habe auch ein Teilnehmer gehen Sie verkehrt herum (obwohl ich war nie gefragt, ob ich wollte dies tun, so vielleicht muss man fragen) ?Alles in allem finde ich, dass das Olympiastadion hat genug Attraktionen, welche es lohnt sich, es auszuprobieren. Wenn nicht nur für die Geschichte, dann für die Flying Fox oder ein schönes Mittagessen oder ein Getränk holen!Auch, wie ein kleiner Hinweis, der Sommerrodelbahn ist auch das Hotel befindet sich in der Nähe (auf der linken Seite des Bahnhofs wenn man Head auf) und es ist auch lohnt sich!",50,"Seattle, Washington",Reiseart: allein
Erlebnisdatum: Dezember 2016,Wow fantastisch Event,"Wir gingen für das Skispringen, ein majestätisches Seite zu sehen. Warm Wein, Cow die Kirchenglocken und Massen schreien. Toller Tag für die ganze Familie.",40,,
Erlebnisdatum: Juli 2016,Ski Jump Himmel,"Wenn Sie noch nie gesehen haben verschiedene Skispringen ganz in der Nähe, kommen Sie hierher, trotzdem fahren, Sie genießen werden. Ausreichend Parkplätze.",50,"Nashville, Tennessee",Reiseart: als Paar
Erlebnisdatum: Mai 2017,Interessant besuchen Sie leicht erreichbar von Garmisch,Spektakulär Ski Jump Rampe und ein sehr interessantes Stück Priesterweihe deutsche Geschichte! Es wäre großartig zur Teilnahme an einer Veranstaltung wenn dies Co - incided mit einem Besuch in Garmisch,50,"London, England",Reiseart: als Paar
Erlebnisdatum: Juni 2017,Interessanter Ort,Skispringen interessant zu sehen. Einige Erinnerungen an die Olympischen Spiele von 1936 zum Nachdenken angeregt. Wir waren auf dem Weg zu den Partnachschichten Schlucht und den Weg durch das Stadium sicherlich zusätzlicher Wert,40,"London, Vereinigtes Königreich",Reiseart: als Paar
Erlebnisdatum: Mai 2017,Nicht zu viel los…,"Wir waren kürzlich in dem Stadium nach einer Wanderung in und um Partnachklamm. Sie sehen Sie sich um einen leeren Park und lesen können einige Schilder an den Wänden, aber es gibt wirklich nicht viel zu viel, um es. Es gab einen lokalen Fußball Praxis von einem in der Nähe Schule los, als wir dort waren. Ich würde empfehlen statt auf eine Wanderung oder Partnachklamm besuchen.",20,"Seattle, Washington",Reiseart: als Paar
Erlebnisdatum: Mai 2017,Gehen Sie nicht im Weg,Die Fahrt zum Olympiastadion war schön. . . und Sie können hier zu parken und zu Fuß zum wunderschönen Gorge. . . das Stadium selbst ist nicht zu insgesamt interessant. Es gibt ein Café im Stadion.,30,"Nashville, Tennessee",Reiseart: als Paar
Erlebnisdatum: Juni 2016,Lecker Klöße und Kuchen,Wir waren hier nach einer langen Wanderung durch die Schlucht und Wamberg. Angenehm überrascht von der super Preis/Leistungsverhältnis und großartige Aussichten.,50,Virginia,Reiseart: mit Freunden
Erlebnisdatum: September 2016,Mittagessen im Olympiastadion!!,"Wunderbares Restaurant am Ende der Skispringen umgeben von den gesamten Stadion. Schöne Schnitzereien in Säulen aus Stein in den Eingangsbereich zum Stadion. Das Essen war ausgezeichnet, die Aussicht und die Umgebung! !",50,"Massillon, Ohio",Reiseart: als Paar
Erlebnisdatum: April 2017,wirklich nicht viel zu sehen,"Ich glaube, es dauerte eine ganze Minute um alles zu sehen. Es ist cool zu sehen, obwohl. ich glaube, es wäre besser wenn es war Winter und Sie vielleicht sehen konnte keiner vordrängelt?",30,,Reiseart: mit der Familie
Erlebnisdatum: April 2017,"Sehen Sie, wo die Qual der Niederlage passiert ist (breit World of Sports)",Tolle Lage um zu wandern und Blick auf die Gegend. Sie werden nicht reget kommen die Gegend hier zu sehen. Wir haben nur zu Fuß herum und alles ansehen.,50,"Santee, Kalifornien",Reiseart: mit der Familie
Erlebnisdatum: März 2017,Frühling besuchen,"Trotz der warmen Wetter und Fehlen von Schnee, wir hatten einen großartigen Aufenthalt hier.Total atmosphärisch. Die Leute kommen in Scharen aber nicht überfüllt. Schönes Cafe/Restaurant.",50,"Isle of Lewis, Vereinigtes Königreich",Reiseart: als Paar
Erlebnisdatum: April 2017,Ordentlich,"War wirklich super zu sehen. Das einzig schlechte war der Olympischen Ringe waren bedeckt mit giant Schildern. Der Olympia Haus hat das gleiche Zeichen und die olympischen Ringe sind das Original. Bilder von Hitler Freitagsshow auf Deutsch Athleten, als auch zu Fuß aus der vorderen Türen können auf dem Internet. Das oberste Stockwerk ist jetzt ein Hotel. uns sehen!",40,"Altdorf, Deutschland",Reiseart: als Paar
Erlebnisdatum: März 2017,Beeindruckend,"Nicht sehr viel zu sehen, aber nicht weniger beeindruckend. Das Skispringen sind immens. Außerhalb der Saison kostenlos für uns und so zu Fuß in und um. Schönes Restaurant beim easy access by Bus von der Stadt entfernt oder angenehmer Spaziergang entlang der railway",30,"Crowborough, Vereinigtes Königreich",
Erlebnisdatum: Januar 2017,die Olympischen Spiele und Re-live toll zu sehen,"Ich besuchte das Olympiastadion auf ein sehr kalt im Januar. Alles war begraben unter über einen Fuß auf Schnee, aber trotzdem habe ich den Besuch. Es ist der Ort, wo die Olympischen Winterspiele 1936 Zeremonien abgehalten wurden. Mein Reiseführer teilt mit uns wie Hitler besucht diese Zeremonien und sehen Sie das alte Die Quadratmeterzahl auf youtube. Es war ordentlich zu sehen das Stadium und dann können Sie und sehen Sie sich auf der footage. Als ich dort war sie bereiteten ein großes skifliegen und es war spannend zu sehen ESPN und die großen sportscasters gibt es.",40,"Washington, D.C., District of Columbia",Reiseart: mit Freunden
Erlebnisdatum: Januar 2017,Historische Perspektive,"Dennoch interessant zu sehen, dass das Hitler-zeit Stadium. Unser Reiseführer sagte, dass die 1936 Winter Abschlusszeremonien Abschlussveranstaltung bleibt immer noch die höchsten teilgenommen. Aktuelle Olympioniken fahren Sie zum Bahnhof im Stadion von Garmisch immer noch.",40,"Pasadena, Kalifornien",Reiseart: geschäftlich
Erlebnisdatum: Juli 2016,Lassen Grüßen zu der Nazi 1936 Olympische Winterspiele,"Das Stadion ist sehr gedämpft war. Ich war überrascht, wie klein es war aber das Nazi architektonischen Elemente waren deutlich sichtbar in der Statuen. Unser Aufenthalt war im Juli aber eine Gruppe von 3 Teilnehmern, die am Nachmittag übte.Es gibt ein kleines Museum versteckt auf der östlichen Seite von der Tribüne, was sehr schön war - - wenn auch komplett in deutsch. Für diejenigen, die nur Sprachführer Deutsch, gibt es drei Filme, betrachtet werden kann (fast selbst - Service in Richtung der Rückseite) inklusive die offizielle 1936 Film der Olympischen Spiele. Diese sind präsentiert im Wesentlichen als sie waren produziert von Goebbels propagandaministerium und bieten eine angemessen verwunschenen Stimmung.Es gibt zahlreiche innerhalb der Fotografien der Spiele - - sowohl die Zubereitung und die Bauarbeiten und die Wettbewerbe selbst. Eines der schönsten eindringlichen Bilder wurden die "" Juden nicht willkommen "" Schildern, Hinweise entlang der Autobahn den Schildern mit Schnee türmte sich um sie tief, dass der Winter von 1936 . Da der Autobahn den Schildern von heute immer noch haben die selbe Form und im Wesentlichen ähnlich Font, es war sehr leicht zu Projekt graute diejenigen Vorzeichen des was war zu dieser Zeit zu kommen.",40,"Frisco, Texas",Reiseart: allein
Erlebnisdatum: September 2016,Super,Wenn wir nach Garmisch - Partenkirchen dies ist ein muss. Das Majestic Stadium ist sehr beeindruckend und hat Statuen und die Arena ist wunderbar. Der Blick auf die Alpen sind atemberaubend und das Stadion ist nur ein paar Minuten zu Fuß vom Twin Towns.,50,WidnesCheshireEngland,Reiseart: mit der Familie
Erlebnisdatum: Dezember 2016,1936 Olympic Ski Stadium ist einen Besuch wert!,"Wenn Sie planen, zu wandern Sie die Partnachschichten Gorge, ziehen Sie die Olympic Ski Stadium. Es ist für die Öffentlichkeit (in der Regel) , und im Winter Skifahrer übte man kann beobachten kann. . Auch einen Besuch wert ist die Ausstellung ( 3 Euro) mit Details über den Bau und die Nutzung der Anlage für die Olympischen Winterspiele 1936 - - mit dem Titel "" Die Dunkle Seite der Medaille "" , mit Ausstellungen erzählt von Hitler erließ die verschiedenen Verbote für diese Spiele. . Die Ausstellungen sind in Deutsch, aber Sie können die Nutzung einer Broschüre mit englischen Übersetzungen beschrieben. (am Morgen Stunden sind 10 - 1 , wo ich noch nicht Abreise am Nachmittag Stunden. . Es tut mir leid! )",40,"Vicenza, Italien",
Erlebnisdatum: Oktober 2016,zufällig auf dieser Position für eine Wanderung ...,"zufällig auf dieser Position für eine Wanderung und hatten Glück, dass jemand tat Ski - Jump Praktiken. Ordentlich zu sehen und die Geschichte, dass es heute noch in Gebrauch.",40,"Bridgetown, Barbados",Reiseart: allein
Erlebnisdatum: Oktober 2016,bisher in das Olympische Stadion?,"Super Nachmittag. Zu Fuß ins Stadion; nicht angefasst seit 1936 und die Geschichte. im Restaurant im Freien sitzen und ein Bier. Wir nahmen das 1934 erbaut wurde und wanderten Gondeln auf den Berg für 4 Stunden. Super Wege, Seen, und ein paar Restaurants bis auf den Wanderwegen.",50,Minnesota,Reiseart: als Paar
Erlebnisdatum: August 2016,ein Blick lohnt sich wenn Sie sind auf der Durchreise,"Skispringen viele, darunter einige der sehr größten.Café at the bottom serviert traditionelles Essen und Trinken in schön warm Umgebung.Wenn Sie auf Filme, dann können Sie gerne wissen dies ist der Ort, wo die aktuellen Eddie der Eagle Film entstand.",40,"Stowmarket, Vereinigtes Königreich",Reiseart: mit der Familie
Erlebnisdatum: Oktober 2016,Cool zu sehen,"Es war wirklich schön anzusehen waren hielten der Olympischen Spiele. Sie haben ein riesiges Skihang. Sie waren auch dabei, dass sah Hochseilklettern Spaß.",30,,Reiseart: als Paar
Erlebnisdatum: September 2016,Die Vergangenheit und die Gegenwart kombiniert,"Das renovierte Ski Jump ist sehr beeindruckend, modern und architektonisch interessant. Ich habe gesehen, dass die Dekorationen am Eingang des Stadions und dachte sofort der Vergangenheit - hoffentlich wird an diesem Ort wegnehmen werden die anderen Olympischen Winterspiele 1936, dass ein. Der Ski Stadium ist der perfekte Ort.",50,"Kiryat Tivon, Israel",Reiseart: allein
Erlebnisdatum: Juni 2016,Cool zu sehen!,"Wir gingen zum Olympiastadion auf den Weg zur Schlucht. Es war ein cooles Hotel, Fotos und spazieren Sie in der Track. Es gibt nicht viel zu sehen, aber trotzdem lohnt sich die Fahrt mit dem Bus in die Stadt ein altes Teil der Geschichte zu sehen. Es war in der Mitte Juni dort und es war nicht zu voll. Wir aßen Lunch vor dem Stadion. Es war ein schöner Ausflug, dass wir gepaart mit der Schlucht für den Tag.",40,"Joplin, Missouri",Reiseart: mit der Familie
Erlebnisdatum: August 2016,Historische Sehenswürdigkeiten,"Das old Winter Olympiade Ski Jump Station ist wahrscheinlich räumte im Winter, aber während der Sommer Besuch war es fast menschenleer trotz seiner Nähe zu den Partnachklamm Gorge. Wenn Sie immer noch einen Besuch in der Schlucht ist es wert sind die kleinen Umweg.",30,"South Australia, Australien",Reiseart: als Paar
Erlebnisdatum: August 2016,bliwing Scale ist nichts ausmacht,"Wir waren auf dem Weg nach partnachschichten Gorge. Wir hatten Glück, dass wir sehen einen Jumper runter zu kommen! Es ist so hoch und beeindruckend ein 'Rampe'.  Wir haben es im Fernsehen gesehen aber auf jeden Fall sehenswert im Fleisch zu bewundern Sie die Waage. Es war vor allem bizarr wir sahen, dass es im Sommer, es sah so aus, als ob es mit grüner Teppich & die Landing war Gras. Cafe/Restaurant mit Blick auf den springen, in der Nähe Toiletten & Parkplatz, füllt sich sehr schnell so kommen Sie früh am Morgen! Sie geführte Touren (am Abend, in Deutsch).  es ist in der Nacht beleuchtet die ist sehr beeindruckend.",40,"Gloucester, Vereinigtes Königreich",Reiseart: mit der Familie
Erlebnisdatum: August 2016,Gut zu sehen,"Sie passieren Sie das Hotel auf dem Weg zum Partnachschichten Schlucht und es ist es wert herumlaufen zu halten. Es war der Ort der Olympischen Spiele von 1936 so toll zu sehen, dass . Ich glaube, es war möglich, später auf. Es gibt einige Erzählung entlang der Wand mit Fotos. Es gibt 3 Sprüngen - wir hatten gesehen Eddie der Eagle Film gesehen habe, wo es so viel Spaß zu haben stattgefunden hatte.",40,"Reading, Vereinigtes Königreich",Reiseart: als Paar
Erlebnisdatum: August 2016,Boulder World Cup,"Olympiastadion ist ein muss Attraktion in München. Es gibt einen riesigen Park mit vielen Orte zu besuchen. Die ciew vom Tower war schön, dass man alle München von dort sehen konnte. Wir gingen auch nach Sea World wo Sie sehen können verschiedene Arten von Fischen. Und es war eine Veranstaltung ""Boulder Tasse aus sind"".",50,"Kuweit Stadt, Kuwait",Reiseart: als Paar
Erlebnisdatum: August 2016,zu Fuß bis zur Gorge,"Wir parkten im Stadion zu tun ein eine Stunde Wanderung durch die Schlucht. Die Olypiastadion war unglaublich zu sehen. Wir hatten noch nie zuvor einen Ski Jump und es war so hoch, dass Sie wirklich zu schätzen, der Sport. Man kann direkt durch das Stadium genau da, wo die Olympischen Winterspiele gehalten hatten. Es war kostenlos zu Fuß durch.",50,"Brighton, Michigan",
Erlebnisdatum: Juli 2016,Skispringer!,"Wir hatten Glück, die Tag gingen wir da waren Skispringer übte die Big Jump off. Sie waren unglaublich.Es gibt ein Flying Fox Zip Line dort, was Sie springen direkt neben dem unteren Ende der Ski Rampe. Es war sehr beliebt.Schönes Cafe in der Arena zu.ein Besuch lohnt sich vor allem, wenn man das Glück hat, sehen Sie einige springen.",40,Inverurie,Reiseart: mit der Familie
Erlebnisdatum: Juni 2016,"Schön, aber nichts Besonderes","Wenn Sie in die Olympischen Traditionen und Geschichte, dies ist einen Besuch wert. Wir haben um die Sehenswürdigkeiten von der vorherigen Olympiade, alle eingebettet liegt nahe der Stadt. Nehmen Sie ein wenig Zeit, die Sie wirklich nicht zu viel zu tun gibt es nicht gerecht werden.",40,"Madison, Alabama",Reiseart: mit der Familie
Erlebnisdatum: Mai 2016,Super Ort für Geschichtsliebhaber,Der Ort der Olympischen Spiele 1936 das Stadium und Ski Jump ist immer noch der betrieblichen für aufstrebende Skispringer. Unser Führer Jake Doherty kannte sich sehr gut in der Gegend aus und wir starteten unsere G-P von hier besuchen.,50,,Reiseart: als Paar
Erlebnisdatum: Juli 2016,Interessant ist auch der Skala!,Ich habe noch nie einen davon Skispringen ganz aus der Nähe zu sehen und war schockiert die größte Rampe ist fast 1 km hoch in ca. 871 m Höhe! Wirklich lustig zu sehen auch die älteren Stil! Sehr angenehm für eine schnelle Pass durch nachdem wir die Partnachklamm!,40,"Utrecht, Niederlande",Reiseart: als Paar
Erlebnisdatum: Juni 2016,Ordentlich mit Guide!,"Ich schlage vor, die mit einem Guide. Dies ist sehr gepflegt und historische. Ich schlage vor der Nutzung Jake an Alle Dinge Garmisch Touren. Er kannte seinen historischen Fakten und Spaß gemacht hat!",40,,Reiseart: mit Freunden
Erlebnisdatum: Juni 2016,Interessant,"Ich fand es interessant sein zu sehen die aktuelle Skispringen. Es ist eine Sache, die man lesen Sie hier über die Höhe, sondern etwas ganz anderes zu sehen.",50,"Phoenix, Arizona",Reiseart: mit der Familie
Erlebnisdatum: Juni 2016,Wow!,"Auf unserem Weg nach einer Wanderung halten wir durch hier, weil es auf dem Weg. Unglaublich. Während wir dort waren, eine Firma bot eine Zip Line von den halben Weg Point. Es gibt auch ein wunderbares Restaurant mit Blick auf die Wahrzeichen. Es gibt viel zu sehen und zu tun um dieses Wahrzeichen und so ist es lohnt sich.",40,"Wartenberg-Rohrbach, Deutschland",Reiseart: als Paar
Erlebnisdatum: Mai 2016,Deutsche Olympischen Stolz!!,"Cool Spot beim Schlucht wandern. Fuhr durch wie Jesse Owen. Wir dachten, es war gepflegt und es lohnt sich, einen Blick in auch",50,,Reiseart: als Paar
Erlebnisdatum: April 2016,"Einzigartig, aber nicht ein Ziel in sich selbst","hier gingen auf die Wanderwege von Garmisch, aber man kann auch mit dem Auto und parken Sie in der großen Parkplatz oder nehmen Sie den Bus von der Innenstadt von Garmisch. Einzigartiges Hotel sehen im ehemaligen Olyimpic Schanze, ist immer noch in Betrieb während der Winter. sehenswert, wenn Sie kommen sowieso zu wandern Sie durch die Schlucht oder nehmen Sie den Sessellift auf den Berg. Nicht viel zu sehen an der Schanze einmal um und einige Bilder machen Sie zu Fuß.Wenn Sie planen, im Restaurant zu essen unterhalb der Schanze, bitte beachten Sie, dass sie schließt um 18 Uhr.Die Badezimmer sind im Winter geschlossen, ausser ein Pay-WC auf dem Parkplatz in unmittelbarer Nähe.",30,"Ontario, Kanada",Reiseart: allein
Erlebnisdatum: September 2015,Wide World of Sports aus den 70er Jahren Shot hier!,"Dieses Hotel ist eines der vielen Olympic Orte, die für die Öffentlichkeit geöffnet in Europa und mein Favorit von den vielen ich gesehen habe. Schön zu allen Jahreszeiten und vielen anderen Sehenswürdigkeiten in der Nähe! Nehmen Sie etwas Brot und Käse und eine Flasche Wein und ein Picknick!",50,"Hamilton, New York",
Erlebnisdatum: Februar 2016,Gehen Sie raus und probieren Sie mal das Eis-tellspiele,Ice-scating ist eine schöne Alternative zu den Skipisten von Garmisch. Vielleicht brauchen Sie etwas zu schützen Sie Knie es Sie Ave nicht vor.,40,"Abu Dhabi, Vereinigte Arabische Emirate",Reiseart: als Paar
Erlebnisdatum: Dezember 2015,Spaß für den Tag,"Viel Spaß während des Tages von Ihnen zu sehen sind auf der Suche nach etwas zu tun außerhalb der Stadt Garmisch anzusehen. Nicht viel, wenn es keinen Schnee aber interessanten Geschichte wann und wie die Gegend gebaut wurde. Kurze Wanderung hinauf zur Straße und man kann entlang der Schlucht zu Fuß.",40,"Navarra, Florida",
Erlebnisdatum: März 2015,Tolles Hotel,Wir haben hier für 2 Jahre in Folge einmal für die Sommerrodelbahn Race und letztes Jahr für die Insel Spiele gefolgt von einer Nacht im Restaurant. Tolles Hotel,50,"Wakefield, Vereinigtes Königreich",
Erlebnisdatum: September 2015,Springen?,Toller Ort zu besuchen. Das Stone Stadion tatsächlich Daten Form nach 1936 aber es ist immer noch beeindruckend. Gute Aussicht auf das Skispringen und lohnt sich ein Spaziergang durch inklusive bis zu den Hügel und die Sprüngen selbst. Olympiahaus ist eine großartige Bar und Eckbauerbahn ist eine tolle Eimer Cable Car auf den Berg. Auf dem Weg zur Partnachklamm zu so lohnt sich Position. Sie können ihn für Ausstellungen und voller all dieser Unfug und im neuen Jahr wird es übernommen von TV-Sendern für die vier Hills Berichterstattung.,50,"Birmingham, Vereinigtes Königreich",
Erlebnisdatum: Oktober 2014,Wunderbar,Fantastisches Hotel. Wir fragten um mit 40.000 andere Menschen für die Weltmeisterschaft. Es war ein Vergnügen dort zu sein.,50,"Wollongong, Australien",
Erlebnisdatum: September 2015,Das Garmisch!,"Wir setzte ins Olympiastadion für einen schnellen Drink an der Bar/Restaurant nach einer Wanderung bis Ekbauer. Wir waren überrascht zu sehen das Stadion voller Tvrs, ein Auto treffen wir Liga. Bei einem Drink in der Hand saßen wir draußen in der Abendsonne, verzaubert zu finden, dass einige junge Sportler übte die Skisprungschanze von einem 4 Sprüngen - beängstigend anzusehen, aber es gab keine Angst!Dann etwas surreal, James Mai reingegangen und letztens etwas gedreht wurde unter den Tvrs gingen. Wir bemerkten viele Männer standen um scheint zu werden Leibwächter Dienst für einen Mann im Restaurant zu essen. Ich fragte eine durchlaufende Kellner, Spaß, ob der Mann der thailändische König war - ja, antwortete er!!  So haben Sie James Möglicherweise vor, der König von Thailand innen, kleine Kinder springen von karikiert Heights auf ein paar Stäbchen, ich sagte. Er zuckte 'es ist Garmisch ' sagt er (Wie sich herausstellte war der Crown Prince nicht der König aber hayho)",50,,Reiseart: als Paar
Erlebnisdatum: August 2015,"Durchschnittlich, aber nicht schlecht ...",Wenn Sie nicht gesehen haben ein Ski Jump ist dies der richtige Ort für Sie vier von ihnen haben zu gehen ... den Rest des Stadion ist eher langweilig. Das größte Problem ist nach einem Parkplatz suchen. Unser Tipp: gehen Sie etwas weiter zum öffentlichen Schwimmbad. Es gibt einen Parkplatz kostenfrei. Dann zu Fuß zurück zum Olympiastadion und ab zum Partnachklamm. Das Letztere ist wirklich sehenswert : -),30,Sydney,Reiseart: als Paar
Erlebnisdatum: August 2015,sehenswert,"Wenn Sie in der Gegend sind, ist dies ein Besuch lohnt einen Besuch. Es gibt einen kostenlosen Eintritt in das unten auf die Sprünge, die wirklich gute Aussicht. Es gibt Wege die Berge hoch neben den Sprüngen aber ich glaube nicht, dass es keine Möglichkeit drinnen zu gehen, ist die Sprüngen selbst. Wenn Sie nicht Sprüngen zuvor gesehen haben, ist dies ein guter Weg in der Nähe zu bekommen und die Größe zu schätzen wissen.",40,"Plymouth, Vereinigtes Königreich",Reiseart: als Paar
Erlebnisdatum: August 2015,schöne Anlage lohnt sich ein genauer schauen,"Für Olympic Stadium, Sommerrodelbahn und Partnachklamm Sie zum Park im Stadion. Wenn Sie Glück haben, sehen Sie sogar im Sommer, Skispringer Schulung. Beeindruckendes Gebäude.",50,"Bournemouth, Vereinigtes Königreich",Reiseart: als Paar
