date,title,text,rating,visitor_origin,visit
Erlebnisdatum: Juli 2020,Beeindruckend ,"Mit jedem Besuch entdecken wir neue Dinge, Eindrücke und Elemente die einem völlig neu erscheinen. Die aktuelle Ausstellung Feelings ist jetzt nicht mein Persönliches Ding , aber in jede Fall sehenswert.  ",50,"München, Deutschland",
Erlebnisdatum: Dezember 2019,"Moderne Kunst, Design, Produktdesign im faszinierenden Gebäude.","Sowohl moderne Malerei, als auch Skulpturen sowie Produktdesign von Bauhaus bis Gegenwart in einem faszinierenden Museumsgebäude, was für sich schon ein Kunstwerk ist. Im Foyer schwingt ein lang aufgehängtes Pendel, das an das Faukaulsche Pendel in Paris erinnert. auch die",50,"Celle, Deutschland",
Erlebnisdatum: Juni 2020,Manches etwas provokativ.,"Nettes Museum, vorallem die Bauhaus Ausstellung.  Es gibt ein paar provokative Bilder wie ""Man pissing on Chair"".  (Pfui!)  Und ein Paar highlights wie Andy Warhols Portrait von Joseph Beuys.  Ein bischen mehr Dali und Picasso darf es auch mehr geben und Calder und Moor (meine",40,"Stuttgart, Deutschland",
Erlebnisdatum: März 2020,Reichhaltige Ausfall moderner Kunst und Produktdesign,"Eine Kunstmuseum auf Weltniveau. Unzählige sehenswerte Themenhäuser, Dauer- und Wechselausstellungen. Dies vielleicht auch der einzige wirkliche Kritikpunkt: Wenn man sich alles ansieht und wieder rausgeht ist man völlig reizüberflutet. Möglicherweise wäre weniger mehr. Zudem",40,"München, Deutschland",
Erlebnisdatum: Januar 2020,Sonderausstellung des  'Lichtdesigners Ingo Maurer',Die Sonderausstellung des kürzlich verstorbenen 'Lichtdesigners Ingo Maurer' ist unvorstellbar gut und sollte eigentlich ein 'Muss' für jeden Kunst- und Kulturinteressierten sein ! Schlichtweg sensationell !!,50,"Spaichingen, Deutschland",
Erlebnisdatum: Dezember 2019,Eines der besten Museen in München,"Die Pinakothek der Moderne ist immer einen Besuch wert und es gibt viele interessante Ausstellungen. Wer Design, Architektur und moderne Kunst liebt ist hier genau richtig. Am besten am Sonntag kommen, dann kostet der Eintritt nur 1€. Die Garderobe kostet eine Gebühr aber die Locker sind kostenlos (man braucht 2€ um den Locker zu verschließen).",50,"München, Deutschland",Reiseart: mit Freunden
Erlebnisdatum: November 2019,Sehr nett,"Sehr schöne Ausstellung gewesen. Gut jeden ist hier etwas zu finden. Klassische Kunst oder Moderne. Bilder, Ausstellungsstücke, usw.Lohnt sich jedes Mal!",40,"Maulbronn, Deutschland",Reiseart: als Paar
Erlebnisdatum: November 2019,Bringen sie Zeit mit!,"Jedesmal wieder ein Hammer, auch wenn die Designabteilung langsam mal erneuert werden könnte. Schon der Bau des Museums ist ein Hingucker. Die Ausstellung  waren immer interessant. Meist ist für jeden etwas dabei, vorausgesetzt man mag moderne Kunst. Im Moment besondere sehenswert die Architekturausstellung. Aber bringen Sie genügend Zeit mit. Schade ist einzig, dass die Pinakotheken verkehrsmässig so schlecht erschlossen sind. Ausser dem Tram 27. Und parken ist so gut wie unmöglich imQuartier.",50,"Winterthur, Schweiz",
Erlebnisdatum: Oktober 2019,Sicherheitspersonal sehr störend,"Eigentlich sollte diese Bewertung 4 Sterne erhalten. Aber leider waren hier die anwesenden Mitarbeiter sehr störend. Im Bereich der Bauhausausstellung waren 2 Mitarbeiter im Bereich der Thonet Stühle sich dauernd über alles mögliche unterhaltend. Der gesamte Bereich konnte zuhören und teilhaben. Auch die anderen Mitarbeiter in der Hauptausstellung sind nur mit ihren Handys beschäftigt oder sich lautstark in ihrer Muttersprache zu unterhalten. Dies stört eigentlich nicht aber es war klar erkennbar das auch über den Besucher geredet wurde. Ich kam mir schon wie ein Störenfried vor. Schade, so bin ich schneller aus der Pinakothek gewesen als gedacht.",20,"Verden (Aller), Deutschland",Reiseart: allein
Erlebnisdatum: Oktober 2019,Beeindruckendes Museum,"Auch wenn man nur wenig Zeit hat, sollte der Besuch in der Pinakothek der Moderne im Besuchsprogramm enthalten sein. Interessante Gebäudearchitektur und schöne  Exponate sorgen für viele Eindrücke.",50,"Herford, Deutschland",Reiseart: allein
Erlebnisdatum: September 2019,Beeindruckende Architektur und faszinierende Kunst ,"Wir waren an einem Sonntag in diesem Museum, dass gut mit dem öffentlichen Verkehrsmitteln zu erreichen ist.Am Sonntag kostet der Eintritt nur 1€. Allerdings sollte man beachten, dass man keine großen Taschen in das Museum mitnehmen darf. Hierfür gibt es aber Garderoben und Schließschränke. Leider hatten wir nicht genügend Zeit uns das komplette Museum anzuschauen. Das Museum ist in viele verschiedene Räume mit unterschiedlichen Themen aufgeteilt. Es gibt die unterschiedlichsten Kunstwerke, nicht nur Gemälde. Man kann sich hier definitiv eine Zeit lang beschäftigen. Das einzige, dass ich etwas schade finde, war das die Security sehr unfreundlich ist und das ich keine Kunst von Frauen gefunden habe. Wobei man aber berücksichtigen muss, dass ich nicht in allen Räumen war.",40,"Schweinfurt, Deutschland",Reiseart: mit Freunden
Erlebnisdatum: September 2019,echt toll,schön gestaltet und mit viel Informationen gespickt. War nicht so überlaufen a diesem Wochenende und so konnte man sich auch mal bei dem ein oder anderen Exponat etwas Zeit zum Verweilen nehmen,50,"Frankfurt am Main, Deutschland",
Erlebnisdatum: August 2019,Wunderbares Museum,"Sehr schön und günstig am Sonntag, nur 1 Euro Eintritt, trotzdem nicht voll. Moderne Malerei der bekanntesten Künstler des 19. Und 20. Jahrhundert, einziger Kritikpunkt. Vollkommen unwissende Museumswärter, Fragen zu einzelnen Bildern oder Räumlichkeiten konnten nicht beantwortet werden.",40,"Stans, Schweiz",Reiseart: mit der Familie
Erlebnisdatum: Juli 2019,Immer ein Besuch Wert,"Einfach Toll, immer ein Besuch Wert, meine Kinder waren begeistert und der Besuch im Shop ist ebenso nennenswert.",50,"München, Deutschland",Reiseart: mit der Familie
Erlebnisdatum: Mai 2019,einfach cool,"super Museum, allerdings doofe Wärter, eine ist besonders doof, die kenne ich persönlich, aber mei, sie muss halt ihren Job machen",50,,Reiseart: geschäftlich
Erlebnisdatum: Mai 2019,Beeindruckend ,"Regentag ist Museumstag, am Sonntag für 1€ , ein Geschenk. Die Beurteilung eines Museums ist eine individuelle, deswegen glaube ich jeder sollte es selbst erleben, wir fanden es gut.",40,"Schaafheim, Deutschland",Reiseart: als Paar
Erlebnisdatum: April 2019,Ein Erlebnis!,"Sammlungen von Gemälden und Skulpturen, Architektur, Grafische Sammlung, Design, Schmuck-Design ganz unten. Besonders günstig an Sonntagen (1 €), aber da ist es auch oft voll. Am letzten Sonntag im Monat führen Schülerinnen gut vorbereitet und engagiert in die Werke ein. Sehenswerte Wechsel-Ausstellungen in allen Bereichen. Der Aufzug zur Schmuck-Etage im UG, genannt ""Danner-Rotunde""  ist außerhalb der großen Eingangshalle.",50,"Umkirch, Deutschland",Reiseart: geschäftlich
Erlebnisdatum: Dezember 2018,Sehr interessant,"Die Pinakothek der Moderne bietet ein sehr breites Spektrum und ist interessant gestaltet. Manche Kunst erklärt sich erst bei längerem betrachten ! Ein bisschen schade ist, daß die Mitarbeiter ab und an gelangweilt an den Wänden lehnen. Trotzdem sehenswert !",40,"München, Deutschland",Reiseart: mit Freunden
Erlebnisdatum: März 2019,Wo bleibt die Gegenwartskunst,"Der Kurator der Pinakothek der Moderne hat ein anderes Verständnis vom Sammlungszweck eines Museums für Gegenwartskunst als ich. Ausstellungen wie „die neue Heimat“ oder „Schmuckismus“ sind deplatziert. Die neue Heimat produzierte 60er und 70er Jahre Architektur, keine Gegenwartsarchitektur. Passt schon von der Epochenklassifikation her gesehen nicht in dieses Museum.",20,Deutschland,Reiseart: allein
Erlebnisdatum: September 2018,Eine wirklich gelungene Zusammenstellung einer Sammlung,"Überraschende Präsentation von Gegenständen, die das Lebenmeiner Generation begleiteten, aber eben auch eindrucksvolle Werke der Bildenden Kunst.",50,"Wien, Österreich",Reiseart: allein
Erlebnisdatum: März 2019,Interessant,"Da die neue Pinakothek leider wegen Renovierung geschlossen hatte, habe wir uns die moderne angesehen.Positiv ist der Preis am Sonntag: 1 Euro.Das Gebäude selbst ist sehenswert. Im Keller ausreichend Kästen und Garderoben vorhanden. Die Architekturausstellung war OK,die Ausstellung der Kustwerke war ....,... naja muss jeder selber beurteilen.",40,"Tulln, Österreich",Reiseart: als Paar
Erlebnisdatum: Februar 2019,Das muss man gesehen haben ,"Ein Besuch den ich so schnell nicht vergessen werde.Ruhe, Kunst, modere, Architektur, können, groß, Licht, wenig ist mehr, Erinnerungen, Kindheit, Erstaunen, Weite, Farben , Ich könnte noch Tage schreiben............. Sehr zu empfehlen!Sonntag sehr ruhig,⭐️⭐️⭐️",50,,Reiseart: als Paar
Erlebnisdatum: August 2018,Moderne,Kunst im modernen Gebäude. Selbst am stark preisreduzierten Sonntag ist ausreichend Platz zum Besichtigen und Bestaunen der hochwertigen Ausstellung.,40,Deutschland,Reiseart: als Paar
Erlebnisdatum: April 2018,Modern und manchmal doch wieder nur Bild an Bild,Die Sonderausstellung war toll aufbereitet. Die Dauerausstellung war ein bischen langweilig. Man schafft es in vier Stunden und am Ende hat man (ich) keine Lust mehr.,50,"Amberg, Germany",Reiseart: als Paar
Erlebnisdatum: Oktober 2018,Immer wieder einen Besuch wert,"Eigentlich ein MUST SEE, wenn man moderne Kunst mag. Die ausgestellten Künstler findet man auf der Website. Tipp: am Sonntag zahlt man nur 1EUR Eintritt, dafür ist aber auch mehr los.",50,Beijing,Reiseart: als Paar
Erlebnisdatum: Januar 2019,"Kann man besuchen, muss man aber nicht ","Beeindruckende Architektur, die eigentlich allein schon einen Besuch rechtfertigen sollte. Die Ausstellungen waren OK, teilweise aber doch etwas kleinteilig und langweilig. Wie es mit der Kunst halt so ist, alles Geschmacksache.Was gar nicht geht ist der Zustand der Toiletten, leider völlig verdreckt gewesen!",30,"Karlsruhe, Deutschland",
Erlebnisdatum: November 2018,Ein Ort der Kultur und der Begegnung,"Am 24.11 konnte ich bei der berühmten PIN Party sein. Da kommt man rein nur auf Einladung die auch sich etwas kosten läßt. An dem Abend findet eine Aktion statt in der eine Million gesammelt wurde. Künstler stellte Ihre tolle Kunst kostenlos zur Verfügung und die Geldspende geht an das Museum, damit es neue Kunst kaufen kann. An dem Abend sammelt sich die Creme de la Creme von München.",50,,Reiseart: mit Freunden
Erlebnisdatum: November 2018,Großartige Kunst (am Sonntag für 1€),"In dem großartigen Bauwerk sind Gemälde, Skulpturen und Design ausgestellt. Alle Kunstwerke haben genügend Platz, um entsprechend zu wirken. Wir waren am Sonntag morgen da. Man könnte ganz entspannt durch die verschiedenen Ausstellungen gehen.",50,"Oldenburg, Deutschland",Reiseart: als Paar
Erlebnisdatum: Oktober 2018,"Tolle Sammlung, leider sehr voll und laut","Gegen die Sammlung kann man nichts sagen, diese ist hervorragend. Besonders der Francis Bacon hat mich sehr gefreut. Leider ist das Museum überfüllt und daher ist es schwierig abzuschalten und die Kunst zu genießen.",40,"München, Deutschland",Reiseart: allein
Erlebnisdatum: September 2018,Wie immer eine spannende Sache,"Der Besuch der Pinakothek der Moderne ist zwar anstrengend, da das Museum wirklich groß ist - er lohnt aber immer!  Bei jedem München Besuch unbedingt zu empfehlen!",50,"Bad Goisern, Österreich",Reiseart: als Paar
Erlebnisdatum: August 2018,Ausgezeichnet!,"Uns hat die Besichtigung sehr große Freude gemacht. Die sehr unterschiedlichen Gegenstände  der Ausstellungen lassen keinerlei Langeweile aufkommen und der Audioguide war an mehreren Stellen sehr hilfreich. Schön ist dabei, dass er auch ergänzendes Bild- und Filmmaterial bereithält. Die Räumlichkeiten sind angenehm hell, bei Weitem nicht überfrachtet und es gibt immer wieder Sitzmöglichkeiten, um durchzuschnaufen und die Werke zu genießen, während man dem Audioguide lauscht.  Auch die Cafeteria bietet feine Sachen zu vernünftigen Preisen an. Ein gelungener Tag.",50,"Marktoberdorf, Deutschland",Reiseart: als Paar
Erlebnisdatum: August 2018,Ein Muss für Liebhaber moderner Kunst,"Schon allein das Gebäude ist sehenswert, und darin verstecken sich neben großartigen Werken der modernen Kunst auch Ausstellungen zu Design, Architektur und Schmuck.Der Kunst-Teil ist sehr minimalistisch gehalten, nicht mal die Namen der Bilder stehen an den grauen Wänden (pro Raum gibt es dann ein Übersichtsschild), so dass man vielleicht ein bisschen verloren ist - oder man lässt die Bilder einfach auf sich wirken.Die Räume sind gut ausgeleuchtet und auch nicht überfüllt, so dass man sich ganz den Bildern widmen kann. Allerdings sollte man schon ein wenig Ahnung von moderner Kunst haben, um die Werke besser einordnen zu können - oder den Audioguide bemühen.Sonntags kostet der Eintritt überigens nur 1€, aber auch sonst ist es tragbar - vor allem weil man so viel Unterschiedliches für sein Geld bekommt.",40,"Berlin, Deutschland",Reiseart: allein
Erlebnisdatum: August 2018,Schönes Gebäude ,Schönes Gebäude und schöne Sammlung moderner Kunst. Insbesondere der Blick in der zweiten Etage (Rotunde) ins Gebäude gefällt.,40,"Bochum, Deutschland",Reiseart: mit der Familie
Erlebnisdatum: Juni 2018,Toll!,Ein Muss für jeden der auf Moderne Kunst steht. Paul Klee Sonderausstellung war super! Und daneben sind dann auch noch z.B. Warhols und Beuys zu sehen.Absolut empfehlenswert!,50,"München, Deutschland",Reiseart: mit Freunden
Erlebnisdatum: Juli 2018,Im Areal der Kunst!,"Im Areal der Pinakotheken ist jede der 3 eine Reise wert! Hier finden wir neben Malerei und Plastik ab dem 20. Jahrhundert auch Design, Architektur, Grafik und großartige Sonderausstellungen. Im Areal der Pinakotheken ist jede der 3 eine Reise wert! Hier finden wir neben Malerei und Plastik ab dem 20. Jahrhundert auch Design, Architektur, Grafik. Zeit nehmen für ein Universum der Kunst bis zur Gegenwart in den Pinakotheken & der Sammlung Brandhorst! Am Sonntag je nur 1€ Eintritt, Kinder + Jugend frei!Kunst + Kultur von Weltrang erwarten uns, spannende Sonderausstellungen ergänzen die reichen Bestände. Mit Tram & Bus 100 (Pinakotheken) kommt man schnell hierher.",50,"Umkirch, Deutschland",Reiseart: allein
Erlebnisdatum: Mai 2018,Für Kunstinteressierte ein absolutes Muss!,"Die Dauerausstellung der Pinakothek bietet einiges an eindrucksvoller zeitgenössischer Kunst. Auch dem einen oder anderen Laien, dürften viele der dort vertretenen Künstlern ein Begriff sein. Allerdings empfinde ich, auch im Hinblick auf die Preise, Teile des Museumspersonals als zu unhöflich.Trotzdem lohnt sich ein Besuch auf jeden Fall.",40,"München, Deutschland",
Erlebnisdatum: Mai 2018,"Von außen beeindruckend, innen vieles mittelmäßig aber bei interessanten Ausstellungen einen Besuch wert ","Dieses im Zentrum gelegene Kunstmuseum, eingebettet in Wiesen und Freiflächen und umgeben von anderen Museen, ist ein echter Blickfang. Schon die Außenfassade mit ihrer Dachkonstruktion, welche getragen von Säulen den Eingangsbereich großzügig vom Regen abschirmt, sendet ein klares Signal. Schaut her, wir sind wer und können uns mit den großen Kunstmetropolen dieser Welt messen. Auf die Museumsstadt München bezogen ist dies auch nicht vermessen. Im Eingangsbereich, so einer Art Lichthof der sich zu allen Seiten öffnet, setzt sich dieser Eindruck fort. Er eröffnet Sichtachsen in mehrere Geschosse. Der Rest ist schnell erzählt. Die Dauerausstellungen sind für speziell daran Interessierte sicher von Reiz, für den Rest teilweise schon sehr unspektakulär. Ich käme nie auf den Gedanken, wegen der ständigen Ausstellungen hier Besucher hin zu bringen. Da bietet die Stadt (viel) besseres. Die zuletzt besuchte Sonderausstellung von Paul Klee ""Konstruktion Des Geheimnisses"" war dagegen die Mühe wert. Klee, ein Schweizer Maler dessen Wirken sich zwischen Blauer Reiter und Bauhaus abspielte, musste 1933 das Land verlassen. Er hat einen guten Bezug zu München und es hat in der Stadt immer wieder mal Ausstellungen über ihn gegeben. Die schiere Ausdehnung der Wände dieser Pynakothek in Höhe und Breite dämpft ein wenig die Wirkung seiner Bilder, die hier manchmal kleiner und unscheinbarer wirken als sie sind. Aber das schränkt den Kunstgenuß nicht wirklich ein. Zumal er konstruiert und dekonstruiert, vom großen ins kleine geht  und häufig auf Details zu achten ist. Man betrachtet die Bilder von ganz nah und blendet den Raum drum herum eh aus. Dass die Räume ganz überwiegend für Großes geschaffen sind, kann man gleich nebenan bei den großformatigen Bildern deutscher, französischer, spanischer, etc Maler unterschiedlicher Stilepochen erleben. Hier könnten Schulklassen rumtoben (keine Angst, die Anwesenden wussten sich zu benehmen) und man würde es kaum wahrnehmen. Und noch etwas sollte hervorgehoben werden: das Personal in diesem Museum ist ausgesprochen freundlich.",40,"Magdeburg, Deutschland",Reiseart: mit der Familie
Erlebnisdatum: Januar 2018,Ricca collezione,"Recensione di Domiziana Alibrando, 4E Linguistico, Liceo Linguistico Rita-Levi-Montalcini, Casarano,LeccePINAKOTHEK DER MODERNEModerne und zeitgenössische Kunst der letzten zwei Jahrhunderte auf höchstem Niveau. Die Struktur des Museums ist sehr schön zu sehen, während der Besuch fesselt, beginnend mit dem Eingang, groß und hell. Im Inneren beziehen die außergewöhnlichen Installationen den Besucher mit ein und geben ihm Denkanstöße. Diese unbestreitbare Attraktion gliedert sich in mehrere Bereiche: Kunst, Design und Architektur, die alle sehr speziell und interessant sind. Den Eintritt am Sonntag zahlen Sie nur 1 Euro, während Sie in der Woche genau 4 Euro bezahlen.Modern and contemporary art of the last two centuries of the highest level. The structure of the museum is very beautiful to see while the visit captivates, starting from the entrance, large and bright. Inside, the extraordinary installations involve the visitor, providing him with food for thought. This unquestionable attraction is divided into several sections: art, design and architecture, all very special and interesting. The entrance on Sunday you pay only 1 euro while in the week precisely 4 euro.",30,,Reiseart: mit Freunden
Erlebnisdatum: Mai 2018,Vier Museen unter einem Dach,"Die Pinakothek der Moderne bietet in seinen Sammlungen einen äusserst sehenswerten Querschnitt von Moderner Kunst, Architektur und Design. In dem lichten und großzügigen Atrium, angrenzend an das Museumscafé lässt sich zwischen den einzelnen Austellungsbereichen gut verweilen.",50,"Berlin, Deutschland",Reiseart: mit Freunden
Erlebnisdatum: April 2018,Schöne Klee Ausstellung und vieles mehr,"Wegen der Klee- Ausstellung nach längerer Zeit mal wieder in der ""Pinakothek der Moderne"" , gab es auch wieder im Bereich der ""Klassischen Moderne"" und der ""Zeitgenössischen"" Kunst viele schöne Objekte zu sehen.",50,"Bayern, Deutschland",Reiseart: allein
Erlebnisdatum: März 2018,Ein MUSS für Designfreaks und Freunde moderner Malerei,"Großzügig und sehr freizügig werden die gesammelten Exponate der  Neuzeit im suterranen Teil des Museums zur Begutachtung dargeboten.  Der direkte Zugang zu allem vermittelt dem Besucher ein totales Erlebensgefühl.  Besonders raffiniert und daher auch sehr unaffällig ist die indirekte Beleuchtung und überhaupt das ganze LICHT in der PINAKOTHEK der MODERNE. Allein das ist schon einen Besuch wert. Ganz ausführlich beschrieben und in allen Details gezeigt wird die Herstellung der seiner Zeit epochemachenden Thonet Möbel... sehenswert !! Dann in die oberen Ausstellungsräume der modernen Kunst , hier begrüßt sie ein Riesengemälde von Andy Warhol  genauso wie ein überdimensionierter Baselitz. Alle GRO?EN der Moderne haben hier in eigenen Räumen sehr großzügig präsentiert ihren Auftritt. Wer sich für Kunst interessiert und die oft viel diskutierten  (Baselitz, Boys, Warhol usw. ) Werke dieser Künstler einmal ""hautnah"" erleben will, sollte den Busuch dieses Kultstätte nicht versäumen .",50,"Bad Wörishofen, Deutschland",Reiseart: mit Freunden
Erlebnisdatum: April 2018,Es gibt viel zu sehen!,"Ich war schon des öfteren in der Pinakothek der Moderne und bin immer wieder fasziniert von der dargebotenen Vielfalt und den immer wieder wechselnden Ausstellungen. Hier wird wohl immer versucht die Kunst auf neue Art und Weise zu präsentieren, wie beispielsweise durch abgedunkelte Rauminstallationen.Wenn man die ganze Bandbreite an Kunstwerken anschauen möchte, sollte man natürlich Zeit mitbringen, diese ist jedoch bei dem, was einem dort geboten wird, gut investiert.Jedoch ist mir bei diesem Besuch mehr denn zuvor aufgefallen, wie viele (meines Erachtens schon fertig aufgebaute) Ausstellungsecken, aus welchen Gründen auch immer, für die Besucher abgesperrt waren, sodass man diese nur aus der Ferne teilweise erspähen konnte.Trotzdem kann ich es jedem Kunstliebhaber empfehlen der Pinakothek der Moderne beim nächsten Münchenausflug einen Besuch abzustatten.",40,"Augsburg, Deutschland",Reiseart: als Paar
Erlebnisdatum: April 2018,Sehenswert von innen und außen ,"Allerdings auch unübersichtlich. Man bekommt beim Ticketkauf keinen Hinweis auf dem Bildschirm, dass es auch ein Tagesticket für alle Pinakotheken + gibt. So habe ich in der Summe zu viel gezahlt :-(. Auch der Hinweis ro es die Audioguides gibt, fehlt. Natürlich kann man auch fragen!Warum kostet Paul Klee oder so extra?! Muss doch nicht sein!Die Ausstellungen sind sehr grosszügig sozusagen sehr viel Platz mit wenig Rundgang eher Sackgassen. Man sollte gut zu Fuss sein, lange Wege und auch Treppen! Übrigens sieht man auch warum: Besser vom Leben gezeichnet als von Picasso gemalt! 😁Das Gastroangebot war sehr gut! Nicht zu viel aber gute Auswahl an Kuchen,  Quiche,  Quark, Gebäck und kalten sowie warmen Getränken! Man kann drinnen und draussen sitzen!",30,"Sankt Gallenkirch, Österreich",Reiseart: allein
Erlebnisdatum: März 2018,Weltstadt mit Herz? So nicht!,"So sehr das Museum einen Besuch wert ist, so unerfreulich war meine Erfahrung mit einem Kassierer. Nachdem ich 5 Minuten in der Wartschlange stand, um mir ein Ticket zu besorgen, ließ der ""motivierte"" Kassierer mit der Bemerkung ""er mache jetzt Schluss, ich solle mich nebenan anstellen"" seinen Stift fallen, als ich an der Reihe war. Hinter mir war niemand mehr, sodass ich der letzte Kunde war, den er bedienen musste. Offensichtlich hat ihn mein verärgerter Gesichtsausdruck dazu bewogen, mich doch noch ""abzufertigen"". Sorry, München, aber das ist kein guter Stil.",30,,Reiseart: mit Freunden
Erlebnisdatum: März 2018,Noch Platz vorhanden:,Schöner Eingang mit großzügiger Treppen-Anlage. Die Räume sind aber noch nicht prall gefüllt. Da klaffen noch einige Lücken. Also Steigerungen sind durchaus denkbar. Daher manchmal eine kleine Enttäuschung.,50,"Berlin, Deutschland",Reiseart: geschäftlich
Erlebnisdatum: März 2018,Gute Alternative zur alten Pinakothek,"Da die alte Pinakothek gerade renoviert wird und wir außerdem die Paul Klee Ausstellung sehen wollten, haben wir uns dieses Mal für die Pinakothek der Moderne entschieden.Neben Klee findet man hier eine sehr interessante Design Abteilung und Werke zeitgenössischer Künstler. Hat uns sehr gut gefallen! Es müssen nicht immer die alten Meister sein.",40,"Darmstadt, Deutschland",Reiseart: als Paar
Erlebnisdatum: März 2018,Viel mehr als Klee,Aus Anlass der ganz tollen Paul Klee Sonderausstellung haben wir die Pinakothek der Moderne besucht und im Ganzen genossen. Eine herrliche Bandbreite zeitgenössischer Künstler werden grossartig und grosszügige präsentiert. Aktuell bescheiden sind die Pausen zu genießen: nur ein Selfservice Kaffestand zum Plastikstuhl.,40,"Freiburg, Deutschland",Reiseart: als Paar
Erlebnisdatum: Juli 2017,Das Museum für die moderne Kunst!,"Im Kunstareal liegend bietet die Pinakothek der Moderne abwechslungsreiche Ausstellungen und vielfältige Objekte der zeitgenössischen Kunst, sehenswert!",40,"Kirchheim bei München, Deutschland",Reiseart: mit der Familie
Erlebnisdatum: Februar 2018,Haus an sich interessant - Servicekräfte vom Mindestlohnanbieter schlecht geschult,"Die Ausstellung an sich udn auch die Sonderausstellung sind in dem großen geräumigen Bau leicht zu genießen. Wir haben uns sehr aufn den Besuch gefreut, doch leider sind wir recht unfreundlich von dem Servicepersonal behandelt worden, in der Garderobe, wo eigenes Personal arbeitet, war alles perfekt, aber die Zulieferer hat das Haus nicht im Griff.",30,"Berlin, Deutschland",Reiseart: als Paar
Erlebnisdatum: Februar 2018,"Breit aufgestellte Sammlung, etwas unübersichtliches Gebäude","In dieser Sammlung gibt es viel zu entdecken. Erst einmal sollte man sich gründlich orientieren, denn das Gebäude ist beim ersten Besuch recht unübersichtlich, und man ist von dem riesigen Angebot überfordert.Von zeitgenössischer Kunst über klassisches Design bis Architektur ist hier so viel zu finden und zu entdecken, dass man sich viel Zeit nehmen sollte. Für die Installation ""Himalaya Goldsteins Stube"" von Pipilotti Rist, die gerade präsentiert wurde, würde ich schon allein mindestens eine halbe Stunde einplanen, um dieses außergewöhnliche, vielschichtige Kunstwerk aufzunehmen. Beuys, Baselitz, Bacon, Warhol, u.v.a., das ist eine beachtliche Sammlung.Am Leitsystem könnte das Museum noch arbeiten, ansonsten großartig!",40,"Wien, Österreich",Reiseart: geschäftlich
Erlebnisdatum: Februar 2018,"Ufo, Autos, Schokoladenfolie :)",500 japanische Stahlarbeiter haben je eine Tafel Schokolade bekommen und mussten aus der Alufolie eine kleine Skulptur formen (Roman Ondak). Mein persönliches Highlight.,50,Deutschland,Reiseart: allein
Erlebnisdatum: Februar 2018,Schöne Sammlung,"Das Gebäude der Pinakothek der Moderne selbst ist schon ein großartiger Anblick. Die Architektur ist sehr beeindruckend. Jedoch ist das Innere dementsprechend verwirrend (welcher Eingang / welche Abteilung ist wo? etc.) Als Ticket bekommt man hier (neben der Papierkarte) ein Bändchen das man sich ums Handgelenk machen kann. Wer später aber keine Schere zur Hand hat sollte dies vielleicht nicht festmachen. Einen Audioguide gibt es kostenlos und ist hier auch sehr empfehlenswert. Die Tracks sind sehr schön eingesprochen und geben sehr gute Einblicke. Bei dem Ausleih des Guides soll man jedoch seine Telefonnummer angeben. Ich habe einfach eine falsche angegeben weil mir dies unangenehm war. Bei Abgabe wurde diese zwar wieder gestrichen auf der Liste, aber najaaa... Die Sammlung selbst hat eine schöne Größe und es gibt einige bekannte Werke. Aber im Vergleich zu den Sammlungen in Berlin, Stockholm etc. hat sie mich leider nicht umgeworfen. Dennoch ist sie definitiv sehenswert!Meiner Meinung nach ist diese Sammlung auch sehr gut für Kinder geeignet! Fotografieren ist im Museum ausdrücklich erlaubt (für private Zwecke) und es wird begrüßt wenn man die Eindrücke des Museums mit der Welt teilt. Ein Cafe gibt es im Haus anscheinend auch, aber das war zur Zeit meines Besuches geschlossen.",40,"Leipzig, Deutschland",Reiseart: mit Freunden
Erlebnisdatum: Januar 2018,Großartig,Außergewöhnliche Architektur verbindet sich hier mit außergewöhnlichen Exponaten. Sehr schön ist die Design-Ausstellung gleich gegenüber des Kassenbereichs. Besucher werden hier unzählige Gegenstände aus vergangenen Jahren wiederentdecken und sich an gutem Design (= gute Funktionalität und gutes Aussehen) erfreuen. Die oberen Stockwerke sind modernen und zeitgenössischen Künstlern vorbehalten. Heraus sticht dabei vor allem das begehbare Video-Wohnzimmer der Schweizer Künstlerin Pipilotti Rist.,50,"Berlin, Deutschland",Reiseart: allein
Erlebnisdatum: Januar 2018,Tolles Gebäude - schöne Sammlung,"Das Gebäude braucht keinen Vergleich mit den internationalen Tophäusern zu scheuen und auch die ausgestellten Exponate und Kunstwerke sind von hoher bis höchster Qualität. Zudem möchte ich hier noch einen weiteren Vergleich mit Museen in anderen Städten weltweit anstellen: Freundlichere MitarbeiterInnen haben wir kaum igendwo getroffen (betrifft im Übrigen auch die Neue Pinakothek, in der wir auch waren). Da fühlt man sich einfach gleich noch wohler. :-)",40,"Innsbruck, Österreich",Reiseart: als Paar
Erlebnisdatum: Dezember 2017,Immer einen Besuch wert!,"Die Pinakothek der Moderne vereint unterschiedliche Museen in einem Gebäude: Sammlungen von Gemälden und Skulpturen, Architektur, Grafische Sammlung, Design, Schmuck-Design ganz unten – alle auch mit Wechsel-Ausstellungen. Besonders günstig an Sonntagen, aber da ist es auch oft voll.Der Aufzug zur Schmuck-Etage ist außerhalb der großen Eingangshalle, ein großer Block mit Listen erschließt die Sammlung, die auch immer mal wieder Neues aufweist. Derzeit ist eine Ausstellung von Kinderstühlen ganz oben zu sehen, leider nicht zum „be-sitzen“: viele stammen von weit her oder aus früheren Jahrhunderten, man trifft auf weltweit bekannte Designer.",50,"Umkirch, Deutschland",Reiseart: geschäftlich
Erlebnisdatum: Dezember 2017,Für Liebhaber der modernen und zeitgenössischen Kunst ein Muss,"Die Pinakothek mit großen Museen der Moderne wie etwa dem NY Museum of Modern Art oder der Tate zu vergleichen ist sicherlich zu weit gegriffen aber den Wettstreit muss die Pinakothek auch nicht aufnehmen. Neben einer kleinen aber feinen Auswahl an Expressionisten, Surrealisten und div. Avantgardisten des 20. Jahrhunderts wissen vor allem die aktuellen Ausstellungen zu beeindrucken. Beyond the New (Jongerius/Schouwenberg), Kinderstühle (Sammlung Neuwald), oder ""Does Permanence Matter?"" sind absolut gelungene Reisen in eine sehr ungewöhnliche und emotionale Welt der Wahrnehmung. Does Permanence Matter? ist eine faszinierende Dokumentation, die den Lichtkegel auf urbane Strukturen mit Ablaufdatum wirft. Ob Flüchtlichgslager, militärische Ausbildungscamps, religöse Pilgerfeste, Bergbaustädte oder Kultur-Festivals - die Zahl kurzlebiger Urbanität ist absolut beeindruckend und auch sehr gut in Szene gesetzt.",50,"Graz, Österreich",Reiseart: als Paar
Erlebnisdatum: November 2017,immer wieder gerne,"Tolle vielseitige Ausstellung zur Modernen Kunst und Design. Immer wechselnde Sonderausstellungen (=> vorher informieren) in einem architektonisch interessanten Gebäude.Auch das Cafe im EG und der Museumsshop sind einen Besuch wert.Als Münchner besuche ich die PdM regelmässig.Spartipp: Sonntags kosten die Pinakotheken jeweils nur 1 €, da kann man dann auch mal nur für einen Teil der Ausstellung vorbeischaun",50,"München, Deutschland",Reiseart: allein
Erlebnisdatum: November 2017,Interessante Werke in tollem Haus,"Die Pinakothek der Moderne präsentiert beeindruckende Werke der Modernen Kunst in einem beeindruckenden Gebäude. Es sind große Namen wie Dali, Miro, Otto Dix und viele mehr vertreten. Ein Besuch in diesem Hause ist unbedingt empfehlenswert - er ist ein Muss für jeden, der sich für die Kunst des 20. Jahrhunderts interessiert.",40,Merzig,Reiseart: als Paar
Erlebnisdatum: November 2017,Sehenswertes Museum,"Die Pinakothek der Moderne besticht durch seine Architektur, besonders auch von innen. Sehr interessant die Design Ausstellung und die Beuys Sammlung.",40,"Limburgerhof, Deutschland",Reiseart: mit Freunden
Erlebnisdatum: Oktober 2017,Gut sortierte Sammlung,"Kunst des 20.Jahrhunderts erwartet die Besucher hier, fast alle bekannte Namen, gute Erläuterungen. Automatische Führung vorhanden, falls gewünscht. Fotografieren ist erlaubt. Öfter klingelt das Alarmsignal, weil keine Abgrenzungen eingetragen sind, die zeigen, wie nah man herangehen kann. Aber mit der Zeit lernt man das, und das Personal ist sehr freundlich.",40,"Bad Birnbach, Deutschland",
Erlebnisdatum: August 2017,einfach nur toll,"Nach vielen alten Gemälden in Italien war uns nach moderner Kunst. Ganz tolles Museum mit Werken berühmter Maler, u.a Nolde, Dali, Feininger... Absolut sehenswert.",50,,Reiseart: als Paar
Erlebnisdatum: August 2017,Vielseitig,"In der Pinakothek der Moderne finden sich Bilder berühmter moderner Künstler wie unter anderen Picasso, Baselitz oder Dali. Außerdem gibt es noch eine Vielzahl interessanter und beeinduckender Installationen zu betrachten. Ein Besuch lohnt sich.",40,"Nürnberg, Deutschland",Reiseart: als Paar
Erlebnisdatum: August 2017,Moderne Kunst - vielseitig und abwechsungsreich,"Die Pinakothek der Moderne überzeugt mit einem ansprechenden Bau, einem hochwertigen Interieur, interessanten Dauerexponaten und abwechslungsreichen thematischen Ausstellungen. Eine Verpflegung während des Besuchs ist im Imbiss-Restaurant zügig möglich.",40,,Reiseart: mit Freunden
Erlebnisdatum: August 2017,Großer künstlerischer Bogen,"Kunstwerke von der klassischen Moderne bis zur Gegenwartskunst. Auch zahlreiche Installationen. Man sollte viel Zeit mitbringen. Es lohnt sich. Grosse Rotunde mit breiten Treppenläufen, die in die einzelnen Bereiche führen. Interessante Architektur. Designausstellung ebenfalls sehenswert. Museumscafe nett, aber bei viel Besuch zu klein und überfordert.",40,"Baden-Württemberg, Deutschland",Reiseart: als Paar
Erlebnisdatum: August 2017,"Vielseitig, breites Spektrum, unbedingt empfehlenswert ",Mehrere Sammlungen in einem Haus. Von der Automobil-Geschichte über Einrichtungsgeschichte über moderne Kunst bis Mittelalter.,50,"Köln, Deutschland",Reiseart: mit Freunden
Erlebnisdatum: Juli 2017,"Nicht verstaubt wie andere Museen - interessant - unglaublich was alles "" modern"" ist :-)","Für einen Ausflug an einem Regentag jederzeit zu empfehlen, da es 1. interessant aufgebaut ist2. erstaunliche moderne Dinge zu sehen gibt, bei denen man in eigener Erinnerung schwelgt, ach das ist modern ...... mit sowas habe ich ja selbst noch gearbeitet ( z. B. PC oder Schreibmachine.......)3. es vielseitige Themen gibt, die auch für grössere Kinder kurzweilig sind4. es in der Nähe auch viele Lokalitäten gibt und es sich mitten in der Stadt befindetund man es auch mal gut so zwischendurch mitnehmen kann",50,,Reiseart: mit der Familie
Erlebnisdatum: Juli 2017,Sehenswert,Tolle Ausstellung! Wir würden gleich nochmal hingehen. Schöne Räume mit sehr interessanten Bildern und Objekten.,50,"Meilen, Schweiz",Reiseart: mit Freunden
Erlebnisdatum: Juli 2017,Kulturmuss in München,"Immer einen Besuch wert. Insbesondere am Sonntag mit einem Eintrittspreis von 1 Euro, fragt man sich warum nicht noch deutlich mehr los ist.",50,"München, Deutschland",
Erlebnisdatum: Juni 2017,Information/Kommunikation ausbaufähig,"Ein Museum mit diskursrelevanten Ausstellungen und einer signifikanten Sammlung. Für Interessierte also unbedingt den Besuch wert!Architektonisch-baulich ist die Hürde, sich erst einmal an die Information zu wenden, doch recht gross, das Personal dort wirkte auch nicht gerade übermotiviert. Es fiel mir also etwas schwer, einen Überblick darüber zu gewinnen, was (s)ich gerade aktuell wo finden würde.",40,"Malters, Schweiz",Reiseart: allein
Erlebnisdatum: Juni 2017,Tolle Sammlung!!,Die Pinakothek der Moderne hat eine wunderbare Sammlung von zeitgenössischer Kunst. Besonders die Bilder der Künstlergruppe Blauer Reiter sind sehr imposant!!,50,"Wien, Österreich",Reiseart: als Paar
Erlebnisdatum: Juni 2017,Auf jeden Fall besuchen!,"Ein muss für alle Design und Geschichtsinteressierten unbedingt mit Führung buchen, da erfährt man Dinge, die sich einem so nicht direkt erschliessen.",50,"Köln, Deutschland",
Erlebnisdatum: Mai 2017,Lohnenswert ,Zahlreiche Exponate vor allem aus dem Expressionismus sowie zeitgenössische Künstler - sehr schöne Design - Abteilung,40,"Gießen, Deutschland",Reiseart: mit der Familie
Erlebnisdatum: Mai 2017,Die Moderne in grandioser Architektur,"Es ist eine wahrhaft umwerfende Erfahrung, einen Rundgang durch die Moderne machen zu können. Wie hier in lichten Räumen die Entwicklung der Moderne erfahrbar gemacht wird, ist eine Erfahrung, die ich so in noch keinem Museum gemacht habe. Diese Ausstellung ist mir eine sehr lebendige Erfahrung, die ich in absehbarer Zeit wiederholen und vertiefen möchte.",50,Eichenzell,Reiseart: als Paar
Erlebnisdatum: Mai 2017,Wirklich sehenswert,"Umfassende Ausstellung von Bildern, Skulpturen und Designobjekten. Architektonisch ist das Museum schon sehenswert, am Sonntag beträgt der Eintritt 1 Euro pro Person!!!",50,,Reiseart: mit der Familie
Erlebnisdatum: Mai 2017,Bilder und mehr,"Sicherlich eine Empfehlung, insbesondere am günstigen Sonntag. Von Bildern über Design bis zu ausgefalleneren Installationen - wer sich unterhalten, wundern oder auch ärgern will, ist hier am richtigen Platz. Kunst löst Emotionen aus, und hier gibt es mehr als genug davon.",50,Kulmbach,Reiseart: als Paar
Erlebnisdatum: April 2017,Unfassbar gute und abwechslungsreiche Ausstellungen,"Kleiner Tipp zu Beginn: Sonntags kostet der Eintritt nur 1 €! Die Pinakothek der Moderne ist unfassbar abwechslungsreich. Man findet eigentlich für jeden etwas: sei es Plakatkunst, Design, Gemälde oder Fotografien. Leider habe ich es nicht ganz geschafft mir alles anzusehen, aber das was ich gesehen habe, hat mich begeistert! Besonders empfehlenswert finde ich die Ausstellung ""Vermisst"" die sich um das Gemälde Turm der blauen Pferde von Franz Marc dreht. Hier schafft es die Ausstellung Bezüge vom Gemälde zur Historie und der Biografie des Malers zu schaffen. Außerdem wird die Thematik aus verschiedenen Blickwinkeln beleuchtet. Es scheint zu Beginn sehr viel Text zu sein, aber es lohnt sich! Auch das House of Wonders ist unglaublich gelungen und man ""entdeckt"" sehr viele Details. Die Fotografien zum Ruhrgebiet waren einfach sehr cool. Es ist unglaublich, welche Kunstwerke in diesem Haus untergebracht wurden. Wenn ich das nächste Mal in München bin, werde ich definitiv wieder kommen.",50,,Reiseart: mit Freunden
Erlebnisdatum: April 2017,Lebendige Kunst  in der Mitte von München,"Ich entwerfe ein mögliches Szenario: Sie sind in München. Kommen als Paar in die noble Stadt der Bayern. Sie stellen sich ein Programm zusammen. Es soll beiden Spaß machen. Da gehört ein Besuch in einer Kunstausstellung dazu. Doch haben Sie wirklich Freude, den gelangweilten Flaneur auf einer Kunstroute zu spielen? Eher nicht. Aber Sie trauen sich nicht, Nein zu sagen. Es sei denn, es gäbe einen Ausstellungsort in der Stadt, der GroßARTiges anbietet: Lebendige Kunst. Aktive Kunst. Überraschende Kunst. Moderne Kunst. Radikale Kunst. Farbenintensive Kunst... Kurzum: Besuchen Sie die Neue Pinakothek in München. Dort finden Sie, was Sie sich wünschen. Und nehmen Sie Zeit mit. Und schauen Sie nicht so bedrückt oder scheininteressiert. Gehen Sie hin. Und erleben Sie eine lebendige Ausstellung. Für Sparfüchse ein Tipp: Sonntags kostet der Eintritt in der Regel einen Taler. Na, dann los!",40,"München, Deutschland",Reiseart: mit Freunden
Erlebnisdatum: Oktober 2016,Toll,"Muss man sehen, schon der Bau ist innen ein Kunstwerk, auch wenn man wie ich keine nackten Betonbauten mag, moderne und modernste Kunst wird ansprechend präsentiert, es gibt auch vieles, was streitbar ist und teilweise belächelt wird, naja Kunst eben",50,Deutschland,Reiseart: mit der Familie
Erlebnisdatum: Mai 2016,"Ein Muss, wer nach München kommt!","Man sollte die Pinakothek der Moderne unbedingt von Innen gesehen haben. Die Ausstellungen variieren, wer hier nicht fündig wird, sollte sich zumindest die frei zugänglichen Teile aus architektonischer Perspektive ansehen. Sonntags ist hier teils sehr viel Andrang, aber auch das ist verkraftbar.",50,"München, Deutschland",Reiseart: mit Freunden
Erlebnisdatum: April 2017,Ein gelungener Sonntag,"Ein Besuch am Sonntag lohnt schon deshalb, weil der Eintritt gerade einmal 1€ beträgt. Und wenn du um 10.00 Uhr startest, hast du praktisch das Museum für dich.Manchmal erklären junge Kunststudenten die einzelnen Werke, das hilft beim Verständnis. Es ist immer wieder schön, über die große Treppe in den oberen Stock zu schreiten, fast majestätisch. Ob wechselnde Ausstellung oder ständige Ausstellung, die Kunstwerke sind sehenswert und ein Muss bei jedem Wetter.",50,"Eichenau, Deutschland",Reiseart: als Paar
Erlebnisdatum: März 2017,Inspiration,"Allein die Architektur dieses Gebäudes ist sehenswert,Neben den bereits bekannten ""Meistern"" empfand ich in der obersten Etage den skandinavische Autorenschmuck (z.B. Tone Vigeland) sehr bemerkenswert,ebenso die Designobjekte im Souterain (Möbel, Fahrzeuge wie Porsche, Ro 80, die ""Göttin"" von Citroen, Tatra, etc.",40,"Münster, Deutschland",Reiseart: als Paar
Erlebnisdatum: März 2017,Sehenswert mit Einschränkungen,"Die Eingangshalle beeindruckt. Nach Plan sind wir durch die verschiedenen Räumlichkeiten, angefangen im Untergeschoss 'Die neue Sammlung'. Bei verschiedenen Ausstellungsstücken schmunzelt man - je nach eigenem Alter - da doch einiges sehr gut in Erinnerung.Die Bilder im Obergeschoss u.a. Kandinsky, Macke, Matisse, Dali und natürlich Picasso sind schon alleine einen Besuch wert. Kunst ist Geschmacksache, darüber lässt sich kaum streiten. Bei einigen Gegenständen fragt man sich, WAS soll einem das sagen. Wer kommt auf die Idee, so etwas auszustellen! Anderseits haben mich die Kreationen der Silberfolien von Schokoladentafeln fasziniert. Eine wunderschöne Idee, 500 Stahlarbeiter zu bitten, daraus Skulpturen zu formen. Welch' Kreativität kommt da zum Vorschein. Alles in allem wirklich sehenswert.Was noch zu erwähnen ist: Grundsätzlich ist es zu befürworten, auch Kindern Kunst näher zu bringen. Leider aber lassen einige Eltern zu, dass ihre Kinder ein Museum mit einem Spielplatz gleichsetzen. Da wird dann gebrüllt und getobt, was einem den Besuch leicht versäuert.",40,"Berlingen, Schweiz",Reiseart: als Paar
Erlebnisdatum: März 2017,einfach ein muss......,Architektonisch ein super Bau.Sehr schöne Ausstellungen . Gutes Ambiente!grosse Räume gösse Kunstwerke....,50,Schweiz,Reiseart: als Paar
Erlebnisdatum: März 2017,Spannende Ausstellung ,"Sehr tolle Auswahl an Werken, darunter auch einige bekannte Werke und Künstler. Sonntags beträgt der Eintritt nur 1€. Dennoch war es in der Ausstellung angenehm ruhig.",50,,Reiseart: mit Freunden
Erlebnisdatum: März 2017,Sehr sehenswert,"Eine interessante Designabteilung, vor allem die Wand recht vom Eingang mit teilweise sehr originellen Produkten. Insgesamt aber ist das Museum ein eindrücklicher Beweis dafür, dass nichts so schnell altert wie die jeweilige Moderne. Der Bau als solcher ist aber nach wie vor interessant.",40,"Athen, Griechenland",Reiseart: allein
Erlebnisdatum: Februar 2017,Alles schon mal gesehen - oder nicht sehenswert,"Ach herrjeh, das Schicksal des Reisenden: Nach London, Paris, und Berlin hat dieses Museum eigentlich nichts mehr neues zu bieten. Das beste ist die Architektur, die Designgegenstände sind nur déja-vues und die ausgestellte Kunst ist im Schnitt aus der zweiten Garde. Kann man sich sparen.",20,"Liebefeld, Schweiz",
Erlebnisdatum: April 2016,Moderne Kunst,Wer moderne Kunst mag ist hier richtig. Von allen Pinakotheken ist mir die Pinakothek der Moderne die liebste.,50,"München, Deutschland",Reiseart: mit der Familie
Erlebnisdatum: Dezember 2016,museum mit fantastischer erlebnisreicher raum-sequenzen,"sehr interessanter zusammenschau wichtiger detailbereicheinsbesondere der zeitgenössischer kunst, design und technik",40,"Zürich, Schweiz",Reiseart: allein
Erlebnisdatum: Oktober 2016,Selbst für Kinder interessant,"Die Pinakothek der Moderne ist eins meiner Lieblings-Museen in München, weil sie einen guten Einblick in moderne Kunst (und modernes Alttags-Design) bietet und nie langweilig wird. Neuerdings waren wir auch zweimal mit unseren kleinen Kindern da und selbst die hatten Spaß beim Betrachten der (teilweise kuriosen) Werke. Klassiker ""Papa, sowas hab ich auch schon gemalt"" ;-)",50,"München, Deutschland",Reiseart: mit der Familie
Erlebnisdatum: März 2016,Mangelhaft,"Ich bin kein großer Kunstkenner, aber schöne Bilder oder Kunst gefallen mir in der Regel schon. Dieses jedoch ist mir einfach zu abstrakt.",20,"München, Deutschland",Reiseart: als Paar
Erlebnisdatum: Oktober 2016,"Ein wundervoller Querschnitt der Moderne über Design, Objekte, Malerei in einem zeitgemäßen Bau.",Natürlich nutze ich bei meinen häufigen Besuchen den vergünstigten Eintrittspreis am Sonntag. Es ist für mich als Einheimische immer wieder ein Erlebnis die wechselnden Künstler zu bewundern und mich an den Dauerausstellungen zu erfreuen. Ich als Künstlerin hole mir dort immer wieder neue Inspirationen.,50,"München, Deutschland",Reiseart: mit Freunden
Erlebnisdatum: Januar 2017,Liebe auf den zweiten Blick ,"Zunächst wirkte das offene betonbetonte Gebäude nicht sehr einladend. Auch das Konzept des Hauses habe ich nicht gleich durchschaut.Mit der Zeit findet man dann doch ansprechende und interessante Objekte vor.Die Expressionisten und die Maler der Neuen Sachlichkeit stellen den Kern der Ausstellung.Wer dann noch Energie aufbringt, kann sich Beispiele und Klassiker modernen Designs anschauen.",40,"Bamberg, Deutschland",Reiseart: als Paar
Erlebnisdatum: Januar 2017,Zeit und Reflektion,"Eher zufällig war ich in der Pinakothek der Moderne. Was soll ich sagen, für einen überschaubaren Betrag von 10 Euro bekommt man den Eintritt und einen Audioguide. Die Sammlung Moderne Kunst fand ich auf jeden Fall einen Besuch wert. Klassische Moderne und Gegenwartskunst, von Picasso bis Warhol und Kirchner bis Baselitz. Besonders die Audioinformationen helfen die Werke zu begreifen. Leider gibt es für zu wenige Werke diese Materialien. Der Bereich Design fand ich weniger schlüssig und auch zu wenig aufbereitet.Trotzdem, absolute Empfehlung. Kinder stark ermässigt.",40,"Frankfurt am Main, Deutschland",
Erlebnisdatum: Dezember 2016,Interessantes Museum,"Die Pinakothek der Moderne ist auch bei einem Kurztrip einen Besucht wert.Nicht nur die Kunst- und Designobjekte sind hervorragend gewählt, sondern auch deren Präsentation. Ausserdem ist auch das Gebäude an sich ein echter Hingucker.",50,"Basel, Schweiz",
Erlebnisdatum: Dezember 2016,"Moderne Kunst toll, Design eher schwach bestückt","Das Museum bietet relativ viel Platz und somit lassen sich die Werke ohne Stress gut betrachten. Schöne Auswahl bei den Bildern, aber  beim Design beschränkte Auswahl und seit 10 Jahren dasselbe.....",30,"Abtwil, Schweiz",Reiseart: als Paar
Erlebnisdatum: Dezember 2016,Sehr sehenswert,"Die Pinakothek der Moderne ist mit seinen verschiedenen Ausstellungen sehr sehenswert und abwechslungsreich. Jeder der sich für Kunst interessiert oder ein Museum besuchen möchte, das nicht alltäglich ist, ist hier genau richtig",40,,Reiseart: mit der Familie
Erlebnisdatum: Dezember 2016,🏛 - Gute Ausstellung mit großer Vielfalt,"Als Kunstleie sind moderne Werke manchmal schwer verständlich, bis hin dass man den künstlichen Hintergrund in keinster Weise erkennen kann. In dieser Pinakothek kann man trotzdem den Tag genießen, da die unterschiedliche Vielfalt der Exponate und Kunstrichtungen die Ausstellung nicht langweilig macht. Gut finde ich, das hier viele deutsche Künstler dargestellt werden; im Gegenteil vermisse ich ein paar mehr Gemälde berühmter ausländischer Maler (z.B. Dali).",40,"Manching, Deutschland",Reiseart: mit der Familie
Erlebnisdatum: November 2016,So genial ,"Jedes Mal wenn wir nach München gehen schauen wir uns ein Museum an. Alte und Neue Pinakothek, Hypo Stiftung, Deutsches Museum u.v.m.Dieses Mal war die Pinakothek der Moderne dran. Den Eingang fanden wir nicht auf Anhieb. Die Eingangshalle und der Treppenaufgang war architektonisch schon atemberaubend. Der Blick in einen Ausstellungsraum ist genial. Welche bedeutenden Künstler hier gezeigt werden hätte ich nicht erwartet. Ich kann die Pinakothek der Moderne nur wärmstens empfehlen. 1€ Eintritt pro Person am Sonntag ist fast schon unanständig, wenn ich an die $25 in New York für MoMA und viele Andere denke. Also hin gehen!",50,"Neckartenzlingen, Deutschland",Reiseart: mit der Familie
Erlebnisdatum: Juli 2016,Eins der besten Museen Deutschlands,"Für Liebhaber der modernen Kunst ist diese Sammlung ein  absolutes Muß! Ob deutsche oder internationale Moderne, hier ist alles unter besten Lichtbedingungen zu sehen.--Natürlich sollte man auch Zeit für die ""Alte Pinakothek"" einplanen, wenn man in München ist.",50,,Reiseart: allein
Erlebnisdatum: November 2016,Ein echtes Highlight in München ,"Obwohl es in München viele tolle Museen gibt, sticht die Pinakothek der Moderne heraus - die Sammlung ist sehr vielfältig und punktet zusätzlich mit tollen Sonderausstellungen. Zwei Stunden sollte man mindestens einplanen. Bitte beachten: Wegen Pächterwechsels ist das Restaurant derzeit geschlossen Tipp: Mit dem Tagespass bekommen Sie vier weiter Museen für nur 2€ Aufschlag zum Einzelticket",50,"Lübeck-Travemünde, Deutschland",Reiseart: allein
Erlebnisdatum: November 2016,Sehenswert aber kein Muss,"Tolle Architektur aber ich finde es konzeptionell als zu grosses Sammelsurium. Dennoch, gerade am Sonntag für 1euro ein Tipp",30,"Sizilien, Italien",Reiseart: allein
Erlebnisdatum: Oktober 2016,Absolutes Muss für Liebhaber moderner Kunst,Großartiges Museum für moderne Kunst. Bei jedem Münchenbesuch bleibe ich hier über Stunden hängen weil die Ausstellungen überwältigernd sind.,50,"Kaiserslautern, Deutschland",Reiseart: allein
Erlebnisdatum: Oktober 2016,Umwerfend!,"Grandioses modernes Museum, dessen Vielfalt in einem Tag kaum überschaubar erscheint. Vor allem die Designausstellung ist unbedingt sehenswert!",50,"Bietigheim-Bissingen, Deutschland",Reiseart: als Paar
Erlebnisdatum: Dezember 2015,Eine umfassende historische Ausstellung,Eine große Anzahl an Gemälden ist hier gesammelt und zu besichtigen! Es ist günstig in der Stadtmitte gelegen!,50,"Ottobrunn, Deutschland",Reiseart: mit der Familie
Erlebnisdatum: Oktober 2016,Wundervolle Stippvisite in der Pinakothek der Moderne als Abschluss des Münchenbesuchs,"Stippvisite von 1,5 Stunden kurz vor der Abreise. Habe die Abteilungen Architektur, Druckgrafik und Design gesehen, sehr lohnenswert. Tolle Austellungskonzeption!",50,"Hannover, Deutschland",Reiseart: allein
Erlebnisdatum: Oktober 2016,Lange Nacht der Museen - sehr eindrucksvoll,"spannende Geschichte wichtiger Designikonen, gut platziert und dargestellt,interessante Sammlung moderner Maler - eher schwache Kurzführung zu Max Beckmannder ganze Bau architektonisch sehr eindrucksvoll, klar, schön - besonderes Erlebnis bei Nacht!",50,"Zürich, Schweiz",
Erlebnisdatum: Oktober 2016,Interessantes und alt bekanntes :-),"Sehr gut und übersichtlich angeordnetes Museum bzw. Sammlung von modernen und zeitgenössischen Design- und Kunstobjekten. Viele Kult-Objekte - vom 911er über HiFi Geräte von Dieter Rams bis hin zu Stühlen von Ray und Charles Eames. Interessante Wechselausstellungen, über die Webseite des Design Museums abrufbar.",40,"Freiburg, Deutschland",Reiseart: mit Freunden
Erlebnisdatum: Oktober 2016,Bis zu 4 Ausstellungen in einem gebäude ist eine Wucht.,"Design, Architektur, Sonderaustellung über Fotographien und besonders die Bildersammlung  mit Werken von Bacon, Beckmann, Baselitz haben mich sehr beeindruckt",50,"Mainz, Deutschland",Reiseart: als Paar
Erlebnisdatum: Oktober 2016,Vielgestaltige Ausstellungen im Hause,"Sehr unterschiedliche Ausstellungen im Hause boten für jeden Geschmack etwas.Die Architektur moderner Konsumzentren, ein tolle Ausstellung über Design und im 2.OG beeindruckende Glasobjekte aus Murano. Hier war die mediale Darstellung des Entstehens einzelner Glaskunstwerke auf einem relativ kleinem Bildschirm und dem großen Publikumsinteresse unangebracht.Die Architektur des Museums war eher durchschnittlich.",40,"Berlin, Deutschland",Reiseart: mit der Familie
Erlebnisdatum: September 2016,Malerei-Skulptur-Architektur-Design: und derzeit herrliche Murano-Vasen!,"Dieses Museum ist ein Muss für jeden München-Aufenthalt für mich, denn immer gibt es Neues zu entdecken (an Sonntagen für nur 1 €, sonst 10 €, ermäßigt 7 €, die sich lohnen)!Derzeit gibt es unter anderem eine  sehr interessante Grisaille-Ausstellung und die Murano-Vasen. Nicht vergessen: im Anschluss an die Design-Ausstellung gibt es eine großartige zeitgenössische Schmuck-Ausstellung: Inspiration und Anregung, Augenfreude und Erlebnis zugleich! Gut zu erreichen: derzeit ab Stachus oder Scheidplatz mit der Tram 27 + 28, H ""Pinakotheken"" oder mit dem Bus 100 ab Ostbahnhof oder Hbf Nord. Es lohnt sich!",50,"Umkirch, Deutschland",Reiseart: geschäftlich
Erlebnisdatum: August 2016,Interessant,"Vielfalt und Viele verschiedene Ausstellungen.Es sind nicht nur bilder zu sehen, sondern es werden auch andere Dinge zur schau gestellt.",40,,Reiseart: allein
Erlebnisdatum: August 2016,Sehenswert,"Von Nostalgischem bis Heutigem ist in diesem sehr übersichtlichen Museum ein Rundgang sehr zu empfehlen. Interessante Asusstellungsstücke, für die man sich auch Zeit nehmen sollte.",40,"Linz, Österreich",Reiseart: mit der Familie
Erlebnisdatum: August 2016,Wunderbar,"Tolle Ausstellungsräume. Mir gefallen vor allem "" Die Blauen Reiter"" Kamen wegen der Sonderausstellung malls. Sonntags für nur 1 Euro!",50,"München, Deutschland",
Erlebnisdatum: April 2016,Ein grandioses Museum,"Ein wundervolles, beseeltess Bauwerk mit phantastischen Ausstellungen. Beides ist Grund, immer und immer wieder zu kommen.",50,,Reiseart: als Paar
Erlebnisdatum: Dezember 2015,Ein Muß für jeden Kunstinteressierten,"Die Pinakothek der Moderne ist ein Gesamtkunstwerk. Nicht die Kunstwerke allein, sondern die Gesamtkomposition ist beindruckend. Einiges kann man auch ganz entspannt mit einem Augenzwinkern betrachten, ohne dabei die Kunst herabzuwürdigen. Das war nicht unser letzter Besuch",50,"Niederkassel, Deutschland",Reiseart: als Paar
Erlebnisdatum: Juni 2016,Rundum beeindruckend,"Die Pinakothek der Moderne ist von außen betrachtet zunächst eimal ein recht nüchterner Betonbau, gewährt aber an einigen Stellen interessante Einblicke ins Innenleben.Der zentrale Bereiche ist die lichtdurchflutete Rotunde, wo sich auch die Kasse befindet. Von diesem zentralen Platz erreicht man alle umliegenden Ausstellungsräume in den einzelnen Etagen. Innen eröffnet die Architektur Blickachsen und Lichtkanäle, die man von außen nicht erwartet. Beeindruckend und einem Museum für moderne Kunst würdig.Die Sammlung ist umfangreich mit Schwerpunkten auf Malerei, Skulpturen und Installationen einerseits und der Entwicklung des Alltags- und Industriedesigns andererseits (Möbel, Unterhaltungselektronik, Computer, Mobilität ...). Wenn man die Exponate auf sich wirken lassen und die Hintergrundinformationen aufnehmen will (guter Multimediaguide) sollte man einige Stunden einplanen. Das Wechselspiel von Licht und Kunst ist wirklich gelungen inszeniert.",50,"Düsseldorf, Deutschland",Reiseart: als Paar
Erlebnisdatum: Mai 2016,unbedingt ansehen,Dieses Kunstmuseum ist architektonisch und künstlerisch eine Augenweide; es lohnt sich ein Kombiticket für alle Pinakotheken.,50,"Wilnsdorf, Deutschland",Reiseart: mit Freunden
Erlebnisdatum: September 2015,Sonntags mit Frühstück und kurzer Führung,Wir haben einen Gutschein geschenkt bekommen für ein tolles Frühstück im Café Klenze mit anschließendem Besuch des Museum mit kleiner Führung (ca. 45-60 min)Atmosphäre ist super und das Frühstück vom Café Klenze war sehr gut. Tee wie immer lecker und wir kommen bestimmt gerne wieder. Ein GUtschien eignet sich ganz toll als Geschenk.,50,"Bayern, Deutschland",Reiseart: als Paar
Erlebnisdatum: Mai 2016,Sonntags-Besuch,"Ohne grosse Erwartungen ging ich in die Pinakothek der Moderne. Das Gebäude, die Ausstellung und Atmosphäre überzeugte mich sehr und auch die Sonderausstellung war spannend. Jederzeit wieder!",50,,
Erlebnisdatum: Mai 2016,Unbedingt ansehen,Dieses Museum ist ein Muss für jeden Kunstfreund. Jeder Künstler von Weltruhm iSt vertreten und sehr angemessen ausgestellt.,50,"Göttingen, Deutschland",Reiseart: als Paar
Erlebnisdatum: August 2015,Super Interessant,"Sehr schönes Museum für moderne Kunst, sehr abwechslungsreiche Ausstellungen. Einziger Kritikpunkt die einzelnen Räume sind sehr unübersichtlich miteinander verbunden und der Lageplan war nicht hilfreich.",40,"Hamburg, Deutschland",Reiseart: als Paar
Erlebnisdatum: April 2016,Einfach sensationell,Reservieren sie sich mindestens einen halben Tag für ihren Besuch und geniessen sie sowohl die Architektur des Gebäudes und seine Exponate,50,"Biel-Benken, Schweiz",Reiseart: als Paar
Erlebnisdatum: Februar 2016,"""Da ist noch mehr drin!""","Mit einem guten Freund verbrachte ich einen sehr schönen längeren Nachmittag in der Pinakothek d. M.. Ich war das erste mal in diesem Haus-und ich muss der Journalistin vom MM -Simone Dattenberger-beipflichten -die Architecktur ist wirklich beeindruckend! In Bezug auf die ausgestellten Objekte hatte ich mehr erwartet-Designentwicklung Automobile-Geschirr-Mobiliar -Technik-TV Radio Haushaltgegenstände etc.-es war Alles da,aber meine Erwartungen wurden nicht erfüllt !Colani ,Riemerschmidt, allein die Gestaltungsvielfalt des Jugendstils-da habe ich viel vermißt!Als sehr postitiv habe ich die Gesprächsbereitschaft  und Freundlichkeit des Personals in den Ausstellungsräumen empfunden! Ich komme sicher wieder,auch in der Hoffnung auf mehr!",40,"Krün, Deutschland",Reiseart: mit Freunden
Erlebnisdatum: April 2015,allein wegen der Beleuchtung ....,"Ich mag es ja kaum sagen, aber dieses Museum besuche ich wegen der Beleuchtung. Die Ausstellungstücke gefallen mir auch gut, aber die tageslicht-artige Beleuchtung ist der Hammer! Vor allem an dunklen Wintertagen der pure Genuss.",50,,Reiseart: geschäftlich
Erlebnisdatum: Februar 2016,Sonntagsbesuch,Am Sonntag kostet der Eintritt nur 1€!! Das ist der Hammer.Es ist zwar gut besucht aber man kann einfach rumschlendern und genießen.,50,"Sankt Blasien, Deutschland",
Erlebnisdatum: Oktober 2015,...Spannende Reise...,...durch die verschiedenen Kunstepochen bis zur heutigen Zeit...das Designmuseum im Untergeschoß sollte man unbedingt anschauen...von Industriedesign bis zu Möbelklassiker ist alles zu sehen!,40,"Wiesbaden, Deutschland",
Erlebnisdatum: Januar 2016,Kunst für alle - nicht wirklich...,"Sonntags kann man für nur 1 Euro ins Museum. Das ist wunderbar! So will man allen gesellschaftlichen Schichten den Zugang zur Kunst ermöglichen. Das ist ein lobenswerter Ansatz! Leider findet man sich nach dem Kassenbezahlvorgang dann aber ziemlich orientierungslos in einem riesigen Haus wieder. Hilfe erhält man, wie in vielen Museen üblich, über Audioführungen, die erklären, was für den Laien wissenswert ist. Für 4,50 € erhält man die notwendige Ausrüstung und will loslaufen. Doch wohin? Mehrere Sonderausstellungen - aber wo? Welcher Treppenaufgang oder doch im Erdgeschoss? Wir laufen durch mehrere Räume - finden aber keine Symbole, die auf einen Beitrag des Audio-Guides hinweisen. Wir versuchen es spontan mit der Raumnummer und hören eine Info zu den Fotografien.  Leider war das nur ein Zufallstreffer - bei den folgenden Räumen funktioniert es nicht.  Dann endlich - ein Hinweis an einem Gemälde - trotzdem bleiben die Hinweise mehr als spärlich.  Ich klicke mich bei einer Pause im Café durch die Menüführung und muss feststellen , dass die ausführlichsten Beiträge, die ich anklicken kann, die Willkommens-Texte der verantwortlichen Mitarbeiter sind. Wir sind sehr an zeitgenössischer Kunst interessiert und haben einige der bedeutendsten Häuser Europas besucht. Immer waren uns die Audioguides ein hilfreiches Mittel um die Ausstellungen besser zu verstehen. Hier hatten wir den Eindruck, dass man sich schon lange keine Mühe mehr mit dem Inhalt gegeben hat. Sehr, sehr schade...",30,"Grünstadt, Deutschland",Reiseart: als Paar
Erlebnisdatum: Dezember 2015,Sehenswerte Mischung,"Ein interessantes Spektrum an Kunstwerken (eine tolle Sonderausstellung über Fritz Winter), eine grandiose Auswahl von Designikonen - und das alles in einer beeindruckenden Architektur. Unbedingt besuchen!",50,"Ahlen, Deutschland",Reiseart: als Paar
Erlebnisdatum: Oktober 2015,Ständig interessante Ausstellungen,"Von innen sehr eindrucksvolle Architektur (Lichtkuppel), leider von außen eher weniger spektakulär.  Ständige und wechselnde Ausstellungen moderner Kunst,  sehr schöne graphische Sammlung. Besonders sehenswert auch die Abteilungen für Architektur und Design. Sonntags  günstiger Eintrittspreis.",40,"München, Deutschland",Reiseart: als Paar
Erlebnisdatum: November 2015,Top Frühstück ,"Wir waren mit einem anderen Pärchen im Café Puck zum Brunchen verabredet. Alles war gut, die Lokalität ebenfalls. Preise sind für Münchner Verhältnisse in Ordnung...",40,"München, Deutschland",Reiseart: mit Freunden
Erlebnisdatum: November 2015,"GUT - nicht ""befriedigend"" - nicht ""sehr gut""","Wie schon viele Male fehlt mir die Bewertung ""gut""..Die Sammlung ist schon recht beeindruckend, aber mir persönlich war die Atmosphäre in den Räumen zu kühl, die Informationen an/zu den Bildern zu wenig (ich wollte weder eine Führung noch Kopfhörer). Hier muss ich die Ausstellung Marc / Macke vor Kurzem  im Lenbachhaus lobend erwähnen.Auch die Anordung der Bilder in den Räumen hat sich mir nicht so ganz erschlossen. (Ich betone MIR)Die Akkustik hat mir ebenso nicht behagt, die Damen, die die Bilder bei den Führungen erklärten waren dermassen laut, dass wir immer gleich in andere Räume ausgewichen sind.Trotzdem ist die Pinakothek der Moderen durchaus ein Besuch wert.",30,"Kempten, Deutschland",
Erlebnisdatum: Dezember 2014,Immer wieder interessante Kunstwerke und ein angenehmes Ambiente,"Es lohnt sich, man sollte sich in Ruhe Zeit nehmen und nach der Kunst noch einen Kaffee trinken. Wechselnde Ausstellungen und witzige Ideen.",50,"München, Deutschland",Reiseart: mit der Familie
Erlebnisdatum: Oktober 2015,Beeindruckendes Kunsterlebnis,"Wenn man sich an die Weite des Hauses und die Größe der Ausstellungsflächen gewöhnt hat, wird die Ausstellung moderner Kunst im 1. OG zum Erlebnis. Für uns schöner, weil greifbarer und verständlicher die Räume 1 bis 21, danach folgt die zeitgenössische Kunst, die nicht immer leicht verdaulich ist, aber natürlich zu Recht ihren Platz einnimmt. Ein eher zügiger Gang durch die Designausstellung lohnte sich ebenfalls.",40,Lippstadt,Reiseart: als Paar
Erlebnisdatum: Oktober 2015,Ein Muss für Kunstliebhaber,"Immer wieder toll, nur die Damen am Empfang könnten einen Kurs in Kundenfreundlichkeit gebrauchen...",40,"München, Deutschland",Reiseart: mit der Familie
Erlebnisdatum: Oktober 2015,Für Kunstliebhaber ein Muss in München,"Zur Nacht der Museen habe ich mir die Ausstellung Karl Blossfeldt angesehen. Eine wunderbare Schau und mit welch einem wunderbaren Auge diese Fotos gemacht worden sind. Einen Teil hatte ich schon bei einer Ausstellung in Aschersleben gesehen, aber das hier übertraf alles. Da die Ausstellung keine Dauernde ist, bleibt mir nur dem geneigten Münchenbesucher einen Besuch unbedingt ans Herz zu legen. Weckt den Entdeckergesit in euch, hier werdet ihr belohnt!",40,"Insel Usedom, Deutschland",Reiseart: als Paar
Erlebnisdatum: September 2015,Lässt an Vielfältigkeit nichts zu wünschen übrig,"Sehr guter Querschnitt bei den Exponaten. Der Schmuck wars nicht ganz so prickelnd, schmälert aber den Gesamteindruck nicht.",50,"Linz, Österreich",Reiseart: mit Freunden
Erlebnisdatum: Mai 2015,meins war es nicht,"ich kenne jede Pinakothek und die Moderne war meine Letzte.....Mein Geschmack hat das Museum nicht getroffen. Leider, ausgetretene Schuhe Wollfäden etc. nicht für mich....",30,"München, Deutschland",Reiseart: mit der Familie
Erlebnisdatum: Oktober 2015,sehr umfangreich,"empfehle die ""entartete kunst"", vor allem beckmann, otto dix, sehr nettes geräumiges café mit bequemen sofas, derzeit die schöne ausstellung carl blossfeldt",50,"Wien, Österreich",Reiseart: geschäftlich
Erlebnisdatum: September 2015,Design & Kunst at it´s best!,"Für Leute die Interesse an Design und Kunst haben, ist diese private zeitgenössische Sammlung das Nonplusultra.",50,"München, Deutschland",Reiseart: mit Freunden
Erlebnisdatum: September 2015,Wunderbare Ausstellungen,"Die Kombination aus moderner Kunst, Design, Architektur und Fotografie ist bestechend. Sehr eindrucksvoll auch die moderne Objektkunst. Hinzu kommt die Präsentation in großzügigen Räumlichkeiten.",50,"Hamburg, Deutschland",Reiseart: allein
Erlebnisdatum: August 2015,Hervorragend!!!,Ein wirklich gelungenes Museum mit einer hervorragenden Ausstellung!Für Kunstliebhaber ein highlight!!!,40,"München, Deutschland",
Erlebnisdatum: Mai 2015,Museum mit enormer Bandbreite!,"Ein tolles Museum mit einer enormen Bandbreite, zwischen Architektur, Design, Schmuck, Keramik, Fotografie, Grafik und und und... Sehr gelungen präsentiert, auch die Architektur ist sehenswert. Nicht vergessen: unweit der Pinakothek steht eine riesige Chillida-Skulptur und im Haus gibt es eine wunderbare, ständige Schmucksammlung. Etwas sicher zu finden, aber das lohnt sich wirklich!",50,ULM,Reiseart: mit Freunden
Erlebnisdatum: August 2015,Muss man in M gesehen haben,"Ich bin jetzt zum dritten Mal da gewesen und immer wieder begeistert. Es ist eine beeindruckende Zeitreise durch Design Stile, es ist Kunst in versch. Ausdrucksformen. Auch für die Kids war es toll.",50,,Reiseart: mit der Familie
Erlebnisdatum: August 2015,Tolles Museum,Mehrere Ausstellungen am konzentriert in einem Museum. Vor allem die Design Ausstellung hat uns gut gefallen.,50,"Puebla, Mexiko",Reiseart: mit der Familie
Erlebnisdatum: März 2015,Nach der alten und der neuen nun die moderne Pinakothek,"Die ersten beiden waren schon Hits zur Schulzeit im vorigen Jahrhundert, jetzt mögen wir die >Moderne<, wir wollten Nicholas Nixons einzigartige SW-Fotos der vier Brown Sisters über einen Zeitraum von 40 (!) Jahren bewundern... Dann die Überraschung: 1€ Eintritt und das ganze Museum stand uns zur Verfügung, wir hatten Zeit und die gut genutzt. Man muss nicht Alles bestaunen, aber im >Untergeschoss< habe ich viele mir vertraute Unikate wiedergefunden, die das Leben begleitet haben. Bemerkenswert wie viele Eltern mit kleinen Kindern in der P. waren.",50,"Wasserburg, Deutschland",Reiseart: mit Freunden
Erlebnisdatum: Februar 2015,Absolut sehenswert !,"Einer der schönsten Museumsbauten, die ich je besucht habe - sollten Sie in Münschen sein - unbedingt anschauen - kleiner Tipp: am Mittwoch ist Allianztag, da ist der Eintritt frei ;-)",50,"Klagenfurt, Kärnten, Austria",Reiseart: als Paar
Erlebnisdatum: Januar 2015,",grottenschlechter' cappuccino im museums-cafe! :-(",Das Museum und seine Wechselausstellungen sind sehr gut- Aber grottenschlecht ist das Museums-Cafe ! Dringend vom Besuch abzuraten !,30,,Reiseart: mit Freunden
Erlebnisdatum: Dezember 2014,Ein toller Bau mit wunderschönen Exponaten,Unter 2 Stunden sollte man nichts planen. Dafür gibt es einfach zu viel. Man kann eventuell bei den zeitgenössischen Künstlerndie ein oder andere Installation übergehen.,50,"Köln, Deutschland",Reiseart: mit Freunden
,Pinakothek  ,"Sehenswert , das Gebäude an sich ist der architektonische WahnsinnMan kann sich den ganzen Tag über dort verweilen",40,"Pforzheim, Deutschland",
Erlebnisdatum: November 2014,Im Reich der modernen Sinne,"Der Besuchen der P der Moderne muss unbedingt empfohlen werden. Das letzte Jahrhundert in Malerei und Design in einem hervorragenden Gebäude. Nur schon die Architektur ist überwältigend. Was dann an Malerei, Installationen und Design gezeigt wird ist weltweit bedeutendst. Lehrreich, Gedanken auslösend, einfach gut. Aber seien Sie offen für andere! Am Sonntag 1 Euro Eintritt...",50,"St. Gallen, Schweiz",Reiseart: mit der Familie
Erlebnisdatum: August 2014,Ein schönes Erlebnis,Beim letzte München Besuch habe ich endlich Zeit gefunden um in die Pinakothek der Moderne zu gehen. Da wir an einem Sonntag dort waren haben wir den vergünstigen Eintritt von nur 1 Euro bezahlt und ein paar schöne Stunden verbracht. Besonders zu empfehlen war die Ausstellung: THE GOOD CAUSE: ARCHITECTURE OF PEACE – DIVIDED CITIES die noch bis zum 19.10.2014 in der PINAKOTHEK DER MODERNE zu sehen ist.,50,"Köln, Deutschland",Reiseart: mit der Familie
Erlebnisdatum: August 2014,Kirchner Ausstellung,"Wir haben den Sonntagvormitag zum Besuch des Museums genutzt. Sehr schöne und informative Ausstellung. Ein großes Lob an den Staat Bayern, der am Sonntag den Besuchern nur einen Euro Eintritt abverlangt. Das könnten andere Bundesländer mal nachmachen!",50,Lüneburg,Reiseart: als Paar
Erlebnisdatum: Juli 2014,Vor Allem Mittwochs (kostenlos): Das Gute liegt so nah,"Es hat sich doch (hoffentlich) schon herumgesprochen, dass die P.d.M Mittwochs ihren Allianz-Tag hat, sprich kostenlos besichtigt werden kann. Das hatte diesmal insbesondere Reisegruppen aus aller Welt erfreut ... wir ""Einheimische"" geniessen es aber um so mehr. So kann man die aktuellen Ausstellungen (Beuys, Kirchner, ..) neben den Dauerausstellungen (die man immer gerne wieder sieht) ohne Eintritt zu zahlen anschauen.Ich bin ein besonderer Fan der Museumsarchitektur und kann  mich an den gelungenen Proportionen, Treppenaufgängen, Lichteinfällen nicht satt sehen.Faszinierend auch immer die Museumsdidaktik, die einige Schulgruppen mit Lehrern hier (hoffentlich) erfreut geniessen, Arbeitsgruppen ""lümmeln"" im Kreis und der spontane Dialog ist fast so spannend wie die Kunstwerke, die sie ""erarbeiten"".",50,"Grafing, Deutschland",Reiseart: als Paar
Erlebnisdatum: Juni 2014,"Eine wunderbare Ausstellung, ein wunderbarer Bau.","Ich war schon häufiger dort, diesmal wegen der wunderbaren Kirchner-Ausstellung. Jedes Mal bin ich nicht nur von den Kunstwerken, sondern auch von der Architektur begeistert. Einen Besuch kann ich nur empfehlen.",50,"Reinbek, Germany",Reiseart: mit Freunden
Erlebnisdatum: Juni 2013,Auch für Kurzbesuch ein Muss,"Die Pinakothek der Moderne muss besucht werden. Das Gebäude ist toll, für Architekturinteressierte ein Muss. Die permanente Ausstellung ist für alle Designinteressierte ein Muss. Also hin ;-) Wechselnde Ausstellungen sind meist interessant. Nach dem Besuch bietet sich ein Wirtshausbesuch im Anschluss an. Schwabing ist voll von ausgezeichneten Restaurants und Cafés.",50,"Teltow, Deutschland",Reiseart: geschäftlich
