date,title,text,rating,visitor_origin,visit
Erlebnisdatum: Februar 2020,Faruquito,"Ich war gestern, den 02.02.2020, im Prinzregententheater bei Faruquito. Die Darstellung ging um 19.30 Uhr los. Um 20.30 haben sich die Tänzer verabschiedet. Das konnte ich kaum glauben. Für 69 Euro eine Stunde Tanz? Da kam ich mir doch verarscht vor. Also das Preis",10,,
Erlebnisdatum: Dezember 2019,St.Petersburg Festival Ballett - so eine schlechte Vorstellung habe ich noch nie gesehen!,"St.Petersburg Festival Ballett - HORRIBLE SHOW! Der schlimmste Schwannensee der Welt !!! -  Ich und meine Eltern haben Tickets für 80 Euro via München Musik gekauft, also für so viel Geld erwartet man schon eine Vorstellung auf einem sehr hohen professionellen Niveau (alla",10,,
Erlebnisdatum: März 2019,Immer wieder schön,"Das Prinzregententheater ist eins der schönsten Theater in München. Die Atmosphäre einzigartig, die Akustik sehr gut und egal auf welchem Platz man sitzt, ob ganz vorne oder ganz hinten, man sieht und hört überall gut. Die Preise sind moderat und das Programm ist sehr",50,"München, Deutschland",
Erlebnisdatum: Dezember 2018,Schönes Theater mit enttäuschender Vorstellung,"Das auch von außen beeindruckende Haus bietet einen sehr schön restaurierten Zuschauerraum, der auch einige Logen aufweist. Auch die Akustik ist tadellos. Allein das Programm des Abends, ein ""Salzburger Weihnachtssingen"" enttäuschte und konnte an das in irreführender Weise",40,"Ruhpolding, Deutschland",
Erlebnisdatum: März 2018,Französische Opernarien in schönen Rahmen,"Schönes Haus, Veranstaltung war mit Führung von xing organisiert. Übertragung im Bay. Rundfunk. Gute Akkustik, wunderbarer Rahmen für die Veranstaltung.",50,,
Erlebnisdatum: Mai 2018,Immer wieder gerne,"Viele Veranstaltungen erlebt. Gute Akustik. Spartanische Klappsitze für die Vorstellungsdauer ohne Sitzkissen überlebensmöglich. Spannende Sitzplatznummerierung. In der Pause übloches KäferCatering im hübsch geschmückten Gartensaal. Es funktionier alles, die Kapazitäten passen gut ohne wirklich erforderlicher Hektik zur Pause um auf die Toilette zu kommen, was zu trinken zu bekommen oder am Schluss die Gaderobe zu erhalten. Seit langem saß ich mal wieder ziemlich weit hinten. Ich konnte mal wieder den wunderhübschen Saale mit den Szenerien geniessen. Hier lassen sich im Spuckbereich und im hinteren Bereich noch bereicherendere Stunden geniessen. Liebes Theater: Bleib uns noch lange in Deiner jetzigen Form erhalten.",40,"Ingolstadt, Deutschland",Reiseart: als Paar
Erlebnisdatum: März 2018,Tolles Theater mir Geschichte – ABER für manche Stücke UNGEEIGNET,"Ja das Theater ist toll und geschichtsträchtig und für bestimmte Theaterstücke bestens geeignet – ABER wir warnen bei der Aufführung von Afrika! Afrika! (nach einer Idee von Andre Heller), das Stück ist schnell, bunt und lebt von Bewegung. Dafür ist weder das Theater noch die Akustik noch die Bestuhlung geeignet (kaum Sicht auf die Bühne). Wir hatten eigentlich Sitze in der ersten Reihe gekauft, und zwar am linken Rand. Haben wir auch bekommen aber vor uns waren 5 Sitzreigen ohne Nummer!! und die Aufführungen am linke Bühnenrand konnten wir nicht sehen (Blick hat übergroßer Lautsprecher versperrt)Theater OK – aber nicht für alles was man auf einer Theaterbühne aufführen kann",20,"Ingolstadt, Deutschland",Reiseart: als Paar
Erlebnisdatum: März 2017,Joja Wendt,"Ein unvergesslicher Abend mit Joja Wendt. Klassisches Instrument modern interpretiert. Wenn man die Zeit in München hat, sollte man hier her gehen.",50,"Weichs, Deutschland",Reiseart: als Paar
Erlebnisdatum: Januar 2017,Tolle Unterhaltung in wundervoller Location!,"Wir hatten das große Glück, ""Best of Rock the Ballet"" im Prinzregententheater erleben zu dürfen: die Location ist wundervoll - ganz herrlich gestaltet und hat den perfekten Rahmen für diese Show geboten! Nur zu empfehlen.",50,"Dresden, Deutschland",Reiseart: mit der Familie
Erlebnisdatum: August 2016,"""Sehens"" (und ""hörens""-)wert. Stimmungsvolles Ambiente für Aufführungen","Wir lesen in Wikipedia: ""Das Prinzregententheater ist ein freistehender Theaterbau am Prinzregentenplatz des Stadtteils Bogenhausen im Osten Münchens und wurde nach Prinzregent Luitpold benannt. Der von 1900 bis 1901 errichtete Bau wurde von dem zu dieser Zeit äußerst erfolgreichen Architekten Max Littmann entworfen. Dieser orientierte sich bei seinen Plänen besonders an dem Richard-Wagner-Festspielhaus in Bayreuth und übernimmt beispielsweise den amphitheatralischen Zuschauerraum. Das im Jahre 1988 zunächst nur in der Kleinen Lösung wiedereröffnete Theater verfügt seit 1996 nun wieder über seine Große Bühne.""Seither sind wir mehrfach hier gewesen. Schnelles Buchen empfiehlt sich, sowie ein Ereignis sich hier ankündigt. Diesmal war es Shadowland II ... und in der Tat waren alle Plätze ausgebucht, der Andrang groß. Anfahrt mit öffentlichen Verkehrsmitteln dringend empfohlen!",40,"Grafing, Deutschland",Reiseart: als Paar
Erlebnisdatum: März 2016,Tolles theater,"Wir waren bei einer Tango Tanz und Konzertveranstaltung im Prinzregententheater (Tango azul)Ein Theaterambiente, wie man es sich vorstellt. Alles sehr klassisch und auch etwas kitschig, passt hier aber absolut.Wenn man mit dem Auto anreist, ist das Parken die größte Herausforderung. Echte Parkgelegenheiten Hinzes nicht. Hier muss man Zeit einplanen oder gleich morbider u-Bahn anreisen. Die Station liegt direkt vor dem Theater.In allen Fällen ist ein Besuch des Theater schon alleine wegen des Ambientes wert.",50,"Poing, Deutschland",
Erlebnisdatum: Januar 2016,Unglaubliche Reise durch die Münchener Geschichte!,"Am 29.01. war ich im Prinzregenten Theater bei der Sandshow von einer der besten Sammlerinnen Europas Natalya Netselya - München, die Weltstadt mit Herz. Es war ein unvergessliches Erlebnis, Magie pur!",50,"Leipzig, Deutschland",
Erlebnisdatum: Januar 2016,Schönes altes Theater,"War beim Neujahrskonzert der Münchner Symphoniker im Prinzregententheater. Schönes altes Ambiente, großes Café, etwas enge Bestuhlung. Super Akustik. Direkt an der U-Bahn.",40,"München, Deutschland",Reiseart: mit der Familie
Erlebnisdatum: November 2015,"Das Musical ""Tschitti Tschitti Bäng Bäng"" hat uns total gut gefallen!","Das Prinzregententheater ist ein schönes Jugendstiltheater und leicht mit öffentlichen Verkehrsmitteln zu erreichen. Die U-Bahn-Station ist beispielsweise direkt vor der Tür. Wer mit dem Auto kommt, findet mit ein bisschen Glück in den umliegenden Seitenstraßen einen Parkplatz.Wir haben hier das Musical ""Tschitti Tschitti Bäng Bäng"" gesehen und waren total begeistert. Die Bühnenausstattung und die Kostüme waren super - bunt, ideenreich, spektakulär. Außerdem war die Musik mitreißend. Wer noch Karten bekommen kann, sollte sich das Stück nicht entgehen lassen.",50,"Dießen am Ammersee, Deutschland",Reiseart: als Paar
Erlebnisdatum: Januar 2015,"Man muss dieses T3theater einfach gesehen haben. Im zweiten Weltkrieg total zerstört, jedoch dann wieder neu aufgebaut.",Das Prinregententheater ist eines der ältesten Thater die es Müngen gibt. Ein Besuch ist lohnend da schon um die Einrichtung eine Sehenswürdigkeit ist,50,Albanien,
Erlebnisdatum: Januar 2015,Konzerte,"wir haben ein Abo im Prinzregenten mit den Münchner Symphoniker dort.... und es ist fantastisch dort...die Stuhlreihen sind deutlich von Reihe zu Reihe erhöht, so dass man selbst von Reihe 16 einen guten Blick auf die Bühne hat....die Akustik ist deutlixh besser als im großen Saal im Gasteig...und das Ambiente hier finden wir einzigartig....manchmal fühlt man sich in eine andere Zeit versetzt...die Einrichtung ist wunderschön, ein schöner vergoldeter Saal ...man fühlt sich fast privat geladen... dazu das Prinzipal für die Pause - oder auch vorher oder nachher - schon wenn man die herrschaftliche Auffahrt emporstreitet, empfindet man etwas besonderes....klein aber sehr fein kann man zu dem Theaterbau nur sagen....wir geniessen es",50,"München, Deutschland",Reiseart: als Paar
,Gebäude,"Ein Theater, welches alleine von außen schon inspiriert.  Innen ebenfalls vom Feinsten . Einen Besuch wert.",50,"München, Deutschland",
Erlebnisdatum: Oktober 2012,Phantastisches Ambiente des Fin de siécle,"Wir haben ein Konzert der Münchner Symphoniker besucht und saßen in der 4. Reihe ganz nah am Orchester. Vorteil: Ab der 2. Reihe deutlich höhere Sitzreihen in Folge, so dass jeder das Bühnengeschehen sehen kann! Das Haus ist nicht so groß wie die Philharmonie am Münchner Gasteig und deshalb ein sehr angenehmer, fast privater, Rahmen. Wunderschöne - die fin de siecle Einrichtung im opulenten, vergoldeten Saal genauso wie die mit Gartenmotiven (Decke) ausgestattete Vorhalle zu der Havanna-Bar mit Restaurant. Sehr sympathisch, weil eben nicht so großes Haus.",50,"Dietramszell, Deutschland",Reiseart: als Paar
Erlebnisdatum: Juni 2012,Eindrucksvolles Theater,"Das  Theater, dessen Architektur dem des Bayreuther Festspielhauses ähnelt, wurde Festspielhaus für Aufführungen  Wagners  errichtet. Es wurde im Jugendstil in den Jahren 1900/01 errichtet. Finanziellen Aufwand  rund 3 Millionen Mark erbaut . Die Inschrift hoch über dem Eingang lautet: „Der Deutschen Kunst“. Es war der erste Theaterbau Max Littmanns,.Während des dritten Reiches  wurden entsprechend ideologisierte Stücke aufgeführt. Im Kriege wurde es nur weniog beschädigt, daher konnte es  von 1944 bis 1963 beherbergte es die von Kriegszerstörungen betroffene .Staatsoper beherbergen.!944 wurde es wegen Baufälligkeit geschlossen.Um das Theater als solches wiederzubeleben,wurde  auf Betreiben eines Freundeskreises und von  Everdings und mit Hilfe zahlreicher Privatspenden das Theater am 9. Januar 1988  wiedereröffnet . Die Restaurierung kostete 43,5 Millionen DM, wovon der Freistaat Bayern den größten Teil aufbrachte. Man entschied sich dabei für die sogenannte Kleine Lösung, bei der nur der Zuschauerraum, die beiden Foyers und der historische Gartensaal erneuert wurden.  Der Zuschauerraum ist ein sehenswertes „Amphitheater“, mit den für die Jugendstilzeit typischen Dekorationen, das gleiche gilt für die Wandelgänge.Herrschaftliche Auffahrt.Das Prinzregententheater ist auch jetzt noch eine der großen Bühnen Münchens und dient als Spielstätte der  Theaterakademie, der Bayerischen Staatsoper und z.ZT als Ersatzspielort für das  Staatstheater am Gärtnerplatz. Darüber hinaus wird es an Konzertagenturen und weitere Veranstalter vermietet.Trotz fehlender Bühnenmechanik sind eindrucksvolle Aufführungen möglich .",40,"Gräfelfing, Deutschland",Reiseart: mit der Familie
,Innen schöner als außen,"Das Prinzregententheater liegt leider an der sehr verkehrsreichen Prinzregentenstraße und die ""vornehmen"" Auffahrtswege zum Eingang erinnern doch sehr an die hochherrschaftlichen Zeit. Genießen kann man die schöne Front also nicht beosnders. Die Akkustik innen ist allerdings erstaunlich gut.Da lohnt sich ein Konzertbesuch auf jeden Fall.",30,"Rosenheim, Deutschland",
Erlebnisdatum: November 2011,Sehr schönes Theater,Das Prinzregententheater ist sehr bequem mit der U-Bahnlinie 4 zu erreichen.Schon von außen es sehr beeindruckend. Im Jungendstil Anfang des 20. Jahrhunderts erbaut ist es aber auch im Innern einfach atemberaubend. So stellt man sich ein Theater vor!Wir haben eine schöne Opernaufführung gesehen und hatten eine sehr schönen Abend. Die Akustik ist sehr gut und auch in den hinteren Reihen kann man alles sehr gut mitbekommen.Allein schon wegen der Architektur ist das Theater einen Besuch wert!,50,"München, Deutschland",Reiseart: als Paar
Erlebnisdatum: Juni 2019,Siemens-Preis,"Meine erste Reise nach München zur Verleihung des Siemens-Preises. Wunderschöner Saal, kleiner als ich es mir vorgestellt hatte, aber schöne Lampen im fast griechischen Stil an den Seiten.",50,London,Reiseart: geschäftlich
Erlebnisdatum: August 2018,Historisches Gebäude mit wunderbaren Akustik- und Sichtlinien,"Unsere Gruppe von 28 Jahren machte eine Tournee durch das Prinzregententheater, bevor sie im hauseigenen Gartensaal zu Gast war und eine schöne Aufführung von Haydns Orlando Paladino sah. Das Theater wurde nach den Vorgaben Richard Wagners für etwa 1100 Sitzplätze entworfen, so dass jeder Sitzplatz eine gute Sicht auf die Bühne hat und die Stimmen und Instrumente hören kann.Unsere Tournee umfasste das Untergeschoss unter der Bühne mit einem Dirigenten-Notenständer, der die Trikots eines der ersten Dirigenten des Prinzregententheaters Richard Strauss trägt.Das Abendessen im Gartensaal war eine Abkehr von der üblichen herzhaften bayerischen Kost und kunstvoll präsentiert. Ich hatte gebackene Forellen Filets, die ziemlich zart waren und mein Mann hatte eine Pasta mit Pfifferlingen.Über Haydns Orlando Paladino wussten wir vor dieser Aufführung, die geschickt auf ein 1950er-Kino-Motiv aktualisiert wurde, wenig. Übertiteln in Deutsch und Englisch waren willkommen und unaufdringlich und erlaubten uns, den Dialog zu verstehen.",50,"Calabasas, Kalifornien",Reiseart: mit Freunden
Erlebnisdatum: Juli 2018,Wunderbar Erwägungsgrund in einem feinen Hall,"Das Prinzregententheater ist ein vielseitiger und akustisch mehr als zufrieden stellend aus dem 19. Jahrhundert Gebäude, die verwendet werden können für Oper, Konzerte, und unter den Erwägungsgründen. Wir waren hier heute Abend für Abend von Songs von Brahms, Schumann, Tschaikowski und Rachmaninow am Bass GÜNTHER-WEISENBORN-Groissböck, Eigentümer von a splendid Voice. In einem HD Broadcast wir sahen und hörten ihn als ein beeindruckendes Baron Ochs. Er ist ebenso beeindruckend in Person. Wir waren begeistert. die Aufführung wurde von deren Sitze in der zweiten Reihe.",50,"Toronto, Kanada",Reiseart: als Paar
Erlebnisdatum: Januar 2017,Wunderschön traditionell Theater,"Das Prinzregent Theater ist ein wunderschönes altes Gebäude mit Wänden und Decken mit allem, was Sie lieben die Umgebung für die Karte sehen werden. Die Bühne ist klein genug, dass man sich gemütlich und doch groß genug für gute Größe Produktionen (wir sahen uns das Swan Lake Ballet) . Die ersten 3 Reihen von Sitze um das Orchester Etage bieten mehr Beinfreiheit und die Stühle sind ziemlich groß, doch keine Auflage wird zur Verfügung gestellt, sodass erwarten hard wood Sitz für den Zeitraum der Präsentation.Das Theater ist leicht erreichbar mit U - Bahn (U-Bahn) und City Bus.",40,"Kirchheim bei München, Deutschland",Reiseart: mit der Familie
Erlebnisdatum: Dezember 2015,A Christmas Musical Konzert,"Wir waren in einem in der Nähe Hotel und stellten fest, dass das Theater war nur wenige Minuten zu Fuß entfernt von unserem Hotel. Wir fragten ob man irgendetwas auf und unsere Angestellte an der Rezeption sagte uns, dass es einen Weihnachten Sorge auf den Montag Nacht vor unserer Abreise für Haus am Dienstag.Es war eine hervorragende Leistung mit einer Gruppe von vier sehr talentiert Damen spielen eine Vielzahl von Instrumenten, Gesang, einige Comedy und einfach super viel Spaß.Wir genossen die gesamte Konzert und auch die wundervolle Ambiente des Theaters.Während die Hälfte Zeit gibt es die Möglichkeit für Erfrischungen und Getränke. Mäntel waren legte für uns und wir bekamen eine Anzahl.Am Ende gab es Hunderte von Menschen aber die kittel war so gut organisiert, dass wir kaum Zeit gewartet.Ich kann dieses Ort sollte Sie in der Gegend.",50,Devonshire,Reiseart: als Paar
Erlebnisdatum: Januar 2016,"Super, um abends in ein sehr schönes Hotel",Das Theater ist schön gelegen in München und bleibt ein Ort der Wahl für einen schönen und romantischen Abend. Die Shows ich dort gesehen habe sind toll.,40,Deutschland,Reiseart: als Paar
Erlebnisdatum: März 2014,Schönes altes Theater,"Wir sahen ""Der Bettelstudent"" (die Studierenden Schelm) und genossen die Atmosphäre und das Gebäude, mit Ausnahme von der Operette was super war. Mein Deutsch ist nicht gut genug zu verstehen alle die Witze, vor allem in einem Song mit offensichtlich viele Verweise auf moderne Themen. Aber selbst wenn die Oper in deutsch ist, werden die meisten Leute können folgen Sie der allgemeinen Geschichte und erleben Sie das Spektakel und die Musik!",40,,Reiseart: als Paar
Erlebnisdatum: Juli 2013,"Gute Akustik, ausgezeichnete Linien","Dies ist ein Konzertsaal, das doppelte Pflicht für Opera hat. Wir besuchten eine schöne Aufführung der Ariadne auf Naxos, mit Eva-maria Westbroek im Titel Rolle und eine hervorragende unterstützende gegossen. Kent Nagano führte die Produktion von Robert Carsen, die ein wenig zu viel verliebt sein in Schwarz, Weiß und Grau heutzutage. Am Tag vor unserer gehört ein Erwägungsgrund hauptsächlich russische Lieder von Dimitri Hvorostovsky: super!",50,"Toronto, Kanada",Reiseart: als Paar
