date,title,text,rating,visitor_origin,visit
Erlebnisdatum: Januar 2020,Kammeroper Amadeus ,Amadeus als Kammeroper Wunderbar leicht und lustig inszeniert. Dankeschön für diese tolle Unterhaltung und schönen Abend den wir erleben durften.,50,"Bad Heilbrunn, Deutschland",
Erlebnisdatum: Juni 2018,Beeindruckendes Theater,"Das Theater ist bezaubernd schön, glänzend, elegant, einfach toll, wir waren vom Theater beeindruckt, Sitze sind bequem",50,"München, Deutschland",
Erlebnisdatum: Juni 2018,kurze Frage,"wir sollten heute im Hörerplatz sitzen, statt dessen, saßen wir in nen Raum mit einen Video  von Rigoletto, was so zusagen ""live"" ist. Was ist das genau? das war jetzt nicht Hörerplatz, oder? Das war echt so nen Klassenzimmer. Ich geh nie wieder in dieser bayerischen Staatsoper.",10,,
Erlebnisdatum: Dezember 2017,Rokoko-Juwel!,"Deutschlands bedeutendstes Rokoko-Theater. Ein Juwel. Für 3,50 € kann man den Zuschauerraum besichtigen.  Mit einer Eintrittskarte ""Gesamtkarte"" Residenz für 13,00 € hat man das Paket für die Besichtigung der Residenz, Schatzkammer und das Cuvilliéstheater.  Für einen längeren",50,"Bayern, Deutschland",
Erlebnisdatum: Juni 2017,Rückzugsmöglichkeit,"Der Aufpreis zu den Residenz-Tickets ist nicht hoch, das Theater ist schön, steht aber nicht am Originalstandort. Ohne Konzert lohnt sich zwar ein kurzer Blick in den Zuschauersaal, aber mehr wird nicht geboten. Ganz angenehmer Ort, um sich einen Moment aus der touristischen",30,"Malters, Schweiz",
Erlebnisdatum: Januar 2020,Kammeroper Amadeus ,Amadeus als KammeroperWunderbar leicht und lustig inszeniert. Dankeschön für diese tolle Unterhaltung und schönen Abend den wir erleben durften.,50,"Bad Heilbrunn, Deutschland",Reiseart: mit Freunden
Erlebnisdatum: Juni 2018,Beeindruckendes Theater,"Das Theater ist bezaubernd schön, glänzend, elegant, einfach toll, wir waren vom Theater beeindruckt, Sitze sind bequem",50,"München, Deutschland",Reiseart: mit Freunden
Erlebnisdatum: Juni 2018,kurze Frage,"wir sollten heute im Hörerplatz sitzen, statt dessen, saßen wir in nen Raum mit einen Video  von Rigoletto, was so zusagen ""live"" ist. Was ist das genau? das war jetzt nicht Hörerplatz, oder? Das war echt so nen Klassenzimmer. Ich geh nie wieder in dieser bayerischen Staatsoper. Lieber schau ich mir den Video youtube von ""Pavarotti"" in HD.",10,,Reiseart: als Paar
Erlebnisdatum: Dezember 2017,Rokoko-Juwel!,"Deutschlands bedeutendstes Rokoko-Theater. Ein Juwel. Für 3,50 € kann man den Zuschauerraum besichtigen. Mit einer Eintrittskarte ""Gesamtkarte"" Residenz für 13,00 € hat man das Paket für die Besichtigung der Residenz, Schatzkammer und das Cuvilliéstheater.Für einen längeren Aufenthalt in München empfiehlt sich der Besuch einer Theateraufführung.",50,"Bayern, Deutschland",Reiseart: als Paar
Erlebnisdatum: Juni 2017,Rückzugsmöglichkeit,"Der Aufpreis zu den Residenz-Tickets ist nicht hoch, das Theater ist schön, steht aber nicht am Originalstandort. Ohne Konzert lohnt sich zwar ein kurzer Blick in den Zuschauersaal, aber mehr wird nicht geboten. Ganz angenehmer Ort, um sich einen Moment aus der touristischen Hektik auszuklinken und kurz innezuhalten.",30,"Malters, Schweiz",Reiseart: allein
Erlebnisdatum: März 2017,Wunderschönes Barock-Theater,"Ob sich ein Konzertbesuch hier lohnt? Dessen war ich nicht sicher und wollte mir die Location erst einmal ansehen. Im Rahmen eines Besuch in der Residenz kauften wir das Kombi-Ticket und sahen uns auch das Theater an. Ich fand es wunderschön und beeindruckend und werde jetzt auch die in Frage gestellten Konzerttickets kaufen. Mit dem Kombiticket sieht man leider nicht sehr viel vom Theater, man darf eigentlich nur in den Zuschauerraum. Sonntags gibt es um 11 h scheinbar eine Führung. Nun steht aber erst ein Konzert auf dem Programm, dann wird das Konzerterlebnis hier im Theater neu/getrennt bewertet. Ich bin gespannt.",40,"München, Deutschland",Reiseart: mit Freunden
Erlebnisdatum: August 2016,Fantastisches Theater,"Wir waren im Rahmen eines Besuches der Alten Residenz auch im Cuvilliéstheater, also nicht während einer Aufführung. Wir hatten zudem das Glück, dass es nicht so überlaufen war - insofern konnte man den Raum auch auf sich wirken lassen.",50,"Frankfurt am Main, Deutschland",Reiseart: mit der Familie
Erlebnisdatum: Dezember 2015,wunderschönes Theater,"Als Teil der Münchner Residenz kann man das Theater mit einem Kombiticket besuchen, oder auch alleine. Ein Besuch lohnt sich unbedingt, denn das Theater ist wirklich prachtvoll und ein toller Anblick. Sicher auch traumhaft in Verbindung einer Veranstaltung, das Ambiente ist einzigartig.",50,"Schorndorf, Deutschland",Reiseart: allein
Erlebnisdatum: Mai 2016,Hörerplatz,"Wir haben uns kurzfristig entschieden ins Cuvilliestheater zu gehen. Leider gab es nicht mehr viele Plätze und die restlichen kosteten nur 8€. Deutlich günstiger als alle anderen Plätze. Es handelte sich um sogenannte Hörerplätze. Man hat keinen direkten Blick zur Bühne. Allerdings kann man schon etwas sehen, wenn man aufsteht. Für den Preis fanden wir das ganz OK. Ich habe auch ein Bild gepostet, da wir im Internet keine Information dazu gefunden haben.",40,,Reiseart: als Paar
Erlebnisdatum: Oktober 2014,kleine Ausfertigung der Oper,"wunderschönes Theater, eine kleine Ausfertigung der Oper. alles in rot und gold.schöne überglaste Vorhalle  mit Figuren in jeder -Ecke-in dem Warteraum vor dem Theater toller Kronleuchter",50,"München, Deutschland",Reiseart: mit der Familie
Erlebnisdatum: Juni 2014,Rokoko in Reinkultur,Man muss hier nicht unbedingt eine Aufführung besuchen. Einfach schauen und die Akustik prüfen. Ein Genuss für die Augen und Ohren.,50,"Schaffhausen, Schweiz",Reiseart: als Paar
Erlebnisdatum: Februar 2014,Rokkoko pur,"Wir hatten eine Vorstellung zu Mozarts Entführung aus dem Serail gebucht.Genau das richtige Theater für Mozarts Opern, denn die originale Inneneinrichtung stamnmt noch aus Mozarts Zeit.Wer das Theater nicht kennt, wird sich übder die Kleinheit wundern; gedae mal 10 Reihen im Parkett, der Rest verteilt sich auf die Logen. Das Orchester spielt sozusagen mitten im Publikum.Die Aufführung war nicht nur musikalisch ein Genuss, sondern auch optisch. Das Theater gab den postiven Rest dazu.",40,"Niederkassel, Deutschland",Reiseart: als Paar
,Das prunkvolle Cuvilliestheater bietet einen einzigartigen Rahmen,"Egal wofür, meist waren es erlesene Konzerte.Das Ambiente ist unübertefflich. Typisches Barock (oder Rokoko?) Hoftheater - vollständig neu wieder aufgebaut nach den Zerstörungen.",50,"München, Deutschland",
,Gut für was Schnelles zwischendurch,"Man gelangt ins Theater über innen, indem man der Ausschilderung folgt. allerdings dachte ich zwischendurch, dass ich den Weg verloren hatte, weil die Wegweiser sparsam gesetzt waren. Der Eintritt war 3,50 Euro. Ich bekam ein laminiertes Infoblatt. Man tritt ein über einen Lichthof bzw durch einen Gang, der um den herum verläuft. Leider stand nichts darüber auf dem Infoblatt.Das Theater ist sehr schön anzuschauen. Die vorderen Reihen sind jedoch abgesperrt gewesen. Der Besuch war nach dem Fotoschießen und umherschauen recht bald vorbei.",40,,
Erlebnisdatum: Mai 2012,Das schönste Theater,"Es ist das schönste Rokokotheater, zumindest in Deutschland. Es befindet sich im sog. Apothekertrakt der Residenz. Von außen absolut unscheinbar, kein Mensch vermutet, daß sich hier ein derartig einzigartiges Theater befindet. Es wird vom Bayerischen Staatsschauspiel bespielt und hat vier Ränge; im Parkett stehen die Stühle noch einzlen, in welchem Theater gibt es das sonst noch?Es gibt Führungen durch das Theater; es kann auch über die Bayer. Schlösser- und Seenverwaltung auch z.B. von Firmen angemietet werden.Eine Besonderheit ist ein Bronzekopf von König Ludwig II. im Lichthof: er gehörte einst zu einer gewaltigen Ludwigstatue, die auf der Wittelsbacherbrücke über die Isar stand und die im 2. Weltkrieg eingeschmolzen wurde, nur der Kopf konnte gerettet werden.Interessant ist auch noch, daß das Theater ursprünglich gar nicht an dieser Stelle stand, sondern auf dem Max-Joseph-Platz, neben der Oper, dort, wo heute das (Neue) Residenztheater steht. Im 2. Weltkrieg wurde die hölzerne Inneneinrichtung ausgebaut und ausgelagert und nach dem Krieg dort eingebaut, wo man es heute bestaunen kann.",50,Nähe Müchen,Reiseart: als Paar
Erlebnisdatum: Januar 2012,Ein Schmuckstück in München,"Das Cuvilliestheater im Herzen von München - im Komplex der Residenz unweit der Oper und in der Nähe vom Odeonsplatz - wurde vor Jahren neu restauriert und glänzt bei jeder Aufführung. Das Theater ist relativ klein, man ist daher immer nahe an der Bühne und am Geschehen. Leider gibt es nicht allzu viele Aufführungen - und die sind relativ teuer. Ein Besuch lohnt sich aber in jedem Fall. Besonders gut gefallen haben uns immer Vorstellungen der ""Kammeroper München"" mit seinem jungen Ensemble. Parken kann man im Parkhaus vor der Oper.",50,Poing,Reiseart: als Paar
Erlebnisdatum: März 2012,Barock - wo hin das Auge reicht,"Dieses wundervolle kleine Theater ist schon ein Besuch - auch ohne Vorstellung - wert. Der Raum lebt von der roten Farbe, Ornamenten und viel, viel Gold. Man kann sich gar nicht satt sehen an den filigranen und schönen Verschnörkelungen. Man fühlt sich wie in eine andere Zeit versetzt - sehr königlich. Ein Vorstellungsbesuch ist natürlich ein weiteres tolles Erlebnis in diesem Haus.",50,"München, Deutschland",
Erlebnisdatum: Januar 2012,Unbedingt anschauen,Direkt in der Residenz München befindet sich das berühmte Cuvillier Theater. Hier muss man neben der Residenz extra einen Aufpreis zahlen um sich das anschauen. Aber die 6€ lohnen sich in jedem Falle. Nur so bekommt man einen herrlichen Einblick in dieses wundervolle alte aber top restaurierte Theater mitten im Herzen Münchens,50,"Singapur, Singapur",Reiseart: als Paar
,Ein architektonisches Juwel,"Das in den Farben Rot und Gold gehaltene , äusserst prächtige Rokkokotheater wurde Mitte des 18. Jahrhunderts als Hoftheater von Cuvillies errichtet und im zweiten Weltkrieg zerstört. Das ausgelagerte Interieur wurde in den 50 Jahren etwas versetzt wieder eingebaut und regelmässig bespielt, nach einer Genralsanierung 2008 jetzt überiwiegend vom Bayerischen Staatstheater.Die prächtige Einrichtung kommt besonders beim Spielbetrieb zur Geltung, wer dazu keine Gelegenheit hat, sollte eine Führung mitmachen. Die Anordnung und der Schmuck der Ränge , sowie der Parketts spiegelt die Rangordnung des Adels zur Errichtungszeit.Ein bleibender Eindruck !",50,"Gräfelfing, Deutschland",
Erlebnisdatum: Dezember 2011,Einfach toll!,"Ein kleines, aber feines Theater. Auch nach dem legendären Dieter Dorn noch eine der ersten Adressen in Deutschland. Spektakuläre Inszenierungen und Schauspieler der Oberklasse. Oft sind die Karten schon lange vorher ausverkauft, daher sollte man frühzeitig buchen. Der Dresscode ist übrigens, wie in eigentlich jedem Theater mittlerweile, abseits von Premieren eher leger.",50,"München, Deutschland",
Erlebnisdatum: August 2011,"Tolles Theater, aber ohne Führung nur sehr kurzer Aufenthalt","Wir haben das Cuvilliestheater mit einem Kombiticket der Residenz (gleich nebenan) besucht. Da Theater ist wirklich sehr schön. Es strotzt nur so vor Gold und Schnörkeln, imitierten Vorhängen etc. Allerdings muss ich gestehen, dass wir wohl nur 10 min in dem Theater waren. Es ist eben nur 1 Raum. Während der Besuchszeit ist nur das Parkett zugänglich und auch wenn man sich Zeit zum Fotografieren bzw. Filmen lässt, dauert der Aufenthalt doch nicht allzu lange. Dafür ist der Einzeleintritt recht teuer, wie ich finde. Wer sowieso in die Residenz will, sollte das Theater aber auf keinen Fall auslassen!",40,"Baden-Württemberg, Deutschland",
Erlebnisdatum: Juli 2011,Was für ein Theater!,"Das Cuvilliés Theater wurde zwischen 1751 und 1755 im Auftrag des Kurfürsten Max III. Joseph erbaut. Es wurde nach seinem Schöpfer Francois Cuvilliés benannt. Das Theater wurde im zweiten Weltkrieg zerstört und 1957/58 rekonstruiert. Faszinierende Einrichtung, unvergesslicher Eindruck, wunderschönes Theater.",50,"München, Deutschland",Reiseart: als Paar
Erlebnisdatum: Januar 2011,Schönstes Rokoko Theater Deutschlands,"Das Cuvillies Theater kann man vollkommen zurecht als schönstes Rokoko Theater Deutschlands bezeichnen, ein Traum in Gold und Blau über vier Stockwerke. Zur Besichtigung gibt es zwei Alternativen, man schliesst sich einer geführten Führungen (täglich mehrmals für vier Euro) und erhält gute Informationen zur Geschichte und Entstehung. Oder man besucht eine der Aufführungen des  Bayerischen Staatsschauspiel (Karten zwischen zwanzig und sechzig Euro).Am sinnvollsten ist es beide Alternativen zu wählen wenn es die Zeit erlaubt.",50,München,
,Traumhaftes Rokoko-Theater,"Das Cuvillies-Theater kann als schönstes Rokoko-Theater Deutschlands bezeichnet werden. Seit der Renovierung erstrahlt es in neuen Gold- und Rottönen. Das Foyer ist recht weitläufig, da es sich bis auf die Gänge der Residenz entlang des Brunnenhofes erstreckt. Das gebotene Theaterprogramm ist bestens ausgesucht und hochklassig besetzt, die Preise mit bis zu 50 Euro angemessen.",50,"München, Deutschland",
Erlebnisdatum: Dezember 2019,Sehr empfehlenswert,"Das Theater wurde in den 1950er Jahren wieder aufgebaut, da es im Zweiten Weltkrieg vollständig zerstört wurde. Die Kisten wurden jedoch vor den Bombenangriffen demontiert und im neuen Gebäude wieder zusammengesetzt. Ein kurzer Besuch aber sehr zu empfehlen.",50,"London, Vereinigtes Königreich",Reiseart: als Paar
Erlebnisdatum: Dezember 2019,Betrug,"Buchen Sie keine Plätze in der hinteren Reihe der Kartons. Gestern im Theater hatte ich überhaupt keinen Blick auf die Bühne. Ich musste in der Pause gehen, da es keinen Grund gab, länger zu bleiben. Geldverschwendung.",10,,
Erlebnisdatum: Juli 2019,Sehr beeindruckende Restaurierung,"Das ursprüngliche Gebäude und Interieur wurde bei den Bombenangriffen der Alliierten von 1944 stark beschädigt, aber originalgetreu restauriert.Es dauert nur ein paar Minuten, aber es lohnt sich.Sie können ein kombiniertes Ticket mit der Residenz erhalten, indem Sie etwas mehr als zwei separate Tickets sparen.",40,"Lewes, Vereinigtes Königreich",Reiseart: allein
Erlebnisdatum: Juni 2019,Das private Opernhaus des Königs,"Wenn Sie der Meinung sind, dass es nicht ausreicht, Ihre Box in der Oper zu haben, brauchen Sie ein eigenes Opernhaus. Das taten die Wittelsbacher, als Maximilian III. Mitte des 18. Jahrhunderts dieses Rokoko-Theater baute. Einer der Gründe, warum Sie extra bezahlen müssen, um es zu sehen, ist das Schnitzen und Dekor ist original, während das Theater nicht ist. König Ludwig I., nicht der Schlossbauer, sondern sein Großvater, entfernte alle Buden und lagerte sie noch, als das Theater bombardiert wurde. Das Theater ist großartig, wenn auch etwas übertrieben, aber was Rokoko nicht ist.",40,"Pensacola, Florida",Reiseart: mit der Familie
Erlebnisdatum: Juni 2019,Liebe es!,"Die Glaskuppel über dem Innenhof hat ein wundervolles Echo, mit dem man nicht widerstehen kann. Das Theater selbst ist wunderschön.",50,"Amsterdam, Niederlande",Reiseart: als Paar
Erlebnisdatum: Mai 2019,Ich liebe diesen Ort !!,"Holen Sie sich Tickets für die Residenz mit Theater und Schatzkammer. Das Theater ist wunderschön. Nur 2 Gehminuten von der Residenzausfahrt entfernt. Ich habe mich einfach gebannt ins Theater gesetzt. Ich konnte mir nicht vorstellen, wie es besser gehen könnte. Brillant.",50,"Amherst, Massachusetts",Reiseart: als Paar
Erlebnisdatum: Juni 2018,Wunderschön im Rokokostil Theater House in der Residenz,"Das Cuvilliéstheater (€ 3 . 50 pro Erwachsener) ist ein atemberaubend schönes Zimmer, das Theater ist sehenswert als Residenz besichtigen in München. Öffnungszeiten Änderung während des ganzen Jahres also am besten Referenz der Residenz Website vor Ihrem Besuch. Während des Sommers, es war geöffnet ab 2:00 Uhr bis 18:00 Uhr (Montag - Samstag) und 9.00 bis 18.00 Uhr (sonntags) .Im Grunde genommen, dies ist ein kurzer und schnell Besuche in eines der Zimmer im Erdgeschoss Flügeln der Residenz zu sehen, dass ein 1950 s Rekonstruktion der späten 18. Jahrhundert Meisterwerk Rococo Theater - entworfen von bayerischen Künstler Franciois de Cuvillies.Leider haben die ursprüngliche Theater war sehr stark beschädigt und hatte während des Zweiten Weltkriegs aufgebaut werden. Was Sie sehen heute soll angeblich akribisch Erholung, nutzen Sie den fein geschnitzten und vergoldeten Kartons aus dem ursprünglichen Theater. Es ist sehr schön und einfach zu genießen.ein kurzer Spaziergang um den Boden haben Blick auf die Box Sitze und nehmen Sie so viele Bilder wie Sie möchten. vorstellen, wie es gewesen wäre, um an eine Aufführung zwei hundert Jahren. Das Cuvilliéstheater bequem besucht in 10 - 15 Minuten bevor Sie weiter mit anderen intened Sightseeing in der Residenz oder in dieser Gegend von München.Hinweis: Sie können Kauf ein Kombiticket (€ 3 . 50 pro Erwachsener) dass umfasst den Eintritt ins Residence Museum und Treasury.",50,"Hongkong, China",Reiseart: als Paar
Erlebnisdatum: Juli 2018,Extrem lustige Show in einem herrlich Theater,"Wir waren hier für eine Karte, die auf unserer 11 Bass Players der bayerischen National Orchestra und eine tubist, Andreas Hofmeir, der auch Kabarett Sterne. Das Musical Witze von Gerald Hoffnung und S. D. Q. Bach gelegentlich kam mir in den Sinn als Hofmeir sprach; er war sehr, sehr lustig. Die Stücke für unerträglichen Bässen beschallte allein waren mehr ernst als diejenigen für Bässe und tuba, aber die gesamtauswirkungen war zuerst - Preis (wenn man Deutsch versteht).  Das Theater selbst ist ein Rococo Meisterwerk, benannt nach eines der führenden Architekten, die in das Genre. Die Akustik sind auch zuerst - Preis.",50,"Toronto, Kanada",Reiseart: als Paar
Erlebnisdatum: Februar 2018,aufwendige Dekoration,"Ein fantastisches Beispiel der Rokoko-Dekoration aus dem 18. Jahrhundert, angewandt auf ein Theater, das noch heute für verschiedene Aufführungen verwendet wird. braucht keinen längeren Besuch, ist aber sicherlich sehenswert.",40,"London, Vereinigtes Königreich",Reiseart: allein
Erlebnisdatum: Juli 2017,Wunderbar Rokoko Opera-theater,"Wenn man eine Möglichkeit für einen Besuch der Münchner Residenz im Zentrum von München Sie sollte durch ein Ticket zu diesem alten ancient Rokoko Opera - Theater, gebaut in den Anfang des 18. Jahrhunderts. Mozart hat hier durchgeführt. Den Boxen, wo nur Könige, Kaiser und Adligen waren nicht zugelassen in früheren Jahrhunderten sind wundervoll eingerichtet. Es gibt einen Plattenspieler - Bühne installiert. Einfach ein tolles historisches Hotel, müssen Sie sehen!",50,"Estero, Florida",Reiseart: mit Freunden
Erlebnisdatum: Mai 2017,Wunderbar!,"Dieses Juwel von einem Theater ist lohnt sich, ein paar Euro Eintritt. Selbst wenn Sie sich nicht die Zeit für das Residenz Museum selbst zu machen. Flash ist nicht erlaubt und so dafür sorgen können, dass Sie können Innere Schüsse ohne.",50,"Bournemouth, Vereinigtes Königreich",Reiseart: als Paar
Erlebnisdatum: August 2016,Wunderschön,"Es ist ein wunderschönes Theater, rekonstruiert den Besucher heute zu geben einen Einblick in die Opulenz der Vergangenheit. Es ist auf jeden Fall einen Besuch wert. Es gibt auch ein anderes Galerie der Schönheiten außerhalb dieses Theater.Am besten kauft man sich das Kombi-Ticket für die Residenz + Treasury + Theater. Wenn Sie ein multi Tag Tagesticket gekauft haben, außerdem bekommt man ein Rabatt auf Ihre Tickets.Das Theater, sind nur Barzahlung möglich, wenn Sie dafür bezahlen wollen mit einer Kreditkarte zahlen wollen, müssen Sie zuerst die Hauptstrasse Residenz zu kaufen Sie Ihre Fahrkarte.",40,"London, Vereinigtes Königreich",Reiseart: als Paar
Erlebnisdatum: August 2016,das war es aber super Theater,"Fahren Sie hier hin, wenn Sie sich mit dem Kombiticket für alle drei Residenz Attraktionen, aber es gibt nicht viel, sodass Sie nicht 3,5 Euro ausgeben. Es gibt allerdings einige Musik erlebenswert wenn ihr die Chance habt.",30,"London, Vereinigtes Königreich",Reiseart: als Paar
Erlebnisdatum: Juli 2015,Hervorragend,"Schöner Ort, schönes Foyer und Theater.Wir waren dort für ein Quartett Leistung, die super war.früh ankommt zu überprüfen Sie Ihren Ort richtig. Es ist etwas schwierig finden Sie Ihre Liege in den Lodges.Es ist auch schwer zu finden das Hotel über Google Maps, sobald sie verschiedenen Theatern eine dicht an dicht.",50,,Reiseart: als Paar
Erlebnisdatum: Dezember 2015,eine Reise wert!,"Wir waren im Dezember 2014 und waren die einzigen Leute in der Theater während unserer Reise. Es dauert nicht lange und sehen Sie sich um. Eintritt in Ihre Residenz Ticket im Preis inbegriffen, aber Stunden sind anders, sodass überprüfen, bevor Sie gehen.",50,"Los Angeles, Kalifornien",Reiseart: als Paar
Erlebnisdatum: Januar 2016,aufwendig erster Eindruck. Dann höchstens durchschnittlich.,"Zuerst die Theater. Es war im Eimer während der Bombenangriffe der zweite Weltkrieg, aber die Innenausstattung entfernt worden war und war in der rekonstruierten Gebäude wieder eingebaut wurde. Also, was Sie sehen ist überwiegend was es gab vor. Ganz in der Nähe, sind die ursprünglichen Hall Dekorationen überraschend simpel. Trotzdem ist es ein gemütliches Lokal mit einigen schlechten Plätze.Die Aufführung sahen wir etwas enttäuschend. Der Fehler wurde unseres. Wir lesen nicht Prospekt sorgfältig und nur das Gefühl das Orchester gut sein - nach allem, ist dies München! Die beiden Symphonien (Beethoven, Mozart) und der Rest des Programms wurden von einem streichquintett manchmal begleitet von einer zweiten Preis Flötenspieler aufgeführt. Das Quintett aufgeführt kompetent und oft mit tollen Flair. Leider hatten die meisten in der Audienz keine Ahnung. den Menschen zuzuhören in den nahe gelegenen Plätze, war es klar, dass sie nicht regelmäßig Theaterbesucher und waren in das Programm verloren. Applaus gefolgt jeder Bewegung jedes Möbelstück. Wie in der ersten Symphony endete, die Blow-hart saß hinter uns voller stolz verkündet, seine Begleiter, die am nächsten war das vierte Stück auf dem Programm. Da wir am Ende des ersten Hälfte des Programms zu erreichen, das Publikum saßen nur da warten auf das nächste Stück zu starten. Ich habe noch nie gesehen dies passiert, in jeder Theater in irgendeinem anderen Land.Es scheint mir offensichtlich, dass Cuvillies Theater richtet sich an einem Touristenmassen, wenigstens auf ein Urlaub Nacht, wie die eines besucht haben.",30,"Richmond, Virginia",Reiseart: als Paar
Erlebnisdatum: September 2015,Eine ausgezeichnete Erfahrung des Rokoko,"Wir waren nur hier an einem Tag besuchen und nicht sehen sämtlichen Vorstellungen, aber nur die Erfahrung von Besichtigungen dies völlig überladen, Gold und Rot Rokoko Theater ist ein muss Seite sehen. Sogar die Vorhänge sind geschnitzten und vergoldetes Holz. Nur ein Fest für die Augen, und ein Fenster in die Fülle und Leistungsfähigkeit der Wittlesbach Familie. Traumhaft, traumhaft!",50,New Lambton,Reiseart: als Paar
Erlebnisdatum: August 2015,Ein muss für Theaterfreunde,Bild perfekt war das der beste Teil von München für mich!Bild Ludvig II mit einem privaten betrachten von einem bevorzugten Opera. Genuss von seiner besten Seite!Aaah!,50,"Swansea, Vereinigtes Königreich",Reiseart: mit der Familie
Erlebnisdatum: Juli 2015,Kleines Juwel,Golden Dekoration und rote Sessel. Einfach so lecker. Die meisten wahrscheinlich eines der schönsten Rokoko Theater auf der Welt. Und es hat eine sehr gute Akustik an!,50,"Budapest, Ungarn",Reiseart: als Paar
Erlebnisdatum: Juli 2015,sind geradezu schmerzhaft wunderschönen barocken Theater und herrliche Auftritte - hat sich der Aufwand gelohnt,"Ich ging in die Festspiel Konzert - mit einer tollen junge Sänger und ein Klavierspieler - alle sehr Ausgeführt. Das Theater befindet sich auf der Rückseite des alten King's Palace (Residenz) versteckt . Es ist alles Rot und Gold- und sehr prunkvoll. Sitze sehr billig 23,50 Euro) aber gemütlich; Akustik gut zu. Es ist ein besonderes Hotel - einzigartig. Eine Ehre zu können diesen Portalen!",50,"Crowborough, Vereinigtes Königreich",Reiseart: allein
Erlebnisdatum: Juni 2015,Wow.,"Dieses Hotel ist klein - es ist nur ein Glas überdachte Innenhof und ein kleines Theater, aber es ist einfach unglaublich schön. Ich habe eine Stunde hier zu warten es selbst für diese ein perfektes Bild, und es war jeden Cent wert. Besuchen Sie auch Das Residence Museum im selben Komplex.",40,"Sydney, Australien",Reiseart: mit Freunden
Erlebnisdatum: Juni 2015,Wunderschöne Theater,"Es ist Teil der Residenz, einem wunderschönen Theater erbaut im Stil des Rokoko. Sehr extravaganten Einrichtung von Gold und Rot. Lohnt sich die Kombination Ticket!",40,"Weston, Florida",
Erlebnisdatum: Januar 2015,Hervorragende Akustik,"Die meisten Kritiken hier sind zum sight-seeing Version dieser Ort bezogen. Meine Kritik ist wie meine Erfahrung war während einem klassischen Konzert.Ich muss Cuvilliéstheater in Residenz, München für eine Festkonzert für neue Jahr bestehend aus klassische Stücke von Mozart, Beethoven, Bach und Vivaldi worden. Dies war mein erster Besuch in einem Live klassische Konzert in so ein Theater. Ich habe Tickets für die Folie (Balkon) kostet €110 pro Ticket. Ticket Preis wert war. Akustik sind unglaublich in dieses Hotel. Viel Glück in einem Theater, das durch die erste Aufführung von Mozarts Idomeneo geschmückt war. Obwohl dieses Gebäude während des Zweiten Weltkriegs zerstört wurde, war es wieder aufgebaut unter Verwendung der gleichen decoratives, Boxen und andere Kunstwerke. Alles in allem, ein einzigartiges Erlebnis.",50,"Munich, Bayern, Germany",Reiseart: mit Freunden
