date,title,text,rating,visitor_origin,visit
Erlebnisdatum: Juni 2020,Immer wieder ein Kunst-Genuss!,Durch die durch Corona-Pandemie bisher ausgebliebenen Touristen und auch durch die noch bestehenden Einschränkungen ist es sehr angenehm das Lehnbachhaus zu besuchen. Da ich eine Jahreskarte habe und  wenn ich in der Nähe bin und gehe ich und wenn es nur für eine Stunde ist und,50,"München, Deutschland",
Erlebnisdatum: November 2019,"sehenswerte Dauerausstellung, besonders der Blaue Reiter"," die Dauerausstellung genausoi wie die wechselnden Themen sehr ansprechend präsentiert, da kann ich nur die Jahreskarte empfehlen",50,,
Erlebnisdatum: Juli 2019,Einfach schön,"Eines meiner Lieblingsmuseen in München. Dort war ich schon als Kind und viele der Bilder sind alte Bekannte, man sieht sie immer wieder mit neuen Augen. Interessant - wenn dann die Bilder - wie in der Kandinsky Ausstellung vor ein paar Jahren - im Zusammenhang mit anderen",50,"München, Deutschland",
Erlebnisdatum: Februar 2020,Eine großartige Sammlung ,Eine großartige Sammlung...für jeden  Kunstgeschmack...und immer wieder hervorragende Sonderausstellungen im angegliederten Kunstbau.,50,"München, Deutschland",
Erlebnisdatum: November 2019,Immer einen Besuch wert,"Seit dem Umbau hat das Museum noch deutlich an Attraktivität gewonnen. Die Sammlung kennen wir nun schon, aber die einzelnen Ausstellungen waren bislang immer den Besuch wert. ",50,"Winterthur, Schweiz",
Erlebnisdatum: Juni 2020,Immer wieder ein Kunst-Genuss!,"Durch die durch Corona-Pandemie bisher ausgebliebenen Touristen und auch durch die noch bestehenden Einschränkungen ist es sehr angenehm das Lehnbachhaus zu besuchen.Da ich eine Jahreskarte habe und  wenn ich in der Nähe bin und gehe ich und wenn es nur für eine Stunde ist und sehe mir in Ruhe und ohne Trubel vor allem die Bilder der Künstlervereinigung  ""der Blaue Reiter""  sei es von Gabriele Münter, Wassily Kandinsky, Franz Marc u.a. an.Durch die Einschränkungen wird man durch das gesamte Haus geführt und kommt so auch in die Daueraustellung von Joseph Beuys, die ich bisher nicht besuchte.",50,"München, Deutschland",
Erlebnisdatum: November 2019,"sehenswerte Dauerausstellung, besonders der Blaue Reiter","die Dauerausstellung genausoi wie die wechselnden Themen sehr ansprechend präsentiert, da kann ich nur die Jahreskarte empfehlen",50,,
Erlebnisdatum: Juli 2019,Einfach schön,"Eines meiner Lieblingsmuseen in München. Dort war ich schon als Kind und viele der Bilder sind alte Bekannte, man sieht sie immer wieder mit neuen Augen. Interessant - wenn dann die Bilder - wie in der Kandinsky Ausstellung vor ein paar Jahren - im Zusammenhang mit anderen Künstlern gezeigt werden.",50,"München, Deutschland",
Erlebnisdatum: Februar 2020,Eine großartige Sammlung ,Eine großartige Sammlung...für jeden  Kunstgeschmack...und immer wieder hervorragende Sonderausstellungen im angegliederten Kunstbau.,50,"München, Deutschland",Reiseart: allein
Erlebnisdatum: November 2019,Immer einen Besuch wert,"Seit dem Umbau hat das Museum noch deutlich an Attraktivität gewonnen. Die Sammlung kennen wir nun schon, aber die einzelnen Ausstellungen waren bislang immer den Besuch wert.",50,"Winterthur, Schweiz",
Erlebnisdatum: Oktober 2019,Wunderbares Kunstmuseum sehr zu empfehlen,Die Ausstellung ist sehr gut gestaltet. Die Künstler des Blauen Reiter sind sehr umfassend vertreten.,50,"München, Deutschland",
Erlebnisdatum: September 2019,Blauen Reiter,Blauen Reiter - hier sieht man diesen. Ein herrliches Kunstmuseum für das sich man etwas Zeit nehmen muß.,40,"Frankfurt am Main, Deutschland",
Erlebnisdatum: März 2019,Immer wieder schön,"Ein wunderbares Museum, in direkter Nähe zu schönen Bars und Restaurants. Eine bereichernde Sammlung, definitiv einen Besuch wert.",50,"München, Deutschland",
Erlebnisdatum: August 2019,Beeindruckende und liebevoll gestaltete Ausstellung,"Wer die Künstler des ""Bauen Reiter"" mag, muss das gesehen haben. Die Bilder an sich sind zumeist weltberühmt, aber auch deren Zusammenstellung gibt einem eine ausreichende Idee ihrer Entstehung und zu den Zusammenhängen/Beziehungen zwischen den Künstlern.",50,"Laatzen, Deutschland",
Erlebnisdatum: September 2018,Ist sensationell wenn man auf der Suche nach dem Mädel ist,wie die meisten kunstmuseen ist auch dieses Museum bestens dafür geeignet am Wochenende verlassene Mädels auf zu Gabeln sich ins Café zu setzen und danach... Nur zu empfehlen alles prima Kunst verbindet,40,"München, Deutschland",Reiseart: allein
Erlebnisdatum: Juli 2019,Breit angelegte Sammlung,"Das Lenbachhaus ist immer wieder einen Besuch wert. Neben der permanenten Sammlungen von ""Blauen Reiter"" und   ""Joseph Beuys"" gibt es immer wieder temporäre Ausstellungen.Zum Lenbachhaus gehört auch der in der Nähe liegende ""Kunstbau"". Hier habe ich die interessante Ausstellung : ""Body Check""  mit Werken von Martin Kippenberger – Maria Lassnig gesehen.",50,"Bayern, Deutschland",Reiseart: allein
Erlebnisdatum: April 2019,Dieses Museum muss man gesehen haben - wenn man sich für diese Art der Malerei interessiert,"Meiner Meinung nach die größte Sammlung der Kunst des ""Blauen Reiter"". August Macke, Robert Delaunay,   Franz Marc, Wassily Kandinsky, Malerei des 19. Jahrhunderts ist ebenso vertreten wie Kunst nach 1945",40,"Wien, Österreich",Reiseart: als Paar
Erlebnisdatum: Juli 2019,Regentag=Museumstag,"einige Museen haben in München am Sonntag einen reduzierten Eintrittspreis von 1€ , den gib es hier nicht!Dafür ist es nicht überlaufen und man kann die tollen Räume mit den Exponaten so richtig auf sich wirken lassen.Was sich da die Familie Lenbach gebaut hat war und ist vom Feinsten. Da würden Träume war",40,"Rotenburg (Wümme), Deutschland",Reiseart: mit der Familie
Erlebnisdatum: Mai 2019,Interessante Sammlung,Die Sammlung ist gut zusammengestellt und nicht zu erschlagend. Auch das Gebäude ist sehr interessant.,50,"Ottendorf-Okrilla, Deutschland",
Erlebnisdatum: Mai 2019,Einmalig und sehr schön,"Das Lenbachhaus befindet sich zwischen der Luisenstrasse und der Brienner Strasse, angrenzend an den Königsplatz. Mit dem öffentlichen Verkehr fährt man bis zu der U Bahnstation Königsplatz und erreicht in wenigen Minuten die Städtische Galerie die sowohl die ständige Sammlung wie auch die Wechselausstellungen beheimatet. Das Haus/Villa beeindruckt mit einer einmaligen Architektur und auch der Neubautrakt ist gut integriert. Bei einem Besuch hier soll man nicht vergessen auch einen Blick in den Garten zu werfen.Wir haben uns sehr für die Ausstellung  „Der Blaue Reiter“ mit einer Führung  interessiert und wurden nicht enttäuscht. Die Führung hat gute anderthalb Stunden gedauert und hat uns durch die einzelnen Abschnitte der Epochen geführt. Die Auswahl der Bilder und die Anordnung in den einzelnen Räumen sind einmalig. Da die Ausstellung bis ins Oktober 2019 dauert, wollen wir noch eine weitere Reise nach München einplanen. Es lohnt sich!",50,"Weiningen, Schweiz",Reiseart: mit Freunden
Erlebnisdatum: Mai 2019,Ein fantastisches Haus,"Haus und Garten sind für jedermann zugänglich, was nicht alle wissen. Aber ein Besuch in der unglaublichen Sammlung muß sein, wenn man Münter, Macke, die Blauen Reiter usw liebt. Es wird eine unglaubliche Anzahl dieser Kunstwerke ausgestellt.",40,"Bonn, Deutschland",Reiseart: mit der Familie
Erlebnisdatum: Mai 2019,Günstige Jahreskarte ,Blauer Reiter und interessante wechselnde Ausstellungen. Die Jahreskarte ist recht günstig. Die Lage drumrum ist wunderschön. Es macht Spaß das Lenbachhaus zu besuchen.,50,"München, Deutschland",Reiseart: als Paar
Erlebnisdatum: Mai 2019,Von den Realisten bis zum Blauen Reiter,"Eine interessante Sammlung über drei Stockwerke von den Realisten bis hin zu den Expressionisten. Die Abteilung des Blauen Reiters hat mir am besten gefallen, mit vielen Werken von Kandisny, Paul Klee, Delaunay etc. Im starken Kontrast zu den hellen Ausstellungsräumen stehen die bedrückenden Gemächer von Lenbach. Je nachdem welche Ausstellung gerade stattfindet, ist es einen Besuch wert. Ca 1-2 Stunden einplanen. Es gibt kostenlose Schließfächer und WCs.",40,"Straßburg, Frankreich",Reiseart: mit Freunden
Erlebnisdatum: Juni 2018,"Absolut sehenswert, gerade auch der moderne Anbau","Das Lenbachhaus gehört zu meinen Lieblingsmuseen in München, nicht nur wegen des Inhalts, sondern auch wegen der Architektur... eine sehr gelungene Kombination zwischen historischem und modernem Gebäude. In letzterem kann man auch schön zu Abend essen, mit direktem Blick auf den davorliegenden Platz aus bodentiefen Fenstern.",50,Gerlingen,Reiseart: geschäftlich
Erlebnisdatum: Mai 2019,blauer reiter austellung eine reise wert,"phantastisches museum, wunderschoene architektur. bilder werden perfekt praesentiert. ausstellung zum blauen reiter ist wirklich super, interessante wandtafeln mit infos.unglaubliche sammlung von kandinskys, franz marc, august macke etc. etc.lohnt alleine schon die reise nach muenchen.",50,"Zürich, Schweiz",Reiseart: mit der Familie
Erlebnisdatum: April 2019,Welt-Klasse!,"nicht nur die Kunst des Blauen Reiters, Kunstwerke der Brücke-Maler und die Historischen Räume des Malerfürsten Franz von Lenbach sind sehenswert, auch die Sonder-Ausstellungen, Moderne Kunst und die Exponate des 19. Jahrhunderts lohnen den Besuch! Nur mit dem Ticket von der Lenbachhaus-Kasse kann man die Sonder-Ausstellungen im Kunstbau gegenüber besichtigen.",50,"Umkirch, Deutschland",Reiseart: geschäftlich
Erlebnisdatum: März 2019,Der blaue Reiter ist schwer zu übertreffen,Die Ausstellung der bleue Reiter ist inhaltlich und gestalterisch sehr schön gemacht. Das ganze Haus mit dem modernen Anbau an die alte Villa ist  überzeugend gestaltet. Super!,50,Burgdorf,Reiseart: als Paar
Erlebnisdatum: März 2019,Könnte besser sein!,"Ambiente in Ordnung. Für dieses herausragende Museum fehlt ein ästhetisch umgesetzter Bezug. Blick auf den Königsplatz sensationell.Service ziemlich schlecht. Man wird als Gast einfach lange nicht wahrgenommen.Esssen ok, aber nicht besonders. Leider.",30,"München, Deutschland",Reiseart: geschäftlich
Erlebnisdatum: März 2019,Schöne Ausstellung unterschiedlicher Künstler,"Weitläufige Ausstellung mit klarem Highlight: das blaue Pferd.Kunst ist bekanntlich Geschmackssache und so geht man hier auch von Raum zu Raum, verweilt bei manchen Bildern länger und lässt andere Exponate links liegen, teilweise verbunden mit einem Kopfschütteln. Der alte Trakt des Lenbachhauses und auch der Garten stehen hier in totalem Kontrast. Das Verweilen auf der sonnigen  Terasse des ELLA mit Blick auf den Königsplatz rundeten meinen Besuch ab.",40,,Reiseart: allein
Erlebnisdatum: Januar 2019,Das Lenbachhaus und seine Ausstellung sind immer einen Besuch wert!!!!,Wir kommen mehrmals jährlich ins Lenbachhaus zu den verschiedenen Ausstellungen im Kunstbau und auch im Haupthaus. Wir lieben das Lenbachhaus und können es nur empfehlen. Dank der Stiftung von Münter - Eichner  eine einmalige Sammlung in München!!!,50,"München, Deutschland",Reiseart: als Paar
Erlebnisdatum: März 2019,Sollte man auf jeden Fall gesehen haben!,"Ja, das blaue Pferd hängt dort und auch die gelbe, rote und grüne Kuh - man muss es einfach gesehen haben. Aber es gibt noch vieles andere zu bewundern.Zeit nehmen und die Werke wirken lassen.Wir hatten dann noch die interaktive Führung gebucht, was eine neue Erfahrung für uns war. Auf jeden Fall auch sehr zu empfehlen.",50,"Calw, Deutschland",Reiseart: als Paar
Erlebnisdatum: Februar 2019,Hervorragende Ausstellungen,Das Lenbachhaus präsentiert immer wieder sehenswerte Ausstellungen zusätzlich zu der Daueraustellung.Zuletzt aktuell  die Ausstellung Blauer Reiter,50,"Wien, Österreich",
Erlebnisdatum: Februar 2019,Eine gute Mischung aus moderne Kunst und der Lehnbach Werke,"Obwohl nicht alle Werke mich ansprechen, finde ich die Sammlung gut gelungen.Eine Ausstellung im dritten Stock erinnerte mich an meine alte Laden im Lehel.",50,"München, Deutschland",Reiseart: mit Freunden
Erlebnisdatum: März 2019,Aussergewöhnliche und interessante Ausstellung,"Mit ""Weltempfänger"" zeigt das Lehnbachhaus eine wirklich interessante, gute und aussergewöhnliche Ausstellung. Ich kann dem kunstinteressierten Publikum den Besuch nur ausdrücklich empfehlen. Man sollte mindestens 2 Stunden Zeit einplanen.Der Besuch wird",50,"Hildesheim, Deutschland",Reiseart: als Paar
Erlebnisdatum: Dezember 2018,Wunderbar,In meinen Augen das schönste und interessanteste Museum in München. Seit der Erweiterung vor ein paar Jahren noch besser!Der Blaue Reiter kann nirgends besser erlebet werden!,50,"St. Gallen, Schweiz",Reiseart: mit Freunden
Erlebnisdatum: Dezember 2018,Das Muss im München,"Leider gibt es am Museumsstag, der am Sonntags ist, kein reduzierten Eintritt. Aber die Geschichte von der Künstlergruppe ""Der blauen Reiter"" muss besucht werden.",50,,Reiseart: mit Freunden
Erlebnisdatum: November 2018,Museumsbesuch,"Das Lenbachhaus ist für Liebhaber des Expressionismus wirklich ein Genuss. Die tollen Bilder von Kandinsky und Gabriele Münter sind sehenswert- hinzu kommt noch, dass man etwas von Beuys sieht und mit 10 € Eintritt, kann man nicht meckern.",50,"Würzburg, Deutschland",Reiseart: als Paar
Erlebnisdatum: Oktober 2018,Ein tolles Museum,"Ein absolut sehenswertes Museum mitten in München. Das Gebäude selbst ist schon sehenswert, aber die Sammlung an den Werken von Kandinski, Klee und anderen Künstlern ist gigantisch",50,,Reiseart: mit Freunden
Erlebnisdatum: November 2018,Swehenswerte Sammlung,"Ausgezeichnete Sammlung der Blauen Reiter, Seniorenticket um € 5.-,  aber achtung der Prosecco im Lokal kostet € 9.- per Glas !",50,"Klosterneuburg, Österreich",Reiseart: als Paar
Erlebnisdatum: Oktober 2018,TOLLES MUSEUM,"Hier gibt es unglaublich viel zu sehen und zu lernen. Die ganze Bewegung um die Maler Kandinsky und Marc und Klee. Aber auch den Lebensstil eines Malerfürsten Lenbach, das Museum hängt Themen und gesellt Filme, zeitgenössisches und biografisches dazu, und verschafft dem Besucher eine grossartige Orientierung, um die Maler und ihre Ideen besser zu verstehen. So macht Kunst im Museum Freude.",50,"Luxemburg, Luxemburg",Reiseart: geschäftlich
Erlebnisdatum: Oktober 2018,Wunderschöne Kunst-Villa,München hat ein breitgefächertes großartiges Angebot an interessanten Museen.Das schönste Kunstmuseum von München ist meiner Meinung die Städtische Galerie imLenbachhaus.In der eindrucksvollen mediterranen Villa mit Garten sind ganz besonders die vielen wunderschönen Exponate von Wassily Kandinsky und Gabriele Münter zu bewundern.Für Kunstfreunde ist der Besuch dort ein wahrer Genuss.,50,"Berlin, Deutschland",
Erlebnisdatum: September 2018,Für Kunst Genießer,"Eines der schönsten Museum für zeitgenössistische Kunst, wie der Name es sagt, der Maler Lenbach ist hier vertreten.",50,,Reiseart: mit der Familie
Erlebnisdatum: September 2018,So ein schöööönes Museum,"Dank Gabriele Münter hat man hier die Gelegenheit, ganz viele Kandinskys, Marcs, Münters, Mackes zu besichtigen. Wem blaue Pferde gefallen, der sollte hier unbedingt herkommen.",50,,Reiseart: als Paar
Erlebnisdatum: August 2018,Toller Aufenthalt,Endlich hat es einmal geklappt und wir konnten uns die Blauen Reiter anschauen...und es hat sich wirklich gelohnt. Besonders zu empfehlen ist der Audio-Guide...tolle Ausstellung!,50,BaWü,Reiseart: als Paar
Erlebnisdatum: Mai 2018,"Wenn München, dann immer mit Lenbachhaus.","Wer auch nur ein wenig Interesse für Kunst und Kultur mitbringt, sollte sich die Ausstellungen im Lenbachhaus ansehen. Sehr gut aufgebaut, gute Chonologie und top Sammlung.",50,"Kempen, Deutschland",Reiseart: mit der Familie
Erlebnisdatum: Oktober 2017,Beeindruckend,"Das Lenbachhaus mit der weltweit größten Sammlung der Kunst des ""Blauen Reiters"" – von Franz Marc, Wassily Kandinsky, August Macke, Paul Klee oder Gabriele Münter – mussten wir einfach sehen.Und wir sind mehr als beeindruckt.",50,"Leonberg, Deutschland",Reiseart: als Paar
Erlebnisdatum: Juli 2018,Besuch Lenbach Haus München,Der Besuch des Lenbach Hauses ist unbedingt empfehlenswert Hier trifft Tradition auf Moderne mit allen ZwischenphasenEin Führung ist sehr empfehlenswert um die ganze Breite des künstlerischen Schaffens zu begreifen und in die jeweilige Zeit einordnen zu können,50,Stuttgart,Reiseart: mit Freunden
Erlebnisdatum: August 2018,Im Kunstbau: Dan Flavin – Lichtmagie!,"Von der Ubahn (U2, U8) zu sehen: Dan Flavins Lichtmagie. Aber erst, wenn man in dieses Licht eintaucht, hindurch geht, kann man es fühlen und erleben: erfrischendes Grün, romantisches Blau, verzauberndes Rot und beglückendes Gelb…gönnen Sie sich ein stimulierendes Lichtbad! Näheres siehe meine Fotos!",40,"Umkirch, Deutschland",Reiseart: allein
Erlebnisdatum: Juli 2018,Wow,Für Kunstfans ein eindeutiges Muss. Das ist für mich eines der wichtigsten Museen des Expressionismus. Hier komme ich immer wieder gerne her,50,"Hamburg, Deutschland",Reiseart: als Paar
Erlebnisdatum: Juni 2018,Kunstgenuss,Das Lenbachhaus ist eine modern und schön gestaltete Bildergalerie. Sehenswert die Werke der Künstlergruppe die blauen Reiter allen voran Kandinsky und anderen bekannten Expressionisten.,50,"Wien, Österreich",Reiseart: als Paar
Erlebnisdatum: Juni 2018,Immer wieder ein Genuss,"Jedes mal wenn meine Frau und ich in München ein paar Tage Urlaub machen besuchen wir das Lenbachhaus. Besonders angetan haben es uns die Maler der Gruppe die ""Blauen Reiter"".",50,"Viernheim, Deutschland",Reiseart: als Paar
Erlebnisdatum: Juni 2018,Blauer Reiter,"Toll gestaltete Ausstellung, in der man mehrere Stunden verbringen kann. Die Bilder sind großzügig gehängt, im zweiten Stock findet man die Bilder der Gruppe Blauer Reiter. Jeweils zu Beginn eines Raumes finden sich gut lesbare Infotafeln. Die eigentlichen Räume Lenbachs sind dagegen sehr düster, bieten aber einen interessanten Einblick in sein Leben und Werk. Der Garten ist wunderschön und es lohnt sich, dafür Zeit einzuplanen, es gibt vielfältige Sitzmöglichkeiten und jede Menge Fotomotive. Das Restaurant Ella war gut besucht, prima Kuchenauswahl, aber ziemlich teuer.",50,"Berlin, Deutschland",Reiseart: als Paar
Erlebnisdatum: Juni 2018,Blauer Reiter,"Wir haben im Lehnbachhaus an einem verregneten Vormittag vor allem die Bilder um die Gruppe ""Blauer Reiter"" angesehen und waren beeindruckt von der Vielfalt und Qualität der Kunstwerke. Da wir nicht so viel Zeit hatten, haben wir die Impressionisten nur gestreift. Für uns ein Grund, noch einmal wiederzukommen.",50,Düsseldorf,Reiseart: als Paar
Erlebnisdatum: Mai 2018,Umfangreiche Sammlung in schönem Ambiente,"Hier finden sich insbesondere die Meisterwerke des Impressionismus. Das Gebäude selbst macht schon was her, zusammen mit den Bildern aber ein toller Mix. Das einzige Manko ist die Tastsache, dass dies auch andere Leute so sehen. Deshalb sollte man früh kommen oder viel Zeit für das Stehen in der Warteschlange mitbringen.",50,"München, Deutschland",Reiseart: als Paar
Erlebnisdatum: Januar 2018,schöne Galerie mit vielen Austellungen,"Ins Lenbachhaus kann man immer wieder gehen. Hier gibt es regelmäßige Wechselausstellungen im Kunstbau, so dass es nie langweilig wird. Dauerhaft sieht man die Kunstwerke zur Sammlung des Blauen Reiter. Anbei gibt es kleines Café, in dem man ganz nett sitzt.",50,"Freiburg, Deutschland",Reiseart: als Paar
Erlebnisdatum: November 2017,Immer wieder Lenbachhaus ...,Mehrmals im Jahr besuchen wir diese sehr schön aufgemachten Galerien und Sammlungen. Auch der neue Anbau ist sehr gelungen (eher von innen als von außen). Ein Kunstgenuss!,50,"Bruckmühl, Deutschland",Reiseart: mit der Familie
Erlebnisdatum: März 2018,"Sehr schönes Museum, Gabriele Münter Ausstellung Wahnsinn!,","Sehr tolle Ausstellung, Sonderausstellung Gabriele Münter super klasse, insbesondere weil im Obergeschoss die weiteren Mitglieder der Blaue Reiter Gruppe zu sehen sind. Genial, mächtig, schön! der abgeschossene Stuka Pilot Joseph Beuys sehr stark Geschmacksache, aber er gehört für mache halt zur Kunst nach München.",50,"Wa, Ghana",
Erlebnisdatum: März 2018,Kunstbau Gabriele Münter,"Sehr sehenswerte Ausstellung mit Bildern Gabriele Münters im Kunstbau, die man z.T. noch nie gesehen hat aus der Stiftung und bis aus Milwaukee. Unbedingt dazu auch den DokuFilm im Lenbachhaus ansehen. Schön, dass sie endlich aus dem Schatten Kandinskys durch die Ausstellungsmacher/Kunsthistoriker herausgehoben wurde. Trotz zahlreicher Münter Ausstellungen u.a. im Schloß Murnau ist das hier sehr umfassend und thematisch nicht chronologisch gezeigt bzw. gehängt, einfach  wunderbar.",50,"Dießen am Ammersee, Deutschland",Reiseart: als Paar
Erlebnisdatum: März 2018,Immer wieder,Anlässlich des Besuchs der Gabriele Münter Ausstellung schauten wir im 2. Stock noch nach ihren Kollegen der damaligen Zeit.,50,"München, Deutschland",Reiseart: mit Freunden
Erlebnisdatum: März 2018,"Villa und Atelier des ""Malerfürsten"" Franz von Lenbach","Die heutige Galerie mit sehenwerten Ausstellungen war zu Lebzeiten von Franz von Lenbach, dessen Wohnhaus.Wenn bei der derzeitige Ausstellung ""Gabriele Münter"" ein zu großen Andrang herrscht, gibt es die Möglichkeit das Studio von Franz von Lenbach zu besichtigen und hier ist man garantiert allein. Der Malerfürst, der zur damaligen Zeit die Prominenz  wie Bismarck etc.porträtierte, hat sich ein Palazzo im italienischen Stil bauen lassen.""Ich gedenke mir einen Palast zu bauen, der das Dagewesene in den Schatten stellen wird"".Das Wohnhaus war eines der modersten in München; es war elektrifiziert und besaß eine Dampfheizung, ein Bad und ein Fotoatelier.",40,"München, Deutschland",Reiseart: allein
Erlebnisdatum: März 2018,Ein kulturelles 'Muss' bei einem München Besuch,"Ein Besuch im Lenbachhaus sollte Teil eines jeden München Besuches sein; viele der dort ausgestellten Bilder sind eigentlich jedem bekannt, aber man sollt sie auch mal im Original gesehen haben und sie auf sich wirken lassen.",50,"Spaichingen, Deutschland",
Erlebnisdatum: Februar 2018,Wunderbar,"Gabriele Münter ist aktuell eine großartige Sonderausstellung gewidmet, sie ist aber auch dauerhaft in der Sammlung „Der Blaue Reiter“ zu sehen. Außerdem ist hier auch Joseph Beuys vertreten. Ob seine Werke ins Lenbachhaus passen, mag der Besucher entscheiden.Das Gebäude selbst und der Garten sind jedenfalls sehenswert.",50,,Reiseart: mit Freunden
Erlebnisdatum: Februar 2018,Gabriele Münter Ausstellung,"Herrvoragende Ausstellung im Kunstbau des Lenbachhauses .Am besten eine Führung buchen, das lohnt sich. Die Ausstellung ist thematisch strukuriert und zeigt Gemälde aus allen Schaffensperioden. Danach unbedingt ins Hauptgebäude gehen (im Entrittspreis enthalten) und die anderen Gemälde der Münter und Ihrer Zeitgenossen anschauen. Ein Vergnügen!!!!",50,"München, Deutschland",Reiseart: mit Freunden
Erlebnisdatum: Januar 2018,Wunderbare Gabriele Münter-Ausstellung! Und danach die Werke ihrer Wegbegleiter im Lehnbachhaus. Hervorragend,Empfehlung für einen wunderbaren Tag: die umfassende Gabriele Münter-Ausstellung im Kunstbau erleben und danach die Werke ihrer Wegbegleiter im Lehnbachhaus geniessen. Hervorragend!,50,,Reiseart: geschäftlich
Erlebnisdatum: Januar 2018,"Sehr informative Ausstellung ""Gabriele Münter""","Eine Bemerkung am Rande: Die Herren von der Eingangskontrolle im Kunstbau warensehr aufmerksam und hilfsbereit. Sie zeigten wo die Prospekte an der Wand deponiert waren und gaben Auskunft, wo man nach dem Besuch essen konnte.Nun zur Ausstellung. Für mich war beeindruckend, dass Gabriele Münter schon in sehr jungen Jahren 1899/1900 eine USA-Reise absolvierte. Von dieser Reise sind diverse Fotos ausgestellt. Die Ausstellung zeigt sehr einprägsam den Weg von G. Münter vom Zeichnen und dem Fotografieren bis zur Malerei. Das Motiv ""Besuch im Café"" zeigt in drei Bildern den Weg vom Bildhaften bis zum Abstrakten. Für mich war auch beeindruckend, dass Gabriele Münter starkes Interesse an Technik hatte. So malte sie Motive vom Bau der Olympiastraße nach Garmisch-Partenkirchen im Jahr 1935 mit Baggern und anderen Baumaschinen. Sie pilgerte oft zu diesen Baustellen um Motive einzufangen. Auf jeden Fall ein lohnenswerter Besuch.",50,"Nürnberg, Deutschland",Reiseart: mit Freunden
Erlebnisdatum: Januar 2018,Aktuelle Ausstellung Gabriele Münter,"Ich empfehle unbedingt einen Besuch im Lenbachhaus, ich empfehle sogar den Kauf einer Jahreskarte, denn sie ermöglicht auch den Eintritt in Sonderausstellungen und das Preis-Leistungs-Verhältnis ist unschlagbar.",50,"München, Deutschland",Reiseart: als Paar
Erlebnisdatum: Januar 2018,Hoher Erlebniswert,"von allen Münchner Museen hat die Galerie im Lenbachhaus sicher den höchsten Erlebniswert, und sie verdient den Ersten Sympathiepreis. Die schöne Expressionistensammlung ist publikumswirksam präsentiert, und durch die lebendige Gegenwartskunst nach 1945 wird der Besucher auch mit Ungewohntem interessant eingeführt. Freundliche Nebensache ist das gutbesuchte und gutbestückte lebendige Café.",50,"Berlin, Deutschland",Reiseart: allein
Erlebnisdatum: November 2017,Villa des Malers Lenbach im toskanischen Stil.,"Im Lenbachhaus mit seinem modernen Anbau werden die Münchner Maler der Gruppe ""Der blaue Reiter"" gezeigt. Es gibt auch immer Sonderausstellungen, zur Zeit läuft eine Ausstellung der Malerin Gabriele Münter im Kunstbau, sehr sehenswert!",50,"Kirchheim bei München, Deutschland",Reiseart: mit Freunden
Erlebnisdatum: Januar 2018,Besuchenswerter Blauer Reiter,"Der neue Anbau im Lenbachhaus macht die Städtische Galerie noch attraktiver: endlich hat die wunderbare Sammlung des ""Blauen Reiter"" ihre adäquaten Räume gefunden! Die noch bis April 2018 im nahen Kunstbau (Zwischengeschoß des U-Bhf. Königsplatz) gezeigte Ausstellung mit Arbeiten von Gabriele Münter ist klug konzipiert und sehr informativ: unbedingt hingehen!In einer Kunstpause empfiehlt sich das zum Museum gehörende Café Ella.",50,"Berlin, Deutschland",Reiseart: mit Freunden
Erlebnisdatum: Dezember 2017,Kunst pur,Seit der Renovierung noch besser. Immer gute Sonderausstellungen im Kunstbau. Die permanente Ausstellung um die blauen Reiter ist immer ein Besuch wert. Schönes Café.,40,"Heidelberg, Deutschland",Reiseart: allein
Erlebnisdatum: Dezember 2017,Nördlichster Zipfel Griechenlands und der Toscana mit einem der Ursprüne moderner Kunst,"Die Malerei von Lenbach möchte mancher sich heute nicht mehr ansehen - das Lenbachhaus, das er sich mit seiner Malerei verdiente, allerdings schon. Vor allem mit dem neuen Anbau! Dahinter muss man allerdings auch gehen - da finden wir eine Ansammlung von grässlich historischen Bauten - sie haben Altertumswert. Allerdings ist dort auch ein großartiges Museum, das über mehrere Stockwerke auch Kinder fasziniert (Saurier usw.). Im Lenbachhaus sind immer verschiedene Ausstellungen. Zurzeit die zu Münter. Da wird begreifbar, warum Marc und Kandinsky Inspirationen fanden! Unbedingt hin!",50,"München, Deutschland",Reiseart: als Paar
Erlebnisdatum: Dezember 2017,Lohnendes Sonntagsvergnügen,"Da das Museum eines der wenigen war,das an Silvester geöffnet war,haben wir uns für einen Besuch dort entschieden.Hervorragend gefallen hat uns die Gabriele Müntefering Ausstellung gefallen,die einen sehr guten Überblick über ihr Lebenswerk gibt.Mit dem im Eintrittspreis enthaltenen Audio-Guide bekommt man wertvolle Hintergrundinformationen. Insgesamt sehr empfehlenswert !",50,"Weiterstadt, Deutschland",Reiseart: als Paar
Erlebnisdatum: Dezember 2017,Sehenswert: Gabriele Münter Malen ohne Umschweife -  im Kunstbau!,"Achtung: Zeitfenster! Das Ticket online buchen oder nur im Lenbachhaus kaufen, es bleiben 15 Minuten, um damit über die Straße im U-Bahnbereich der U2 in den Kunstbau zu kommen, auch dort gibt es Garderobe, Schließfächer, WCs & Shop! „Malen ohne Umschweife“ zeigt nicht nur die große Vielfalt der künstlerischen Techniken und Möglichkeiten Gabriele Münters, ihren direkten Blick und die Umsetzung „ohne Umschweife“ von Leben, Landschaft, Mensch und Stillleben in künstlerische Gestaltung, sondern auch ihre innovative künstlerische Kraft. Sehenswert-nicht verpassen; im Kunstbau des Lenbachhauses!",50,"Umkirch, Deutschland",Reiseart: geschäftlich
Erlebnisdatum: Dezember 2017,Münter Ausstellung ausgezeichnet,Wir besuchten die Galerie wegen der Münterausstellung. Diese war ausgezeichnet arrangiert und gut mit Erklärungen versehen. Diese Ausstellung war im Kunstbau zu besichtigen. Auf jeden Fall eine Empfehlung.,50,"Luzern, Schweiz",Reiseart: mit der Familie
Erlebnisdatum: Dezember 2017,Gabriele Münter Ausstellung im Lenbachhaus,"Die Sonderausstellung ""Gabriele Münter"" befindet sich gegenüber des Lenbachhauses in einem Zwischengeschoss der U-Bahn Haltestelle. Die sehr interessante Ausstellung zeigt viele Bilder der Malerin die noch nicht öffentlich gezeigt worden sind. Interessant für uns war zu sehen, wie sich die Stilrichtungen und Bildmotive im Laufe ihres Lebens verändert haben, von abstrakt bis gegenständlich und immer beeinflusst von ihren Lebenspartnern oder auch ihrem  politischem Umfeld. Die Ausstellung ist in jedem Fall sehenswert.",50,Gingen,Reiseart: als Paar
Erlebnisdatum: April 2017,Die Abkürzung zu den Pinakotheken - Für Blaue Reiter Fans und andere Kunstliebhaber,"Wir hatten nur einen Tag Zeit, uns die Innenstadt von München anzusehen. Nach einer Busrundfahrt haben wir uns anstatt den Pinakotheken bewusst das Lenbachhaus aufgrund einer Empfehlung gewählt. Nach ca. 2 - 3 Stunden hatten wir einen sehr guten Einblick zu Münter, Marc, Kandinsky  & Co bzw. Blauer Reiter. Nach dem Rundgang kann man sich im wunderschönen Garten entspannnen oder im Café sitzen mit perfektem Ausblick.",50,"Heidelberg, Deutschland",
Erlebnisdatum: November 2017,"Einmalige Ausstellung ""Gabriele Münter - Malen ohne Umschweife"", noch bis 8.4.2018","Wir hatten das Glück und die Musse die sehenswerte, einmalige Ausstellung dieser Deutschen Malerin, Fotografin und Künstlerin zu geniessen. Die Mehrzahl der Werke stammt aus dem Nachlass der Künstlerin. Ergänzend wurden Werke aus privaten Sammlern und internationalen Museen gezeigt. Die langjährige Gefährtin Kandinskys pflegt einen besonderen Stil und zeichnet sich auch durch ihre Farbwahl und Komposition aus. eine einmalige Gelegenheit einen Überblicke über das Gesamtwerk dieser Künstlerin zu erhalten.Neben der Sonderausstellung sind im Leinbachhaus weitere Werke aus ihrem Umfeld ausgestellt.",50,"Bottmingen, Schweiz",Reiseart: mit Freunden
Erlebnisdatum: November 2017,"sehr sehenswerte Ausstellung ""Gabriele Münter -Malen ohne Umschweife""!","Für jeden Kunstinteressierten ist die Sonderausstellung im Kunstbau über die Werke von Gabriele Münter ein unbedingtes MUß!Von den über hundert Bildern wird ein Großteil zum ersten Mal gezeigt. Auch habe ich einiges Neues über das Leben der Künstlerin erfahren.Man kann beim ersten Mal nur begrenzt aufnehmen, so dass ich -als Inhaber einer preisgünstigen Jahreskarte- noch einige Male die Ausstellung, die ja bis Anfang April 2018 zusehen ist, aufsuchen werde.",50,"München, Deutschland",Reiseart: allein
Erlebnisdatum: November 2017,spannende sonderausstellung von gabriele münter,"""malen ohne umschweife"" - so der titel der ausstellung, die wirklich interessant ist. es werden an die 130 gemälde gezeigt, wovon fast die hälfte der werke noch nie gezeigt wurden. ein grossteil der werke stammt aus dem nachlass der künstlerin. aber nicht nur die sonderausstellung, die sich im zugehörigen ausstellungsraum auf der gegenüberliegenden strassenseite im zwischengeschoss der U-bahnstation königsplatz befindet ist besuchenswert, sondern auch die zwar sehr klein gehaltene joseph beuysausstellung - und kunst nach 1945 ist ebenso sehenswert, wie die der blauen reiter. wartezeit für kartenverkauf gab es bei uns keine, da wir bereits gegen 10 uhr dort waren.",50,"Klagenfurt, Österreich",Reiseart: mit Freunden
Erlebnisdatum: November 2017,wunderbare Ausstellung,"wir haben die aktuelle Ausstellung besucht, leider verpasst online zu buchen. Die Wartezeit betrug 90 Minuten, diese kann man im Café verbringen. Es werden nur 50 Karten pro Zeiteinheit vergeben . Ein Besuch lohnt sich auf jeden Fall.",40,"Dreieich, Deutschland",Reiseart: als Paar
Erlebnisdatum: Oktober 2017,Tolle Sonderausstellung mit Werken von Gabriele Münter,"Seit heute gibt es die neue Ausstellung im Kunstbau. Viele Werke von Gabriele Münter, die sonst im Bereich „blauer Reiter“ (der auch sehr gut ist) hängen wurden umgegangen. Sehr gut gemacht, auch mit Kinofilmausschnitten aus der Zeit, die Frau Münter wohl zeitlebens gefallen haben. Zu der Beuys-Dauerausstellung muss ich nichts sagen- entweder man ist Fan von ihm oder nicht - ich bin’s nicht. Es gibt hingegen einen sehr schönen Bereich mit großflächiger abstrakter Kunst nach 45 - da hängen etlich wirklich beeindruckende Werke.",50,"Burghausen, Deutschland",Reiseart: mit der Familie
Erlebnisdatum: Oktober 2017,Malerfürst,"Die gegenwärtige Ausstellung zeigt den Weg der Abstraktion, die Zusammenarbeit von Kandinsky, Münter und Jawlensky. Bei manchen Bildern hat man Schwierigkeiten sie zuzuordnen, so eng war die Zusammenarbeit. Sehenswert natürlich auch der Kern des ursprünglichen Hauses, das Studio von Lenbach. Man lebte dunkel damals, wo heute Helligkeit regiert.",50,"Berlin, Deutschland",Reiseart: als Paar
Erlebnisdatum: September 2017,Eins der liebenswürdigen Museen ,Der Aufenthalt in diesem Haus ist ebenso stimmungsvoll wie ästhetisch befriedigend. Der Fachmann begegnet Spitzenwerken der Kunstgeschichte; der Laie wird freundlich an die Hand genommen. Cafe und Shop lohnen den Besuch auch ohne Kunsterlebnis.,50,"Berlin, Deutschland",Reiseart: allein
Erlebnisdatum: März 2017,Blauer Reiter & Co.,"Das wunderschöne Gebäude, alter Bau mit modernem Anbau, läd ein sich mit den Münchner  bzw. bayerischen Künstlern auseinander zu setzen. Die Künstergarde ""Blaue Reiter"" nimmt einen großen Raum ein. Die malerischen Impulse können sich, dann bei einem Päuschen im Garten, setzen. Anschließend empfiehlt sich ein Besuch im Museumsrestaurant Ella.",50,"München, Deutschland",Reiseart: mit Freunden
Erlebnisdatum: August 2017,Immer eine Reise wert!,"Wechselausstellungen ergänzen die Sammlung des Blauen Reiters und der Modernen Kunst sowie die reichhaltigen Schätze des 19. Jahrhunderts und seiner ""Malerfürsten"" wie Franz von Lenbach.",50,"Umkirch, Deutschland",Reiseart: allein
Erlebnisdatum: Juli 2017,Moderne Kunst mit lokalem Brzug,"Das Lenbachhaus verdankt seine Bedeutung der Sammlung von Kunstwerken aus dem Umkreis des ""Blauen Reiters"", wie Franz Marc, Kandiski, Gabriele Münter und anderen..aber auch die neuere Kunst mit Bezug auf München ist gut vertreten. Daneben sid die Wechselausstellungen stets sehenswert.",50,"München, Deutschland",Reiseart: mit Freunden
Erlebnisdatum: Juli 2017,Interessante Ausstellungen,"Wir waren auf den Spuren des «Blauen Reiter». Es gab einige Bilder zu sehen, die uns noch nicht bekannt waren.",50,"Meilen, Schweiz",Reiseart: mit Freunden
Erlebnisdatum: Juni 2017,Schöne Ausstellung,"Besonders schön ist die Ausstellung der Gemälde der Gruppe ""Blaue Reiter"". Auch das bekannte ""Blaue Pferd"" von Franz Mark findet sich hier. Aber auch gibt es mehrere Exponate von Beuys. Ausgestellt werden auch Nachkriegsgemälde. Sehr zu empfehlen.",50,"Allershausen, Deutschland",Reiseart: allein
Erlebnisdatum: Februar 2017,Hervorragende Ausstellungen!,Die Galerie bieter hervorragende Ausstellungen und bevorzugt zur Gruppe der Blauen Reiter. Immer wieder einen Besuch wert!,50,"München, Deutschland",Reiseart: mit Freunden
Erlebnisdatum: April 2017,Herrlich! Zugang gegenüber dem Torbau des Königsplatzes,"Erreichbar mit U2 oder Tram 100 H Königsplatz. Früher war der Eingang durch Lenbachs Garten, der auch heute noch zugänglich ist.Sonderausstellungen rücken die Schätze des Museums ins rechte Licht: Schwerpunkt ist des 19. und 20. Jahrhundert mit dem Blauen Reiter, aber auch Gegenwartskunst wird bestens vermittelt. Immer eine Reise wert! Ein Sehnsuchts-Ort!Weitere Museen sind an der Ecke zum Königsplatz an einer weißen Säule mit Karte und Hinweisen angegeben: es gibt hier so viel zu sehen und zu erleben!",50,"Umkirch, Deutschland",Reiseart: allein
Erlebnisdatum: März 2017,Ein Muss für jeden Kunstliebhaber,"Wer auf Impressionisten und blaue Reiter steht, der ist hier goldrichtig. Ansonsten eine kleine Ausstellung Kunst nach 1945 die gerade umgebaut wird. Dazu ein Trackt mit Werken von Joseph Beuys.",50,"Vaterstetten, Deutschland",Reiseart: als Paar
Erlebnisdatum: März 2017,Zeit abpassen,"Wenn nicht allzuviel drin los ist und die großen Gruppen nicht da sind, dann ist das Lenbachhaus nach dem Umbau deutlich attraktiver geworden und gehört zu den empfehlenswertesten Museen in MünchenVor allem Liebhaber der Gruppe ""Blauer Reiter""  müssen rein",50,Deutschland,Reiseart: mit der Familie
Erlebnisdatum: Februar 2017,interessant,"Ganz nett, wenn nicht gerade überlaufen von Reisegruppen. Am besten jedoch bei schönem Wetter hingehen.",30,"München, Deutschland",Reiseart: mit Freunden
Erlebnisdatum: Februar 2017,"Das Lenbachhaus : gelungener Umbau, aber schlechte Kommunikation","Die Pluspunkte des Umbaus sind gewichtig: gestiegenen Besucherzahlen Rechnung tragen, barrierefreien Eintritt ermöglichen, ein neues Lichtkonzept und vor allem neue Schwerpunkte in der Praesentation der Kuenstlerinnen und Kuenstler des Blauen Reiter. Dafuer wurde die italienisch anmutende Villa durch einen Neubau ergänzt, der den vorhandenen Baukoerper wie eine Spange umschließt. Leider wird dem Besucher das neue Museumskonzept nicht erklaert, sodass ich, die ich das Museum von früheren Besuchern kannte und liebte, zuerst einmal irritiert war und auf mich allein gestellt. Waere es nicht nach einer so langen Schließung und angesichts der radikalen Veraenderungen geboten, dem Besucher gegenüber zu kommunizieren, was man konkret erreichen wollte? Auch wenn die hochkarätige Sammlung gekonnt praesentiert ist: Sie koennte jetzt in jedwedem modernen Museumsbau hängen, vom Flair des Lenbachhauses ist kaum noch etwas zu spüren. Schade eigentlich",40,"Bonn, Deutschland",Reiseart: als Paar
Erlebnisdatum: Februar 2017,Gelungene Modernisierung,Interessante wechselnde Ausstellungen und ständige Sammlung der Blauen Reiter lohnen den Besuch. Auch die moderne Umgestaltung des Eingangsbereich finde ich sehr gelungen.,50,"Neustadt in Holstein, Deutschland",Reiseart: allein
Erlebnisdatum: März 2017,Sehenswert,"Der Moderne Anbau von Norman Foster ist m. E. sehr gelungen. Wo früher der Eingang war kann man jetzt zum Garten und diesen genießen. Im modernen Teil ist zudem die Ausleuchtung nun perfekt. Ein Muß sind natürlich die ""Blauen Reiter"", eine Ausstellung von Beuys, Kunst nach 1945. Für mich neben dem Museum Brandhorst immer einen Besuch wert, was auch an der gelungenen Wiederbelebung des Ensembles und dem dadurch entstandenen besonderen Flair liegt.",40,"Dießen am Ammersee, Deutschland",Reiseart: mit Freunden
Erlebnisdatum: März 2017,Sehr schön!,"Unweit der Pinakotheken findet man das Lenbachhaus und mit einer sehr gut präsentierten und interssanten Sammlung diverser Künstler. Wer sich dafür interessieret, kann ein paar schöne Stunden verbringen. Nebenan der Königsplatz, die Glyptothek - Tipp: Die Prachtstraße (Brienner Straße) runter zum Karolinenplatz mit seinem Obelisken, dann zum Stachus. Über die Bayerstraße zum Bahnhof und Luisenstraße wieder zurück zum Königsplatz. Ein richtig schöner Rundgang!",40,Nördlingen,Reiseart: als Paar
Erlebnisdatum: Dezember 2016,Explosion der Farben fasziniert immer wieder!,"Die jahrelangen Um- und Erweiterungsarbeiten an diesem renommierten Gemäldemuseum haben sich gelohnt: jetzt kommen die faszinierenden Farbkompositionen der ""Blauen Reiter"" - Maler erst richtig zur Geltung. Bei jedem Münchenbesuch immer wieder zu empfehlen.",50,"Baden-Baden, Deutschland",Reiseart: als Paar
Erlebnisdatum: Januar 2017,Ein Muss: Der Blaue Reiter!,"Die spektakuläre Sammlung der Klassischen Moderne mit Marc, Kandinsky, Münter, Jawlenski, Macke, etc. Präsentiert in einem großartigen Anbau von Norman Foster - allein das Foyer ist einen Besuch wert. Und das Café auch.",50,"München, Deutschland",Reiseart: allein
Erlebnisdatum: Oktober 2016,Sehr interessant,"Wer sich für Kunst interessiert ist her richtig. Hier gibt es immer gute, wechselnde Ausstellungen. Der Museumsladen hat tolle Bücher.",40,"München, Deutschland",Reiseart: mit der Familie
Erlebnisdatum: Februar 2017,Für Freunde des Blauen Reiter ein Muss,"Sehr gute Sammlung an Kunstgegenständen, insbesondere die Bilder von Kandinsky, Klee, Marc und den anderen aus der Gruppe und Zeit rundum den Blauen Reiter. Gute Erklärungen mit dem Audioguide. Wie immer: Sonntags in München mit dem Eintritt für 1 Euro ist der Guide mit dabei. Perfekt. Da wird man schnell zum Stammgast.",40,"Freiburg, Deutschland",Reiseart: allein
Erlebnisdatum: Januar 2017,Immer wieder schön,"Das Lenbachhaus mit der Sammlung ""Blauer Reiter"" ist immer wieder sehenswert. Es gibt aber auch regelmäßige Wechselausstellungen.",50,"München, Deutschland",Reiseart: allein
Erlebnisdatum: August 2016,"Genuß für Leib und Seele  :wunderbarer Innenhof mit Cafe und Restaurant und der berühmte ""blaue Reiter""","das Lenbachhaus , einstiger Sitz eines berühmten Münchner  Malerfürsten, beherbergt  eine bedeutende Sammlung von der Romantik bis zur Moderne, insbesondere aber zahlreiche Gemälde der berühmten Malergruppe  des 20. Jahrhunderts, die sich den Namen ""Blauer Reiter"" gab. Von dort ist mit nur wenigen Schritte  ebenso der Kunstbau im U-bahngeschoß erreichbar, und ebenso das Naturhistorische Museum mit seinen Dinos, etc. ... Zum Verweilen und Auftanken lädt das Cafe im Innenhof des Lenbachhauses ein und ebenso das Restaurant mit Außenterasse  und Blick hinüber zum Königsplatz und den beeindruckenden Propyläen.",50,"München, Deutschland",
Erlebnisdatum: Januar 2017,Elegantes Kunsthaus auf einer prächtigen Allee,"Man braucht die Erfrischung des Kunst im Leben und wenn die Ausstellungsort wie eine Oase auf dich wirkt, ist es noch schöner.",30,"Köln, Deutschland",Reiseart: geschäftlich
Erlebnisdatum: Dezember 2016,Klassische Gemäldegalerie mit Abteilungen für Avantgarde und Außergewöhnliches,"Das Lenbachhaus ist ein Museum, das für viele Besucher etwas bietet; es beinhaltet Elemente der klassischen Gemäldegalerie ebenso wie hypermoderne Exponate und Avantgarde zur Auswahl. Es lohnt sich, 2 - 3 Stunden in diesem Museum zu verweilen. PS: Die Qualität der Kaffeespezialitäten im Cafe ist bemerkenswert gut!",50,"Wilfersdorf, Österreich",Reiseart: mit Freunden
Erlebnisdatum: April 2016,Blaue Reiter,"Es ist doch immer wieder beeindruckend vor den Originalen der ""Blauen Reiter"" zu stehen.Sehr gute Zusammenstellung.Joseph Beuys ist immer für Überraschungen gut,mal fantastisch,mal skurril und befremdlich.Gute Beratung und Erklärung an der Kasse.Gutes Restaurant im Erdgeschoss....komme wieder!",50,"Würzburg, Deutschland",Reiseart: mit Freunden
Erlebnisdatum: November 2016,Haus der Museen:,"Der Titel soll andeuten, dass man verschiedene Sammlungen hier vereint hat: Die ehemaligen Wohnräume des Malers Lenbach, der um 1880 so etwas wie ein Staatsmaler des 2. Deutschen Reiches war. Dann gibt es modernere Sammlungen: Kandinsky, Gabriele Münter, Marianne v. Werefkin, Jawlensky. Auch Gemälde aus dem 19. Jahrhundert wie Lovis Corinth. Und ganz moderne Ausstellungen; im November gerade eine sehr gute Murnau-Ausstellung - über den Filmregisseur Friedrich-Wilhelm Murnau.",50,"Berlin, Deutschland",Reiseart: geschäftlich
Erlebnisdatum: November 2016,Eine wunderbare Synthese von Alt und Neu!,"Diese wunderschöne Villa beherbergt seit 1929 die Sammlungen der Städt. Galerie und wurde vor einigen Jahren um einen modernen Anbau erweitert, der archtektonisch das alte Gebäude wunderbar betont!Besonders reizvoll ist der Innenhof!Die Ausstellungen sind vielseitig und Anhänger des ""Blauen Reiters"" kommen auf ihre Kosten.",50,"Velbert, Deutschland",Reiseart: mit Freunden
Erlebnisdatum: November 2016,Wunderschöne Ausstellung in toller Location,"Das Lehnbachhaus an sich ist schon einen Besuch wert. Schade, dass der Garten zur Zeit wegen Umgestaltungsarbeiten geschlossen ist. Die Ausstellung ""Der blaue Reiter"" ist fazinierend, Beuys eher Geschmackssache, aber das ist Kunst ja immer. Eine tolle Ausstellung, nicht zu groß, sehr zu empfehlen. Eintritt fair",40,Deutschland,Reiseart: als Paar
Erlebnisdatum: November 2016,Schöne Blaue Reiter,Das Lenbachhaus ist ein wunderschönes Refugium für die Liebhaber der Künstlergruppe Blaue Reiter. Ich habe mir diese Ausstellung innerhalb von zwei Jahren das zweite Mal angesehen .... wunderschön. Sicherlich ist auch der Trakt für Joseph Beuys interessant und sehenswert. Man muss ja nicht alles mögen.  Es gibt noch vieles mehr im Lenbachhaus zu sehen und zu probieren ... einfach hingehen und sich überraschen lassen.,50,"Bayern, Deutschland",Reiseart: als Paar
Erlebnisdatum: Juli 2016,Ort der Ruhe und Kunst,"Das Lenbachhaus bietet einen tollen Rahmen für excellente Kunst. Von den Werken der Künstlergruppe ""Blauer Reiter"" über die Münchener Künster wie Corinth, Slevogt, Stuck und natürlich Lenbach reicht der Bogen zu Beuys. Unter der Woche findet man dort auch Ruhe. Und eine Jahreskarte lohnt sich schon ab dem 2. Besuch. So kann man auch häufiger kommen und manch kurze Pause einlegen.",50,"Aschaffenburg, Deutschland",Reiseart: allein
Erlebnisdatum: Oktober 2016,Blaue Reiter,"unbedingt hingehen, am besten unter der Woche ! Für jeden Kunstliebhaber und diejenigen, die es noch werden wollen ein Hochgenuss!",50,"München, Deutschland",Reiseart: mit Freunden
Erlebnisdatum: Oktober 2016,Kurzer Feierabendbesuch am Dienstag Abend,War sehr entspannt und ruhig. Manchmal räumlich etwas verwirred.Abteilungen Kunst nach 1945 und Der Blaue Reiter waren wundervoll.,50,"Hannover, Deutschland",
Erlebnisdatum: April 2016,Enorm sehenswertes Museum,"Das Lenbachhaus in München ist ein enorm sehenswertes Museum - auch und vor allem wegen der Lenbachvilla, die mitten in der Stadt steht und dennoch ein Refugium ist. Der Schwerpunkt der Ausstellung ist auf dem Blauen Reiter - aber es gibt auch darüber hinaus einiges sehenswertes in dem Museum.",40,"Frankfurt am Main, Deutschland",Reiseart: mit der Familie
Erlebnisdatum: September 2016,Das muss man gesehen haben!,"Eine der schönsten Ausstellungen der Gruppe ""Blauer Reiter"". Besonders die Kandinskis sind wohl weltweit die größte Sammlung."" Sehr gute Erklärungen in den Räumen. Für den Düsseldorfer finden sich auch einige Werke von Beuys. Auch das Lenbachsche Haus, um das das Museum herumgebaut ist, stellt selbst ein Museumsstück dar. Unbedingt besuchen, wenn man in München ist!",50,"Düsseldorf, Deutschland",Reiseart: als Paar
Erlebnisdatum: September 2016,Der blaue Reiter,"Es gibt sehr schöne Bilder von den Mitgliedern der Künstlervereinigung zu sehen. Der Garten der Villa ist wunderschön und auch die Räume des Herrn von Lenbach. Diese sind zwar ziemlich dunkel aber trotzdem sehenswert.Die modernen Stücke, besonders die von Beuys treffen leider nicht meinen Geschmack.",40,"Obertshausen, Deutschland",Reiseart: als Paar
Erlebnisdatum: Juni 2016,"Das Haus für den ""Blauen Reiter""","Besucher finden hier den Reichtum der weltweit größten Sammlung an Bildern aus dem Künstlerkreis des »Blauen Reiter«. Für Kunstinteressierte ist  das Haus mit  Bildern aus dem Umfeld von Gabriele Münter, Kandinsky und Marc, die erste Adresse. Daneben gibt es immer wieder Sonderausstellungen von besonderem Rang. Der Audioguide ist  inklusive. Es empfiehlt sich der Kauf einer sehr günstigen Jahreskarte,",50,"Meckenheim, Deutschland",
Erlebnisdatum: August 2016,"Blaue Reiter mit Kandinsky , super","Der Blaue Reiter und die Kandinsky Bilder exzellent zusammengestellt! Sehr informativ gemacht, genial.  Es gibt auch mehrere Werke von Beuys, leider nicht ohne Führung zu verstehen, obwohl die Beschreibungen zu den Darstellungen sehr ausführlich sind. Nicht zu vergessen, der schöne kleine Park, eine Oase. Die Atmosphäre im Lenbachhaus, wunderbar.  Auf jeden Fall auch die Gemächer des Fürsten ansehen, das wirkt zwar alles sehr dunkel, aber auch beeindruckend.",50,"Bad Dürkheim, Deutschland",Reiseart: als Paar
Erlebnisdatum: Dezember 2015,Wundervolle Sammlung und interessante Ausstellungen,"Das Lenbachhaus ist immer einen Besuch wert. Es ist ein echtes Erlebnis, wenn man die Meilensteine des Blauen Reiters wahrhaftig vor sich sieht. Die Sammlung ist ausführlich, aber nicht zu umfangreich. D.h. man erhält einen guten Überblück, ohne dass man von der Menge überfordert wird.Die wechselnden Ausstellungen sind sehr interessant und stets hervorragend recherchiert und ausgewählt. Die Kataloge sind auch nicht zu teuer, so kann man sich die Ausstellung gleich mit nach Hause nehmen und die Freude noch einmal erleben und mit Freunden teilen.",50,,Reiseart: mit Freunden
Erlebnisdatum: Juli 2016,Man möchte direkt einziehen,"Gute Übersicht von der Malerei des 18. Jahrhunderts bis zur Moderne (ich bin allerdings kein Fan von Beuys). Die Bilder des ""Blauen Reiters"" muss man gesehen haben.",50,"München, Deutschland",Reiseart: geschäftlich
Erlebnisdatum: August 2016,Nach der Neueröffnung noch schöner.,"Das Lenbachhaus mit seiner Sammlung von Gemälden der Künstlervereinigung ""Blauer Reiter"" ist sehr beeindruckend. Aber es gibt mehr zu sehen, so einige Werke von Beuys oder die Wohnräume und Bilder von Franz von Lenbach.",50,"Limburgerhof, Deutschland",Reiseart: mit Freunden
Erlebnisdatum: Mai 2016,Sehr schöne Galerie nicht so groß wie die Pinakotheken,"Lohnt immer wieder einen Besuch. Der Umfang der Ausstellung ist nicht so groß, dass man am Überangebot erstickt. Die Wechselausstellungen sorgen dafür das sich ein Besuch immer wieder lohnt auch wenn man nicht zum ersten Mal den Blauen Reiter sieht.",40,"München, Deutschland",Reiseart: als Paar
Erlebnisdatum: Mai 2016,Ein Museum mit Seele,"Das Lenbachhaus ist der Platz für den Kunstliebhaber, der die Werke der Künstler des blauen Reiters schätz. Ebenso werden auch Bilder aus der Münchner Malerei des 19. Jahrhunderts gezeigt und wesentliche Werke von Joseph Buys. Sehr empfehlenswert.",50,,Reiseart: als Paar
Erlebnisdatum: Juli 2016,Anders aber schön!,"Der Garten ist das, was noch übrig geblieben ist von meinen alten Erinnerungen an das Lenbachhaus. Gott sei Dank! Bilder natürlich immer noch schön, früher gefiel mir die Hängung / Einteilung besser. Irgendwie chaotisch dort mit Treppenhäusern und Abteilungen.",50,"Düsseldorf, Deutschland",Reiseart: als Paar
Erlebnisdatum: Mai 2016,gute Ausstellung und tolle Architektur,Schon allein wegen der Architektur des Lenbachhauses lohnt sich der Besuch. Aber auch die diversen wechselnden Ausstellungen lohnen immer einen Besuch. Gleich daneben gibt es ein gutes Café.,50,"München, Deutschland",Reiseart: allein
Erlebnisdatum: Juni 2016,Romantisches Italien mit Kunst,Der gute alte Goethe hätte hier wohl seine Freude gehabt. Moderne Kunst und Renaissance-Kultur im schönen italienischen Park-Ambiente. Zugang leider nur mehr über den goldenen Museumswürfel.,50,"80802 München, Marschallstr. 8",Reiseart: mit Freunden
Erlebnisdatum: Juni 2016,Für Liebhaber von moderner Kunst sehr sehenswert,"In diesem Museum in München werden Kunstwerke und Bilder sehr bekannter Künstler aus aller Welt ausgestellt, auch immer einmal wieder wechselnd. Dieses Museum befindet sich im Zentrum von München und ist leicht erreichbar.",50,"München, Deutschland",Reiseart: als Paar
Erlebnisdatum: Juni 2016,Der blaue Reiter,Es ist immer wieder ein Genuss in diesem schönen Gebäude die wunderbaren Kunstwerke zu sehen. Im Sommer unbedingt einmal durch den Garten schlendern,50,"München, Deutschland",Reiseart: mit Freunden
Erlebnisdatum: Mai 2016,Das muss man gesehen haben!,Mit einer sehr guten Führung erkundeten wir dieses einmalige Museum; das Zusammenspiel von alt und modern ist beeindruckend!,50,"Wilnsdorf, Deutschland",Reiseart: mit Freunden
Erlebnisdatum: Mai 2016,Kunst,"Eine tolle Auswahl an Bildern; von den Impressionisten bis zur Moderne. Tolle Wechselausstellungen, auch im vorgelagerten (Untergrund!) Kunstbau. Sehr zu empfehlen",50,"München, Deutschland",Reiseart: mit Freunden
Erlebnisdatum: Mai 2016,Tolle Ausstellung,Zentral gelegen - direkt am Königsplatz mit umfangreicher und abwechselnder Ausstellung. Günstige Eintrittspreise.,50,München,Reiseart: als Paar
Erlebnisdatum: August 2015,Für Gabriele Münter - Fans ein Muß !,"Schönes, übersichtliches Museum in der ehehmaligen Villa des Malers Lenbach mit interessanten Werken. An Wochenenden manchmal sehr voll.",40,"Altdorf, Deutschland",Reiseart: mit der Familie
Erlebnisdatum: April 2016,Mehr als das blaue Pferd,"Das Lehnbachhaus ist seit der Neueröffnung vor 3 Jahren wieder wunderbar. Ein Platz zum Verweilen, Bilder betrachten, in der Geschichte schmökern und Zeit für ein Gespräch mit Freunden bei Kaffee und Kuchen.",50,"Hergiswil, Schweiz",Reiseart: mit der Familie
Erlebnisdatum: April 2016,Das Lenbachhaus ist eine historische Villa von Lenbach und wurde modern ergänzt von Norman Foster,Die Villa des Malerfürsten Franz von Lenbach wurde erweitert mitmoderner Architektur von Sir Norman Foster. Dazu kommt die sensationelle Sammlung und ein wunderschöner Garten im italienischen Stil. Diesen Garten mit Stühlen zum Verweilen sollte man anschauen.,50,"München, Deutschland",Reiseart: mit der Familie
Erlebnisdatum: April 2016,Wunderbar,"Das Lenbachhaus ist ein Muss, wenn man in München ist. Wunderbare Kunst und mehr. Man sollte sich aber mindestens einen halben tag Zeit nehmen, damit man alles genießen kann. Außerdem kann man in dem Cafe wunderbar essen.",50,"Hattingen, Deutschland",Reiseart: als Paar
Erlebnisdatum: April 2016,Blauer Reiter,"Wunderbare Ausstellung über den Blauen Reiter, Klee, Kandinsky. Sehr nettes Café ELLA mit köstlichem Mittagsmenü.",50,"Wien, Österreich",Reiseart: allein
Erlebnisdatum: April 2016,"""Die blauen Reiter"" lassen grüssen...","""Die blauen Reiter"" begrüssen Sie, wenn Sie dieses schöne Museum besuchen: Werke von Wassily Kandinsky, Paul Klee und anderen mehr sind hier zu bestaunen!",50,"Ittigen, Schweiz",Reiseart: als Paar
Erlebnisdatum: April 2015,Sehr zu empfehlen!,"Nicht nur, dass das Lenbachhaus ein zeitgenössisches Gebäude ist; auch die Ausstellung da drin muss man gesehen haben. Mich haben besonders die alten, erhaltenen Zimmer fasziniert. Und es gibt auch immer wieder tolle neue Ausstellungen.",50,"Ebersberg, Deutschland",Reiseart: mit Freunden
Erlebnisdatum: März 2016,Reisender das 'Lenbachhaus'...,"...ist immer wieder ein schönes, interessantes Erlebnis. Auch wenn man öfters die Ausstellung besucht hat, wird es dem Betrachter nicht langweilig. Also hingehen, es lohnt sich.",40,"Obing, Deutschland",Reiseart: als Paar
Erlebnisdatum: März 2016,Man fühlt sich in Italien,"Das ERSTE was ich in München tat, war der Besuch diese liebenswürdigen Museums.Das war vor 46 Jahren das erste, aber nicht das letzte mal. Zu allen großen Ausstellungen zog es mich magnetisch immer wieder hin. Unbedingt ansehen, auch den modernen Teil.",50,"Eichenau, Deutschland",Reiseart: allein
Erlebnisdatum: Februar 2016,Macke Marc Ausstellung war toll,Auch die Dauerausstellung des Blauen Reiter ist absolut sehenswert in diesem besonderen Gebäude. Unbedingt einen Abstecher in den Museumsshop einlegen!,50,"München, Deutschland",
Erlebnisdatum: März 2016,Was soll Playback Room?,"Einleitend muss ich sagen ich war bis dato zwei Mal im renovierten Lenbachhaus. Ein Mal kurz nach der Neueröffnung, und ein Mal gestern. Mangels Zeit wollte ich bei meinem jüngsten Besuch dabei nur kurz die Ausstellung ""Playback Room"" sehen bzw. hören. Leider wurde ich enttäuscht. Der Sound ist zwar bei oberflächlichem Hören gut, aber bei zwei Liedern kamen mir die Höhen leicht übersteuert vor. An anderer Stelle bewirkte der Bass, dass die an den Wänden eigens angebrachten Paneele lautstark vor sich hin vibrierten. Dazu sind die Sitz- bzw. Liegemöglichkeiten mehr als unbequem, die Eingangstür zu dem Raum ist im Übrigen ständig offen. Unter besonderem Sound verstehe ich was anderes. So viel zum Urteil befriedigend. Ansonsten ist das Lenbachhaus natürlich sowohl architektonisch als auch von den Ausstellungen der darstellenden Kunst her absolut sehenswert.",30,,Reiseart: als Paar
Erlebnisdatum: Januar 2016,"Unbedingt reinschauen, es lohnt sich auf jeden Fall",Die Verschmelzung der neuen mit der alten Architektur ist sensationell gelungen. Fast tritt die Ausstellung aufgrund der Atmosphäre des Gebäudes in den Hintergrund. Auf jeden Fall sehenswert ist die Ausstellung der Blauen Reiter!,50,"München, Deutschland",Reiseart: mit Freunden
Erlebnisdatum: Februar 2016,Immer einen Besuch wert,"Wenn du die Expressionisten kennen lernen willst, ist ein Besuch im Lenbachhaus Pflicht. Gerade die Geschichte des Blauen Reiters wird hier hervorragend dargestellt.",50,"Eichenau, Deutschland",Reiseart: als Paar
Erlebnisdatum: Januar 2016,Ein Muss bei einem Besuch in München,Einfach nur schön. Tolle Ausstellung über den Blauen Reiter. Man fühlt sich sehr inspiriert und informiert und behält einen nachhaltigen Eindruck.,50,"München, Deutschland",Reiseart: mit Freunden
Erlebnisdatum: Februar 2016,Phantastisches Haus mit tollen Ausstellungen,"Dieses herrliche Haus in wundervoller Umgebung hat und sich tief berührt. Die Ausstellung über die Brücke-Künstler war zauberhaft.Ein wunderbarer Museumsshop entlässt einen ins Museumscafe, wo man die Eindrücke Revue passieren lassen kann.",50,Deutschland,Reiseart: als Paar
Erlebnisdatum: November 2015,Klee - Kandinsky,waren im November mit unserem Freundeskreis und unserer Kunsthistorikern in der obigen Ausstellung im Kunstbau....war wieder wie immer in der Vergangenheit toll aufgemacht...sehr informativ gesteckt auch mit den Erklärungen auf separaten Tafeln.... Gott sei Dank war es nicht so voll.... und so konnten wir die Ausstellung wirklich geniessen,50,"München, Deutschland",Reiseart: mit Freunden
Erlebnisdatum: Januar 2016,Klein aber Fein,"Sehr schön ,von allem nach Renovierung. Es ist preißwert  und nicht überlaufen. Empfehlens wert in  Sommer wegen  wunderschönen Garten.",50,,Reiseart: als Paar
Erlebnisdatum: Januar 2016,Ein Muss für alle Liebhaber des deutschen Expressionismus,"Noch reichhaltiger und interessanter seit dem Um- und Neubau des Museums. Hervorragende und sehr instruktive Neu-Hängung insbesondere der Kunst des ""Blauen Reiters"", bei der man durch die Augen von Künstlern wie Kandinsy und Münther das bayrische Alpevorland und München neu sehen lernt. Wunderbar auch garade bei Kandinsky der Übergang vom Expressionismus zur abstrakten Kunst. Im ""Kunstbau"" neben der U-Bahnstation Königsplatz gibt es immer wieder sehr interessante Sonderausstellungen, zur Zeit (nur noch wenige Tage) ""Kandinsky und Klee"", eine reichhaltige und wunderbare Gegenüberstellung der beiden Künstler.  Sehr gut bestückter Museumsshop und gutes Café-Restaurant im Haupthaus, das leider häufig überfüllt ist..",50,"München, Deutschland",Reiseart: mit Freunden
Erlebnisdatum: Januar 2016,Klee und Kandinsky,"Tolle Ausstellung mit einer Vielzahl von Bildern beider Künstler die oftmals einander gegenübergestellt werden und damit einen direkten Entwicklungsvergleich erlauben. Diese Ausstellungsweise erlaubt einen sehr guten Einblick und ein gutes Verständnis der beiden befreundeten Künstler in ihrer Zeit.Die Ausstellung ist sehr gut besucht, aufgrund einer etwas anstrengenden aber sich sinnvollen Zugangsorganisation jedoch gut zu besuchen. Das Preis-Leistungs-Verhältnis ist sehr gut. Fazit: Unbedingt besuchen, bevor die Ausstellung in wenigen Tagen schließt.",40,"Herdecke, Deutschland",Reiseart: als Paar
Erlebnisdatum: Januar 2016,Wunderschönes Museum,"Wir sind zum 2. Mal im Lenbachhaus gewesen. Ein wunderschönes Haus des Kunstmäzen Lenbach. Darin kann man Kunst aus unterschiedlichen Kunstepochen sehen.Zur Zeit ist eine Schwerpunkt: Der Maler Kandinsky. Die Kunstwerke sind in den Räumlichkeiten sehr schön präsentiert, es gibt auf Tafeln kurze Erläuterungen zu den Künstlern . Wer mehr wissen möchte kann einen Audioguide dazu buchen. Es empfiehlt sich morgens früh da zu sein. Danach bilden sich an den Museumskassen längere Schlangen. Zur Eintrittskarte ins Lenbachhaus bucht man gleichzeitig eine Karte für die Sonderausstellung. Man muss an der Kasse angeben, um welche Uhrzeit man die Sonderausstellung besuchen will. Das hat uns etwas verwirrt und die Damen an der Kasse wirkte leicht genervt. Wir haben die Sonderausstellung nicht besucht. Sie befindet sich in einem anderen Gebäude. Unsere Mäntel und Taschen hatten wir bereits an der Garderobe versorgt. So hätten wir in der Kälte ohne Jacken in das andere Gebäude wechseln müssen.Wir hätten uns einen Info- Point oder eine Person am Eingang gewünscht, von der man dieses Prozedere erklärt bekommt. Das würde auch die genervte Dame an der Kasse entlasten.  Am Beginn der Ausstellung haben wir versucht bei einem Museumsmitarbeiter zu erfahren, wo es Sinn macht mit der Ausstellung zu beginnen. Leider haben wir leider keine ""brauchbare"" Information bekommen. Auch diese Informationen  könnten an einem Infopoint an die Museumsbesucher weiter gegeben werden. Im Museum befindet sich auch ein gut sortierter Museumsshop. Hier findet man Kunstkarten, Kunstdrucke und viele Bücher zu den aktuellen Künstlern. Sehr schön ist das Angebot an Büchern über Kunst für Kinder.",40,"Oberkirch, Deutschland",Reiseart: als Paar
Erlebnisdatum: Dezember 2015,Klee und Kandinsky - schnell noch besuchen!,"Wir wollten eigentlich nur Klee und Kandinsky besuchen, welche sich im Kunstbau befindet. Absolut zu empfehlen, aber die Ausstellung endet bald. Also beeilen.Beim Ticket war noch der Eintritt für das Lenbachhaus dabei, also auch noch kurz da rein.Von wegen kurz! Das Gebäude für sich ist bereits den Besuch wert. Der Garten ist ein Ort der Ruhe und das Gebäude ist architektonisch äußerst interessant.Zudem gibt es einige Dauerausstellungen die sich zusätzlich lohnen.",40,Bodenkirchen,Reiseart: mit Freunden
Erlebnisdatum: Januar 2016,Sonderaussstellung Kandinsky-Klee,Diese Sonderaussstellung ist sehr empfehlenswert. Man sieht buchstäblich wie sich diese beiden Künstler gegenseitig inspiriert haben.,50,"Kanton Luzern, Schweiz",Reiseart: mit der Familie
Erlebnisdatum: November 2015,tolle wechselnde Ausstellungen,"Sehr schönes Museum mit vielen berühmten Exponaten (weltweit größte Blaue-Reiter-Sammlung), unbedingt empfehlenswert sind die wechselnden Ausstellungen (z.Z. Kandinsky/Klee, davor Macke/Marc)",50,"Rosenheim, Deutschland",
Erlebnisdatum: Dezember 2015,Beeindruckende Architektur und mustergültiges Museum,Ein Besuch in diesem Musuem ist unbedingt zu empfehlen; eine überaus großzügige Architektur sorgt für eine beeindruckende Wirksamkeit der Exponate,50,Bonn,Reiseart: mit der Familie
