date,title,text,rating,visitor_origin,visit
Erlebnisdatum: Januar 2020,Sehr schöner Zoo,Als Neu-Münchener hatten wir uns direkt eine Jahreskarte geleistet. Gerade bei leicht regenerischem Wetter am Wochenende immer einen kleinen Autotrip wert. Besonders ist das kleine Mäusehaus sowie die Fledermausgrotte. Auch der Streichelzoo mit den Ziegen ist gut. Trotzdem,50,"München, Deutschland",
Erlebnisdatum: Juni 2020,Unterstützungsmassnahme zu viert,"Wir haben zu viert die Online-Tickets gekauft. Wer möchte, dass es den Zoo noch gibt, sollte es auch als Unterstützungsmassnahme sehen. Wir hatten Glück mit dem Wetter, trocken und ausreichend Tiere draussen. Die Häuser waren noch zu, auch verständlich. Snack- und",50,"München, Deutschland",
Erlebnisdatum: Juni 2020,Einfach nur toll ein Besuch lohnt sich.,"Der Tierpark ist einfach nur toll. Die Anlagen mit den alten Bäumen und die Tiere einfach Klasse. Man fühlt sich so richtig wohl und möchte gar nicht mehr rausgehen. Corona machte es ja nicht möglich in Häuser zugehen, aber die Tiere waren alle draussen so hat man nicht das",50,,
Erlebnisdatum: Juni 2020,Schlimm,"Hier steht sicher nicht das Tierwohl im Vordergrund, sondern die Gewinnmaximierung. Schlimm abzusehen und sehr schade. ",10,,
Erlebnisdatum: Juni 2020,Babys unerwünscht,"Der Zoo ist wunderbar, aber für mein Baby habe ich keine Eintrittskarte mehr bekommen. Dass ich für mich und meine drei zahlenden Kinder den doppelten Eintrittspreis zahlen soll, lasse ich mir ja noch eingehen, aber dass ich mein Baby jetzt zu Hause lassen soll, da mir keiner",10,"Weiherhammer, Deutschland",
Erlebnisdatum: Januar 2020,Sehr schöner Zoo,"Als Neu-Münchener hatten wir uns direkt eine Jahreskarte geleistet. Gerade bei leicht regenerischem Wetter am Wochenende immer einen kleinen Autotrip wert. Besonders ist das kleine Mäusehaus sowie die Fledermausgrotte. Auch der Streichelzoo mit den Ziegen ist gut. Trotzdem sollte man auf den Nachwuchs aufpassen, die Ziegen können auch schon mal bockig werden.",50,"München, Deutschland",
Erlebnisdatum: Juni 2020,Unterstützungsmassnahme zu viert,"Wir haben zu viert die Online-Tickets gekauft. Wer möchte, dass es den Zoo noch gibt, sollte es auch als Unterstützungsmassnahme sehen. Wir hatten Glück mit dem Wetter, trocken und ausreichend Tiere draussen. Die Häuser waren noch zu, auch verständlich. Snack- und Imbissstationen sind offen und da nicht so viel los ist, alles entspannt. Unterstützen Sie Ihren Tierpark, wenn Sie seine Güte und die Grösse schätzen.",50,"München, Deutschland",Reiseart: mit Freunden
Erlebnisdatum: Juni 2020,Einfach nur toll ein Besuch lohnt sich.,"Der Tierpark ist einfach nur toll. Die Anlagen mit den alten Bäumen und die Tiere einfach Klasse. Man fühlt sich so richtig wohl und möchte gar nicht mehr rausgehen. Corona machte es ja nicht möglich in Häuser zugehen, aber die Tiere waren alle draussen so hat man nicht das Gefühl gehabt irgend etwas versäumt zu haben. Immer wieder gerne wir eun Besuch eingeplant wenn wir in München sind.",50,,
Erlebnisdatum: Juni 2020,Schlimm,"Hier steht sicher nicht das Tierwohl im Vordergrund, sondern die Gewinnmaximierung. Schlimm abzusehen und sehr schade.",10,,
Erlebnisdatum: Juni 2020,Babys unerwünscht,"Der Zoo ist wunderbar, aber für mein Baby habe ich keine Eintrittskarte mehr bekommen. Dass ich für mich und meine drei zahlenden Kinder den doppelten Eintrittspreis zahlen soll, lasse ich mir ja noch eingehen, aber dass ich mein Baby jetzt zu Hause lassen soll, da mir keiner weiterhelfen kann und die Eintrittskarten nicht zurückgegeben werden können, verstehe ich trotz Corona ehrlich gesagt nicht.",10,"Weiherhammer, Deutschland",Reiseart: mit Freunden
Erlebnisdatum: August 2019,Sehr schöner Zoo,"Ein sehr schöner Zoo, der immer wieder Spaß macht und Freude für Kinder und Erwachsene bietet. Wir kommen immer wieder gerne.",50,,
Erlebnisdatum: Mai 2020,Schöner Tag,Wir waren heute zu Corona Zeiten im Tierpark und haben die Zeit sehr genossen. Es war nicht so voll und man konnte fast alle Tiere ansehen. Beim Mittag essen beim Brezn Sepp saßen wir angenehm im Außenbereich.,40,"München, Deutschland",Reiseart: mit der Familie
Erlebnisdatum: Mai 2020,Schlechtes Krisenmanagement,Jahreskarteninhaber sollen angeblich ein 0 - Euro - Ticket über München Ticket erhalten. Dort werden aber nur kostenpflichtige Tickets angeboten. Folglich wird uns der Zutritt zum Tierpark mehr oder weniger verweigert. Eine Kontaktaufnahme zum Tierpark ist auch nicht möglich. Jetzt wird seitens der Tierparkverwaltung die Wertschätzung gegenüber ihren Unterstützern sichtbar.,10,"München, Deutschland",Reiseart: mit der Familie
Erlebnisdatum: August 2019,Wunderschön,"Es ist immer wieder schön hin zu gehen.Die Pfleger kümmern sich super um die Tiere, und es gibt jede Menge zu sehen",50,"Erding, Deutschland",Reiseart: mit der Familie
Erlebnisdatum: Februar 2020,Schlechter Umgang mit Kunden und reine Umsatzgier,Unfassbar wie wenig Sozialkompetenz und Feingefühl bei den Mitarbeitern des Tierpark Hellabrunn vorherrscht. Nicht zu empfehlen hier jemals auch nur einen Cent reinzustecken.,10,,Reiseart: mit Freunden
Erlebnisdatum: Dezember 2019,Museumsalternative,"Da alle anderen Museen an Silvester geschlossen haben wir uns den Tierpark Hellabrunn vorgenommen. Anreise mit U-Bahn problemlos. Schöner sonniger Tag. Waren zum ersten mal da. Schöner Zoo, leider haben sich viele Tiere aufgrund der Aussentemperaturen in geschütze Bereiche verzogen. Allerdings gibt es hier viele Großtiere. Elefanten-, Giraffen- Nashornhaus, Affenhaus sehenswert. Such die Seelöwenshow sehenswert. Zum Schluss noch Kaffee im Bayrischen Wirtshaus..In Summe empfehlenswert , nicht ganz so Großzügig angelegt wie Nürnberg, aber sehr Stadtnah.",30,"Fürth, Deutschland",Reiseart: als Paar
Erlebnisdatum: Dezember 2019,Tierpark?,"Ich war seit langer Zeit mal wieder im Tierpark. Seitdem hat sich viel getan. Aber nicht zum Vorteil der Tiere, die da leben. Mir sind vor allem die ganzen Restaurants, Cafes, Snackbars und Spielplätze aufgefallen. Ein Tierpark sollte doch in erster Linie für Tiere sein. Er sollte ausreichend Platz für Tiere schaffen, so dass sie einigermaßen ""artgerecht"" leben können. Stattdessen wird das Geld für Restaurants und Spielplätze ausgegeben. Und dann heisst es wieder, dass der Tierpark keine Gelder hat, um für die Tiere entsprechende Gehege zu bauen. Das wäre nämlich dringend nötig, so veraltet wie es im Tierpark aussieht. Beim Aquarium z.B. hat sich seit ich es kenne, überhaupt nichts verändert. Aber für Spielplätze und Umbauten von Lokalen ist Geld genug da wie es scheint. Während die Tiere in kleinen Gehegen gehalten werden, gibt es riesige Spielmöglichkeiten für Kinder. Gibt es denn für Kinder nicht außerhalb des Tierparks genug Spielplätze? Ich habe nicht den Eindruck, dass der Tierpark noch ein Platz für Tiere ist. Und ich kann mir auch nicht vorstellen, dass das Geschrei der Kinder von den diversen Spielplätzen die Tiere nicht stört. Darum sieht man wahrscheinlich auch  kaum Tiere in den Außengehegen. Ich zahle den Eintritt nicht, dass ich dann spielende Kinder sehe und auch nicht, dass dann davon Spielplätze und Restaurants gebaut werden. Dann spende ich das Geld lieber einem Tierschutzverein. Ich gehe jedenfalls nicht mehr in den Münchner Tierpark.",10,,
Erlebnisdatum: Dezember 2019,Sehr gut,"Nur zu empfehlen. Toller Tierpark, schön in die Natur eingebunden und eine abwechslungsreiche Artenvielfalt. Der Eintrittspreis ist dafür völlig ok.",50,"Waldkraiburg, Deutschland",Reiseart: als Paar
Erlebnisdatum: Dezember 2019,Ein beeindruckender Zoo,"Der große Münchener Tierpark wurde in den letzten Jahren immer wieder verschönert, neue Häuser und Areals gebaut. Es gibt ehrenamtliche Helfer/Betreuer, die herumgehen und mit den Besuchern ins Gespräch kommen. Sie erzählen dann interessante Details zu den Tieren und Gehegen und beeindrucken durch ihre freundliche Art.",50,,
Erlebnisdatum: September 2019,Immer wieder gerne,Pflichtprogramm beim München-Besuch. Einfach shön angelegter Tiergarten mit sauber angelegten Wegen und Gehegen. Schöner neuer Biergarten im neu angelegten Mühlendorf. Ansprechend gestaltet. Freundliches Personal. Faire Preise.,50,"Bedesbach, Deutschland",Reiseart: mit der Familie
Erlebnisdatum: Oktober 2019,Tierpark im Herbst,"Einfach nur traumhaft. Durch die neue Gestaltung des Tierparks mit vielen kleinen Freigehegen, Pflanzen und Natur, wirkt alles sehr natürlich und man kommt sich vor, als wenn man die Tiere ""entdeckt"" und nicht nur vor einem Käfig steht.Angenehm die diversen Lokalitäten mit Sitzgelegenheiten und vielseitigem Angebot.",50,,
Erlebnisdatum: Oktober 2019,Toller Familienausflug,"Hier war ich das letzte mal vor über 15 Jahren, da hat sich einiges getan. Ein richtig toller Zoo für die ganze Familie mit einer sehr großen Auswahl an Tieren. Der Eintrittspreis ist in Ordnung für das was geboten wird. Auch die Besucher verteilen sich schön über das Gelände. Toll finde ich den markierten Weg um einmal das kompeltte Gelände zu erkunden. Auch die Preise im Zoo halten sich im Rahmen, einziges Manko - man kann Karten zwar vorbestellen, aber nur am Postweg. Warum nicht wie überall anders zum selbstdrucken und direkt am Handy.Alles in allem ein sehr schöner Ausfug für die Familie, egal ob groß oder klein.",50,"Wals, Österreich",
Erlebnisdatum: November 2019,PKW Parkplatz,Sehr schöner Tierparkaber absolut schlechte Parkplätze in katastrophalen ZustandÜberall Tiefe Löcher,10,,Reiseart: mit der Familie
Erlebnisdatum: Oktober 2019,Immer wieder Schön,Wenn im Herbst die Blätter fallen ist es im Tierpark Hellabrunn doppelt schön. Ich würde die Fütterung der Robben empfehlen. Die Kinder hatten richtig Spaß und lachten richtig herzlich👍,50,"München, Deutschland",Reiseart: als Paar
Erlebnisdatum: August 2019,Eine reise wert.,"Wir waren zu zweit inkl.hund im tierpark.Eintritt 15 euro pro person, hund war frei soweit noch in erinnerung.Waren an einem sonntag im august bei fast 30 grad und sonnenschein während den sommerferien im zoo,daher viele familien mit kleinen kindern.Zoo ist absolut sehenswert und informativ.Für aquarianer top.man muss aber viel zeit mitbringen wenn man sich alles anschauen möchte.Preise für speisen und getränke sind für münchener verhältnisse standart.Haben etwas ausserhalb mit dem geparkt und sind entlang der isar zum zoo gelaufen.Gerne wieder,allerdings wenn keine ferien sind.",50,,Reiseart: als Paar
Erlebnisdatum: Oktober 2019,Sehr interessant,Nach einige Umbauten hat sich doch viel verändert  zb neues elefantenhaus  viele Tiere waren noch im Haus dadurch nur dort zu sehen,50,,
Erlebnisdatum: Mai 2019,"Einer der schönsten Zoos, die ich bislang gesehen habe","Der Eintritt in den Zoo ist zwar - wie bei den meisten - nicht ganz günstig, aber dafür wird auch viel geboten. Der Zoo ist sehr weitläufig, die Tiere haben große Gehege und alles wirkt sehr gepflegt. Es gibt eine große Tiervielfalt und man kann hier locker einen ganzen Tag verbringen, wenn man sich alle in Ruhe anschauen möchte. Der Zoo liegt direkt an der Isar. Hier ist ein sehr schöner Fuß- und Radweg, den man super für die An- und Abreise nutzen kann.",50,,
Erlebnisdatum: September 2019,Gemütlicher Ausflug,An unserem letzten Tag in München wollten wir noch was schönes erleben und sind zum Zoo gefahren. Parkplätze gegen Gebühr vorhanden. Die Dame an der Kasse war sehr patzig. 15 Euro pro Person fanden wir in Ordnung. Der Zoo ist sehr groß und weitläufig. Es gibt einen rundgang Führer das man alles sehen und erleben kann. Die Tiere haben sehr viel Platz und werden gut gehalten. Der Eisbär leider ohne Eis liegt halt am Klimawandel. Der Zoo ist sehr sauber und ordentlich gehalten.Das einzige was nervig war alles voll buggys. Buggy Land persönlich. Sollte verboten werden. Da es ja noch Böllerwägen gab. Das war zu viel des Guten.Im allgemeinen sehr sehenswert.,40,"Singen, Deutschland",Reiseart: als Paar
Erlebnisdatum: September 2019,Tiere schützen vor Menschen ! ,"Wir haben heute bei 25 grad Sonnenschein Hellabrunn besucht. Eintritt nicht gerade Familien freundlich und was man für über 30 Euro am Nachmittag geboten bekommt ist ein Wahnsinn. Heulende schreiende Kinder überfüllte Gehegen und Plätze. Restaurant , Eis, trinken steht schon im Vordergrund. Spielplatz und Belustigung für Kinder. Ist immernoch ein Tierpark, Zoo wo Menschen eher in Hintergrund stehen sollten. Polarwelten eine Enttäuschung , Aquarium mit innen verkratzen Scheiben eher uninteressant. Austausch mit Hagenbeck, Duisburg wäre super um sich zu verbessern. Trotz allem großes Danke Schön an die Mitarbeiter ! Ich frage mich sowieso was paar Monaten alten Kinder im Zoo zu suchen haben. Die gehören im Wald oder Park für die Eltern Ruhe und die Kinder frische Luft. Im Vergleich zum anderen Tierparks ist München sicherlich eher nicht sehenswert. Es würden sich Stadtverantwortliche gut tun zu überlegen wo all die Familien gehen sollen wenn sie Ihre Freizeit in München verbringen sollen.",20,"München, Deutschland",Reiseart: als Paar
Erlebnisdatum: September 2019,schöner Zoo,der Zio ist sehr nett und ich denke sehr gut geführt. was unheimlich stört ist das nicht nachhaltig in der gastronomie gearbeitet wird. überall nur Plastikflaschen. es ist nicht möglich alkoholfreie getränke ohne plastkflasche zu kaufen. das wäre billiger und umweltfreundlicher. sollte bei einem business welches von der Natur lebt bedacht werden. gruß Albert Ehrenreich,10,"Fließ, Österreich",Reiseart: mit der Familie
Erlebnisdatum: September 2019,Tierwelt,Hellabrun - ein schöner Tag dem man sich gönnt. Liebevoll gepfelgte Anlagen und Gehege für die vielen Tiere.Eune erlebniswekt für sich.,40,"Frankfurt am Main, Deutschland",
Erlebnisdatum: September 2019,"Schöner ""Zootag""",Ein Besuch im Tierpark Hellabrunn ist zu empfehlen. An Zeit sollte auf jeden Fall zwischen vier und fünf Stunden eingeplant werden. Der Eintrittspreis ist völlig in Ordnung. Schließlich fallen immense Kosten an. Die Auswahl und Anzahl der Tiere ist schön und ausreichend. Ebenfalls profitiert der Zoo von seiner Lage in der Stadt. Der natürliche Wasserlauf innerhalb des Zoos hat was. Kinder hatten ihren Spaß. Wir sind mit dem Auto angereist und haben auf P 1 für 4 Euro/Tag geparkt. P 1 und P 2 sind fussläufig ohne Probleme zu erreichen.,40,"Koblenz, Deutschland",Reiseart: als Paar
Erlebnisdatum: Mai 2019,Sehr schöner Zoo,Die symphatische Ubahn Werbung erinnert einen immer den schönen Zoo einmal wieder zu besuchen. Es ging grössere und spektakulärere Zoos. Hellabrunn ist aber auch einen Besuch wert.,40,"Zülpich, Deutschland",Reiseart: allein
Erlebnisdatum: August 2019,Toller Familienausflug mit Kind,"Wenn man mit einem Kleinkind unterwegs ist, sollte man sich, sofern man keinen Buggy mit hat, einen kleinen Bollerwagen an der Kassa für €5,- mieten.Bis 17:45 ist der dann wieder zurückzubringen.Fütterungszeiten sollte man sich raussuchen, da das sehr interessant ist, weil sich dann  auch etwas rührt. Unbedingt 6Std. einplanen. Man kann bei manchen Gehegen sitzen und essen und sich vom spazieren erholen.",40,"Salzburg, Österreich",
Erlebnisdatum: August 2019,Super Schön,Die Preise waren wirklich ok. Die Auswahl an den Tieren war Artenreich. Und die Tiere haben es echt schön dort. Wir waren begeistert.,50,"Wolfurt, Österreich",
Erlebnisdatum: Juni 2019,Überteuerter Spaziergang,"Obwohl dies auf der Webseite steht wurde uns mit der München Card kein Rabatt gewährt. Der Zoo ist groß und weitläufig. Meiner Meinung nach nur wenige Tiere, der Besuch lohnt sich für den Preis nicht wirklich, da es kaum etwas zu sehen gibt.",20,"Oberhausen, Deutschland",
Erlebnisdatum: Juni 2019,Ein Tierpakr für kleine und große Kinder,Mir der U Bahn sehr leicht zu erreichen . Der Tierpark ist in den letzten Jahren immer wieder erneuert worden und ist auch sein Eintritts Geld wert.,50,"München, Deutschland",Reiseart: mit der Familie
Erlebnisdatum: Juli 2019,Toller Zoo mit vielen Tieren,"So stelle ich mir einen Zoo vor, gepflegte Anlage, die Pfleger erzählen auch einiges zu den Tieren bei den Fütterungen. Schöne Infotafeln mit interessanten, Kompakten Informationen zu den Tieren. Eintrittspreise finde ich vollkommen okay.",50,,Reiseart: als Paar
Erlebnisdatum: Juli 2019,Tiere hautnah erleben,"Ein wunderbar erholsamer Tag im Tierpark Hellabrunn, sehr viel Grün, gepflegte Anlagen, hier kann man den ganzen Tag verbringen!",50,"Lappersdorf, Deutschland",Reiseart: allein
Erlebnisdatum: Juli 2019,Toller Tag im Zoo ,Es ist ein sehr toller Zoo. Die Tiere haben sehr viel Platz und die Zoo-Anlage ist gepflegt und sehr schattig.Gerade an warmen Tagen lohnt sich der Ausflug dahin.,50,"Norden, Deutschland",Reiseart: mit der Familie
Erlebnisdatum: August 2018,Sehenswerter Zoo,"Ein sehr schöner Zoo mit gepflegten Tiergehegen. Man kann einen ganzen Tag hier verbringen weil es soviel zu entdecken gibt. Sehr kompakt aufgebaut und parkähnlich angelegt. Eintritt im Verhältnis absolut okay. Fazit, eine sehr schöne Anlage wo man viele Tiere bestaunen bzw. beobachten kann. Ich war an einem Donnerstag hier, es war gut besucht aber nicht überlaufen.",50,"Ibbenbüren, Deutschland",Reiseart: als Paar
Erlebnisdatum: August 2018,Sehr interessant ,"Uns gefällt es immer wieder zu kommen. Sehr große Zoo, man kann hier ganze Tag verbringen. Ich finde für meiste Tiere gerecht Haltung, große Wiesen so das man nicht jedes Tier sehen kann außer man hat Glück. Wenn Sie München mit Kindern  besuchen dann ist es ein muss.",50,"Kempten, Deutschland",Reiseart: mit der Familie
Erlebnisdatum: Juli 2019,Toller Tag im Zoo! ,"War mit der Familie dort, 2 Kinder 7+10, verbrachten über 5h im Zoo! Die Zeit verging wie im Flug. Die Gliederung der Gehege sowie die Anordnung der Info Stationen mit den Spielplätzen ist super gelungen! Saubere Gehege - Gesunde und gepflegte Tiere. So macht Zoo Spaß!",50,"Innsbruck, Österreich",Reiseart: mit der Familie
Erlebnisdatum: Juli 2019,Toller Familientag,"Tja, was solll man sagemSchattiger Zoo, weitläufig und breite Wege, ideal für Rolli oder Kinderwagen, so dass es auch am Woichenende verläuft, Freundliches Personal, die auch Frasen beantworten (können), Die sanitären Einrichtugnen sind sauber, auch Nachmittags. Parken ums Eck für nur 4€ am Tag.Die Gastrobereiche werden gerade sehr aufwendig und freundlich neugestaltet, so z.B, der neue Taogarten mit europ. und asiat. Küche.Sofort wieder :-)",50,"Stuttgart, Deutschland",Reiseart: mit der Familie
Erlebnisdatum: Mai 2019,Besonders interessanter Geozoo,"Zunächst ärgerten wir uns um die sehr begrenzte Anzahl an Parkplätzen. Entschädigt haben uns dann aber die ohne Ausnahme gepflegten Anlagen. Und besonders interessant macht den sog. „Geozoo“, dass die Tiere nach ihrer Herkunft aus den verschiedenen Kontinenten gezeigt werden. Insbesondere dies unterscheidet ihn sehr positiv von vielen anderen, die wir kennen.",50,"Stuttgart, Deutschland",Reiseart: mit Freunden
Erlebnisdatum: Juni 2019,Exzellent organisierter Tierpark,"Extrem gute Struktur: Themenlandschaften mit Gemeinschaftsgehegen entsprechend der Herkunft der Tiere.Auch die Fressbuden sind entsprechend dieser Location aufgebaut! Mal gibt es asiatisches Essen, mal Pommes und Wurst und in der Alpen-Alm gibt es einen BioLaden, wo man Brotzeit und anderes bekommt.So eine kreative Zoo-Gestaltung ist phänomenal!Den Tieren scheint es sehr gut zu gehen. Die Gehege können immer größer sein, aber im Vergleich zu anderen Zoos bekommen die Tiere hier adäquaten Raum. Fazit: Ein MUSS für Tierpark-Interessierte.",50,"Nürnberg, Deutschland",Reiseart: als Paar
Erlebnisdatum: Mai 2019,Ein toller Tag mit meinem Sohn (12) und meinen kleinen Neffen (2),"Wenn wir in München zu Besuch sind gehen wir auch immer gern in den Tierpark. Meistens gehen wir unter der Woche, da es am WE mitunter sehr voll sein kann. Der Park und die Anlagen sind sauber und gepflegt. Die 2 Abenteuerspielplätze sind neben den Tieren immer ein Highlight.",50,"Seligenstadt, Deutschland",Reiseart: mit der Familie
Erlebnisdatum: April 2019,Mein Besuch bei Tierpark,"Das Tierpark Hellabrunn ist im Prinzip wie jeden anderen Tierpark.Man kann kommen,und das Besuch beim Tierpark ist interessant,weil das Tier Leben ist einfacher als das Menschliche Leben,weil die Tieren leben nach ihren Natur,und haben keinen Bedürfnisse wie wir Menschen,und so wenn man die Tieren anschauen,ist man entspannter und so ist das Besuch interessant,weil man kann vergessen das Problem im Alltag,durch die Gleichgültigkeit der Menschen und Konkurrenzen Denken,Ist empfehlenswert einen Besuch zu machen.",40,,Reiseart: allein
Erlebnisdatum: Juni 2018,Flamingo-Feeling,"hab mal ums Eck am Greinerberg gewohnt und meine Großtante hatte eine Jahreskarte. Bin mit meinem dreijährigen Sohn zum Hirschgehege und er sagt ""Mama, der Hirsch hat aber ein großes Gehirn"" (Gehörn)",50,,Reiseart: geschäftlich
Erlebnisdatum: April 2019,"Ein schöner Zoo, an schönen Tagen sehr überfüllt","Wir waren an einem sonnigen Tag in den Ferien da, dadurch war der Zoo sehr voll und an den Kassen bildeten sich lange Schlangen. Ansonsten ist der Zoo sehr lohnenswert, an einigen Stellen werden neue Gehege gebaut, darauf darf man sich schon mal freuen.",40,"Bad Aibling, Deutschland",Reiseart: mit der Familie
Erlebnisdatum: Mai 2019,Schönes Ausflugsziel,"Schönes Gelände, gut beschildert. Preis-Leistungsverhältis ist okay. Es gibt genügend Einkehrmöglichkeiten. Ein Besuch lohnt sich auf jeden Fall. Wir waren knapp 4 Stunden unterwegs im Zoo.",50,,Reiseart: mit Freunden
Erlebnisdatum: April 2019,Für einen Zoo eine schöne Anlage,"Schöne Anlage, Tiere wirken gepflegt und entspannt. Freue mich daher immer über einen Besuch dort, gute Fotolocation!",40,"Hamburg, Deutschland",Reiseart: allein
Erlebnisdatum: April 2019,"Schöner Tierpark, nur schlechte Organisation an der Kasse","Ein toll angelegter Zoo, in dem sich auch größere Menschenmengen gut verlaufen. Schöne Wege. Der gut ausgeschriebene Rundweg führt an allen Gehegen vorbei.Auch die vorhandene Gastronomie bietet für jeden Geschmack etwas.Faire Preise (Eintritte, Getränke, Essen, etc.). Einziges Manko: die Kasse! Am Karfreitag war natürlich viel los, aber vor den Kassen (es waren leider nur 3 geöffnet) stand ein großer Pulk Menschen. Nach 30min Wartezeit wurde endlich noch eine vierte Kasse geöffnet.Hier könnte man durch bessere Organisation (oder z.B. online Tickets) die Wartezeit verkürzen.",40,,Reiseart: mit der Familie
Erlebnisdatum: April 2019,Schöner Tierpark!,"Schönes Areal, gepflegte Gehege.Genügend Einkehrmöglichkeiten.Preis / Leistung OK.Einen Besuch wert!",50,"Sankt Marein bei Graz, Österreich",Reiseart: als Paar
Erlebnisdatum: April 2019,Ein toller Tierpark,Dieser Tierpark ist einer der schönsten. Naturnahe Gehege und viele Arten an Tieren in parkartiger Natur. Sehr zu empfehlen für Familien.,50,"Bayern, Deutschland",Reiseart: mit der Familie
Erlebnisdatum: April 2019,Wunderschön ein Rendezvous mit Lemuren,"Wir wollten etwas besonderes. Also hatten wir ein Rendezvous mit Lemuren. Dieses einzigartige Erlebnis können wir nur empfehlen. Man bekommt einen Einblick hinter die Kulissen, vom Schlafplatz bis zur Fütterung. Dann kommt das Highlight mit 2 Personen gehst direkt rein ins Gehege und du kannst füttern, schmusen und zum Schluss bekommst du dein Handy wieder mit über 150 Fotos. Danke an die Tierpflegerin Marion für die schöne Zeit!!!!Den Zoo haben wir uns natürlich auch angeschaut. Viel Zeit sollte man einplanen, denn er ist gross und sehr schön angelegt. Die Tiere werden nicht nur ""gehalten"" sondern auch beschäftigt und mit Fütterungsspielzeug gefördert. Der Gesamteindruck ist super. Alles wirkt sauber und an jeder Ecke sind Plätze zum Ausruhen und Essen. Macht weiter so.",50,"Augsburg, Deutschland",Reiseart: als Paar
Erlebnisdatum: April 2019,"Schöner Zoll, toller Tag",Wir haben schon einige Zoos uns angesehen und Hellabrunn gehört zu den schöneren.  Mann kann hier sehr gut  den Nachmiitag verbringen.,40,"Alsfeld, Deutschland",Reiseart: mit der Familie
Erlebnisdatum: März 2019,Toll geworden und immer wieder wird überall alles nettes und artgerechter gestaltet,"Nachdem ich länger nicht im Zoo war, war es heute so weit. 10 Uhr dort, alles völlig entspannt und ruhig. Die 15 Euro Eintritt für Erwachsene lohnen sich, die Weiterentwicklungen und Baumaßnahmen der letzten Jahre zahlen sich aus. Die Anlagen und Gehege sind top gepflegt, was man den Tieren ansieht. Die Tierpfleger machen einen super Job, auch bei der Kommentierung der Fütterungen. Obwohl es frisch war heute, waren die meisten Tiere draußen und aktiv.",50,"München, Deutschland",Reiseart: allein
Erlebnisdatum: März 2019,nett und sehr viel Andrang,"Da der Tag unseres Besuches auch der seit langem freundlichste und wärmste Tag war, waren im Tierpark auch entsprechend viele Menschen unterwegs. Die beiden Parkplätze waren schon um 10 Uhr fast völlig belegt. Trotzdem verläuft sich die Menschenmenge im weitläufigen Gelände, wenn man erst mal drin ist. Die Wartezeit an den Kassen war trotz Schlangen nur kurz (10 min). Der Tierpark selbst ist gut ausgeschildert, man kann die Tierarten dank Plan gut finden. Für die Kinder gibt es einen Spielplatz, Streichelzoo, einen Auto-Parcours und eine Eisenbahn. Es gibt genügend Toiletten und Möglichkeiten der Einkehr.",40,"Mohlsdorf, Deutschland",Reiseart: mit der Familie
Erlebnisdatum: März 2019,"Immer wieder sehr, sehr schön!","Weil es so schön ist, wollen auch viele hin. Am Wochenende gnadenlos überlaufen, mit heftigen Schlangen an den Kassen und keine Chance auf Parkplätze. Leider keine Online-Tickets. Tipp: Beim Brezn-Sepp im Tierpark geht es nicht ganz so schlimm zu, wie in den anderen Ess-Stationen - netter Biergarten mit sehr guten bayerischen Gerichten.",40,"München, Deutschland",Reiseart: mit der Familie
Erlebnisdatum: März 2019,Immer wieder schön,"Wir waren mal wieder hier, da es Samstag war und das Wetter nur mäßig schön. Wir waren überrascht das doch so viele Tiere zu sehen waren, trotz der Jahreszeit. Das letzte mal als wir da waren zahlten wir für den Eintritt 12 oder 12,50€ mittlerweile ist der Eintritt auf 15€/ Erwachsene angestiegen. Mit einer kleiner kleinen Familienkarte haben wir wenigstens noch ein paar Euro gespart. Im Gegensatz zu anderen Zoos ist es trotzdem noch moderat. Wir waren ganz gespannt auf das Elefantenhaus, das war bei unserem letzten Besuch noch im Bau.Da waren wir etwas enttäuscht, es wirkt für die Riesen Tiere viel zu klein. Ich hoffe das die Tiere im Winter auch mal da raus dürfen.Den Kindern hat es wie immer gefallen das ist die Hauptsache.",40,"Garmisch-Partenkirchen, Deutschland",Reiseart: mit der Familie
Erlebnisdatum: August 2018,Toll,"Ja was soll man noch über unseren super Tierpark schreiben, meine Vorredner finden ihn ja genau so super wie ich.Daher macht einfach weiter mit eurer super Arbeit, und danke für die vielen tollen Stunden die ich bei euch schon verbringen durfte. Früher als Kind und jetzt als Papa.;-)",50,"München, Deutschland",Reiseart: mit der Familie
Erlebnisdatum: Oktober 2018,Zoo mit Tieren aus aller Welt,"Das ist ein schöner lehrreicher Zoo, sehr übersichtlich, tolle Gehege und fußläufig gut zu bewältigen. Für jeden ist etwas geboten, ob allein, zu zweit oder mit der Familie, Freunden.",50,,Reiseart: mit Freunden
Erlebnisdatum: März 2019,Nicht jetzt besuchen,"Für 15 Euro gab es definitiv nicht viel zu sehen, ganze Bereiche waren gesperrt, die Vogelflugshow gabs auch nicht, den Wölfen war es wohl noch zu kalt, den Eisbären zu warm, keine Affen, keine Steinböcke. Traurig. Im Sommer mag das ja eine Topadresse sein, aber jetzt Ende Februar, bzw. Anfang März ist tote Hose. Dann sollten sie den Park entweder schließen oder billigere Karten abgeben.",30,"Grünwald, Bayern, Germany",Reiseart: mit der Familie
Erlebnisdatum: Februar 2019,Wundervoll,Ich liebe den Tierpark Hellabrunn. Es gibt so viel zu sehen und auch jetzt im Februar sieht man fast alle Tiere.,50,"Südtirol, Italien",Reiseart: mit Freunden
Erlebnisdatum: Februar 2019,Anreisetipp Zoo,An Sonn- und Feiertagen gibt es einen Expressbus vom Bahnhof München zum Zoo. Kein Parkplatzstress - Zoo ist wunderschön - so macht´s Spaß...,50,Österreich,
Erlebnisdatum: Februar 2019,Nette Abwechslung,Auch für Erwachsene stellt der Besuch eine nette Abwechslung zur Großstadt dar. Die Gehäge bzw der gesamte Zoo sind sehr sauber und werden interessant präsetiert.,40,"Innsbruck, Österreich",Reiseart: allein
Erlebnisdatum: Februar 2019,Schöner Zoo,"Der Tierpark Hellabrunn liegt leicht ausserhalb von München, ist aber mit der U3 super leicht zu erreichen. Der Eintritt ist mit 15 Euro pro Erwachsenem sehr angemessen. Der Tierpark ist sehr liebevoll gestaltet und vor allem auch informativ. Es gibt zu jedem Tier am Gehege eine Kurzbeschreibung (in Deutsch und Englisch). In den einzlnen Häusern sind zudem noch weitere Infos, auch sehr kindergerecht zusammengefasst.Auf dem Gelände gibt es mehrere Restaurants/Imbisse, in welchen vor allem Standard-Menues (Schnipo, Currywurst etc.) angeboten werden. Durch die vielen Bäume gibt es zudem auch genügend Schattenplätze.",50,Schweiz,Reiseart: als Paar
Erlebnisdatum: Januar 2019,Zu jeder Jahreszeit schön ,Habe eine Jahreskarte für den Tierpark. Gehe sehr gerne dort spazieren. Besonders im Winter hat der Park eine wunderschöne ruhige Atmosphäre. Es gibt immer wieder neues zu entdecken,50,,Reiseart: als Paar
Erlebnisdatum: Januar 2019,Schönes Ausflugsziel besonders im Winter!,"Ich war mit meinem Partner im Januar 2019 zu Besuch im Tierpark. Es lag bereits Schnee und es hat auch weiterhin den ganzen Tag geschneit. Ich kann einen Besuch unter diesen Bedingungen nur empfehlen! Viele Tiere stört der Schnee nicht, sie wagen sich trotzdem nach draußen. Die meisten Tiere, denen es draußen nicht gefällt, kann man jedoch in den jeweiligen Häusern im Innengehege betrachten. Insgesamt waren vielleicht 4 oder 5 Tiere gar nicht zu sehen. Warm anziehen und richtiges Schuhwerk tragen ist wichtig, sonst wird es schnell zu kalt! Und man sollte sich wirklich den ganzen Tag Zeit für diesen Besuch nehmen. Das besondere bei diesem Wetter ist, dass nahezu keine anderen Personen im Tierpark sind. Es ist sehr ruhig und man kann jedes Tier ganz in Ruhe beobachten. Besonders lustig ist es, wenn die Tiere anfangen, mit dem Schnee zu spielen oder nach dem Schnee zu schnappen. Es war ein sehr angenehmer und entspannender Besuch!",50,,Reiseart: als Paar
Erlebnisdatum: Januar 2019,Schöner Tagesausflug,"Ich liebe unseren Münchner Tiergarten- das neue Mühlendorf steht für ein neues Konzept und ich finde die Idee klasse! Die Verpflegung ist gut, sanitäre Anlagen sind in ausreichender Zahl vorhanden und sauber.",50,"Augsburg, Deutschland",Reiseart: als Paar
Erlebnisdatum: Januar 2019,Toller Tierpark,"Sehr schöne Gehege und Anlagen für die Tiere, viele Tiere befinden sich in einem Gebäude weshalb ein Besuch im Winter sehr angenehm ist. Sehr zu empfehlen. Besonders für Kinder gibt es hier eine große Auswahl an Kletter- und Spielmöglichkeiten.",50,"Frankfurt am Main, Deutschland",Reiseart: als Paar
Erlebnisdatum: Dezember 2018,Münchner Institution,Der Tierpark Hellabrunn ist eine Institution in München und seit meiner Kindheit gehe ich sehr gerne hin. Er ist sehr groß und daher auch wirklich lohnend.,50,"München, Deutschland",Reiseart: allein
Erlebnisdatum: September 2018,Der Schönheit der Stadt angemessen,"Als einer der größten Tiergarten Europas bietet Hellabrunn für jedes Kind und jeden Erwachsenen genau des Richtige. Das in 2018 neu eröffnete Mühlendorf zeigt gerade auch deutsche Haustiere, während der Tierpark insgesamt hervorragende Auswahl an exotischen Tieren in einem äußerst gepflegten Ambiente bietet.",50,"München, Deutschland",Reiseart: mit der Familie
Erlebnisdatum: Dezember 2018,"Grosser Zoo, allerdings",Im Winter mit deutlich zu hohem Eintritt. Gerade Umstrukturierung mit einigen Baustellen. Traumhafte Anlage mit viel Wasser und tollen Anlagen.,40,"Dresden, Deutschland",Reiseart: mit der Familie
Erlebnisdatum: November 2018,ZOO im Herbst hat auch mal etwas für sich,"Ich war eine Woche in München und bekam knapp nach der Hälfte der Zeit Probleme, was ich noch in München und Umgebung unternehmen könnte und entschied mich dann für den Tierpark Hellabrunn.Die Besucherzahl hielt sich in Grenzen. Vielleicht kann man das, was ich gesehen habe, auch den anderen Rest des Jahres sehen. Was mir eine gewisse Freude bereitet hat waren die meiner Meinung nach neugierigen Königspinguine, zwei miteinander kämpfende halbwüchsige Robben (so wie die ihr Scheingefecht mit angedeuteten Bissen und dem verschieben ihrer Massen), ein in der Anlage dösendes Panzernashorn (bei 14°C), einem Augsburger Hahn, der von einer seiner Hennen ständig getrietz und verfolgt wurde und noch ein paar andere Sachen.Bei den gut besuchten Pelikanen konnte ich es mir nicht verbeißen, was für heimtückische Vögel das sein können.",40,"Kronberg im Taunus, Deutschland",Reiseart: allein
Erlebnisdatum: August 2018,Immer wieder auf's Neue ein Erlebnis für jung und alt,"Schon seit meiner Kindheit besuche ich den Tierpark Hellabrunn in München immer mal wieder und nun war es endlich so weit, dass ich auch meiner kleinen Tochter die Welt der Tiere zeigen wollte. Auch wenn zur Ferienzeit viel los war an der Kasse, einen schöneren Ausflug kann man mit Kindern die Tiere lieben in München kaum machen. Und es tut sich auch immer was, ganz neu ist jetzt das Mühlendorf, auf dem das Landleben und die Nutzviehhaltung gezeigt werden.",50,"Bad Tölz, Deutschland",Reiseart: mit der Familie
Erlebnisdatum: November 2018,auch im Herbst wunderschön,auch im Herbst sind die Spaziergänge in Hellabrunn wunderschön. Zuerst war es trüb und langsam kam die Sonne durch. Wir kommen immer sehr früh hierher und gehen stramm durch den Zoo. Ich liebe die Spaziergänge zu jeder Jahreszeit und Dank unserer Jahreskarte kommen wir fast wöchentlich hierher.,50,"München, Deutschland",Reiseart: mit Freunden
Erlebnisdatum: November 2018,Toller Ausflug in die Welt der tier,"Der Zoo Hellabrunn ist einer der schönsten und informativsten Tierparks die ich bis jetzt besucht habe. Informative Führung, spannende Geschichten. Planen sie genügend Zeit ein, am Besten den ganzen Tag",50,"Celerina, Schweiz",Reiseart: mit der Familie
Erlebnisdatum: November 2018,Wunderschöner Ausflug bei goldener Herbstsonne,"Beeindruckend, was dieser großartig angelegte Tierpark alles zu bieten hat.Wir würden jederzeit wieder reingehen!Unsere 6 Stunden dort sind wie im Flug vergangen und wir haben doch nicht alles geschafft, weil wir an einigen Stellen sehr intensiv mit beobachten und ausprobieren beschäftigt waren.Wer in München wohnt, sollte sich auf jeden Fall die Familien-Jahreskarte holen 😊",50,"Regensburg, Deutschland",Reiseart: mit der Familie
Erlebnisdatum: November 2018,...einfach genial,"wir hatten einen wunderbaren tag im münchner zoo - die 5 stunden sind wie im ""fluge"" vergangen! es war einfach sensationell...",50,"Dornbirn, Österreich",Reiseart: mit der Familie
Erlebnisdatum: November 2018,Einer der schönsten Zoos,"Mit der U3 können Sie direkt zum Zoo (Haltestation Thalkirchen) anreisen. Preise liegen für Erwachsene bei 15.00 € und Kinder ab 4 Jahre zahlen 6.00 €. Die Tiere haben wirklich schöne und gepflegte Gehege. Elefanten, Löwen, Giraffen und sogar Pinguine und und und sind zu besichtigen . Eltern können für 5.00 euro einen Bollerwagen leihen. Sehr tolles Ausflugsziel. Der Zoo in München ist aus meiner Sicht einer der Schönsten.Gerne wieder.",50,"Selm, Deutschland",Reiseart: mit der Familie
Erlebnisdatum: Oktober 2018,Wunderbarer Tag im Tierpark,Sehr schön angelegte und sehr gepflegte Anlage.Man kann hier eine ganzen Tag verbringen.Sehr gute Info-Tafeln über die Tiere sowie sehr gute Informationen von den Tierpflegern zu bestimmten Zeiten.,50,,Reiseart: als Paar
Erlebnisdatum: Oktober 2018,Bester Zoo für mich bis jetzt!,"Ich bin wirklich begeistert von diesem Zoo! Tolle Parkanlage, viele Einkehrmöglichkeiten, unterschiedlichste Spielplätze und außerdem finde ich auch, dass die Tiere tolle und annebar große Gehe haben. Bis auf ein paar wenige Ausnahmen finde ich. Den Bauernhof habe ich auch absolut klasse gefunden! In allem ist Hellabrunn zu meinem Lieblingszoo geworden. Er hat mir am besten gefallen von den Zoos, die ich bereits besucht habe. :) Ich werde sicher wieder einmal hingehen, wenn ich nach München reise.",50,,Reiseart: als Paar
Erlebnisdatum: Oktober 2018,Sehr schöner Tierpark,"Die Hellabrunn ist ein sehr schöner Tierpark. Die Gehege sind toll und größtenteils möglichst artgerecht angelegt. Die beiden Löwen hatten etwas wenig Platz und liefen permanent im Kreis. Doch eine neue Löwenanlage ist in Planung. Der Tierpark ist sehr sauber, durch die gute Wegführung sehr übersichtlich und aufgrund der vielen Bäume sehr natürlich. Unser Fazit: egal ob jung oder alt, im Tierpark Hellabrunn kann jeder einen wunderschönen Tag verbringen. Wir empfehlen jedem den Besuch!",50,"Wetzlar, Deutschland",Reiseart: als Paar
Erlebnisdatum: Oktober 2018,Tierpark der besseren Art,"Dieser Tierpark hat uns begeistert. Die Tiere wirken alle sehr gepflegt. Die Gehege sind größten Teils weitläufig und schön angelegt. Hier wird den Tieren so viel wie möglich Platz geboten, und das spürt man bei dem Verhalten der Tiere, dass diese sich wohl fühlen. Die beiden Löwen sahen aus wie aus dem Photoshop ;-) Tolle Mähne, gepflegtes Fell, einfach schön anzusehen. Auch den Eisbären geht es gut in ihrem Gehege. Wir konnten zusehen, wie einer der Eisbären total begeistert mit einem Ball gespielt hat. Das zeigt, dass die Tiere gut behandelt werden. Der ganze Park ist weitläufig angelegt mit schönen Wegen zwischen den einzelnen Gehegen. Man sollte schon 5 Stunden Zeit mitbringen, wenn man in Ruhe alles anschauen möchte. Für Verpflegung ist ausreichend gesorgt. Es gibt mehrere Kioske, Biergärten und Imbisse. Die Preise dort sind fair. Wir können den Tierpark absolut empfehlen.",50,Plüderhausen,Reiseart: als Paar
Erlebnisdatum: Oktober 2018,Sehr schön ,"Wir hatten das Glück dass wir Wochentags ausserhalb der üblichen Ferien dort waren. Demzufolge hatte es recht wenig Gäste und man kam voll auf die Rechnung. Der Zoo ist in einem schönen Park. Die Auswahl der Tiere ist recht gross wobei darauf geachtet wurde, dass trotz des grossen Platzbedarfs einzelner Tiere man sie trotzdem zu Gesicht bekam. Speziell erwähnenswert sind die Falknerei, das Aquarium und das Restaurant. 3 Greifvögel wurden präsentiert, Steinadler, Uhu und Schleiereule. Das Aquarium hat eine recht grosse Auswahl an Fischen. Das Restaurant hat im Vergleich zu anderen Attraktionen in München eine gute und gesunde Küche. Der Preis ist zwar höher, dafür schmeckt es auch.",40,,Reiseart: mit der Familie
Erlebnisdatum: Oktober 2018,"Tiere aus nah und fern, ja die sehe ich gern","Schöne Anlage, mit so weit möglich Tiergerechten Gehegen. Sehr viele Bäume und Pflanzen, so das man nicht immer in der prallen Sonne laufen muss.",40,"Öhringen, Deutschland",Reiseart: mit der Familie
Erlebnisdatum: Oktober 2018,Wunderschöne und gepflegte Anlage,"Die Anreise ist mit der U3, Station Thalkirchen, am unbeschwertesten u. der Spaziergang zum Zoo nicht weit u. mit schöner Sicht auf die Isar. Der Eintritt für Erwachsene mit 13 EUR ist absolut in Ordnung. Mit dem Ticket erhält man einen sehr guten Plan, der auch Fütterungszeiten, Trainings, etc. beinhaltet. Das gesamte Personal im Tierpark war sehr freundlich u. die Gehege sehr gepflegt. Alle Gehege sind zweisprachig u. sehr gut beschildert.In der Anlage gibt es ausreichend u. gut verteilt Gastronomiebetriebe wie Cafe, Bistro, Fish&Chips, einen Bioladen, Toiletten, Spielplätze u. Plätze zum Rasten.",50,"Oberösterreich, Österreich",Reiseart: allein
Erlebnisdatum: September 2018,Schöner Park,"Der Tierpark ist schön aufgebaut, hat sehr viel Wald und Grünfläche und ist immer gut besucht. Der Park selbst wird vom Personal stets sauber gehalten. Für Kinder gibt es diverse Spiel- aber auch Lernmöglichkeiten. Es gibt mehrere Restaurants, allerdings hat man je nachdem wo man sich befindet, auch mal den nicht so angenehmen Geruch der Tiere beim Essen. Es gibt hier viel zu sehen. Leider sind nicht alle Besucher rücksichtsvoll und daher wird dann doch viel mit Blitz fotografiert oder unnötiger Lärm gemacht. Für die Tiere ist das nicht so toll.",30,,Reiseart: als Paar
Erlebnisdatum: Mai 2018,Immer was Neues!,"Immer ein schönes Erlebnis in Tierpark Hellabrunn,bin ca,4 bis 6 mal im Jahr da .Sehr schön Gehegen,und sauber.",50,"München, Deutschland",Reiseart: als Paar
Erlebnisdatum: September 2018,Urlaub in München,"Es sind vielleicht 2 Jahre vergangen seit unserem letzten Besuch, aber es ist viel passiert. Genial was an Zäunen, viel mit Holz oder Bambus, viel mit Bepflanzungen hier gemacht wurde. Man hört und liest immer nur von den Tiergehegen, aber man muss das drumherum sehen, das kleine, das unscheinbare... Betonboden mit Tierspuren oder Blattspuren... Da hat sich echt wer Gedanken gemacht. Hut ab - sehr gelungen... Dieser Tierpark ist einzigartig ❗",50,"Dachau, Deutschland",Reiseart: als Paar
Erlebnisdatum: Juli 2018,"Wunderschön angelegter, großer Tierpark in München :)","Hier werden sehr viele Tiere in einer sehr schön gestalteten Umgebung gezeigt. Die Aufteilung nach Kontinenten (als Geo-Zoo) ist super. Unser Highlight war die Fledermaushöhle, in der die Fledermäuse frei um einen herum fliegen *-*Die Safari und Affenhäuser sind auch sehr schön, auch die Lemuren hatten gerade Nachwuchs als wir im Zoo waren.Der Zoo wird weiterhin ausgebaut und umgestaltet. Hier kann sehr kurzweilig viele Stunden verbringen :)",50,"München, Deutschland",Reiseart: mit Freunden
Erlebnisdatum: August 2018,Ich liebe diesen Tierpark ,Hellabrunn ist einfach toll und ich bin seit meiner Kindheit ein treuer Tierpark Besucher. Mittlerweile besitzen eine Jahreskarte (49€) was ich jedem Münchner nur empfehlen kann. Man kann zur jeder Jahreszeit was neues entdecken und es wird niemals langweilig.,50,"Bayern, Deutschland",
Erlebnisdatum: August 2018,Empfehlenswert,"Empfehlenswerter Tierpark.Die Eintrittspreise sind im Rahmen.Bei gutem Wetter bekommt man schon ziemlich viele Tiere zu sehen,was für Kinder natürlich ein absolutes Muss ist.Die Greifvogelshow ist auch recht interessant.Alles in allem ein Park, der sich für einen weiteren Besuch lohnt.",40,"Aalen, Deutschland",Reiseart: mit der Familie
Erlebnisdatum: August 2018,"Tolle, große Gehege - zentral gelegen - eine Perle mitten in München","Der Tierpark Hellabrunn ist eine Oase mitten in München. Die Gehe sind groß und modern, der Park vermittelt Wissen ohne zu belehren. Mit der U-Bahn schnell und einfach erreichbar. Günstiger Eintritt.",50,Regensburg,Reiseart: mit Freunden
Erlebnisdatum: August 2018,Ein lohnender Besuch im Tierpark Hellabrunn,"Der Tierpark Hellabrunn im Landschaftsschutzgebiet der Isarauen gelegen ist für mich der schönste der bisherigen besuchten Zoos. Ein Zoo, der seine Aufgabe ernst nimmt. Der Tierpark Hellabrunn versteht sich wie auf der Internetseite Hellabrunn.de geschrieben, als Bildungs- und Naturschutzeinrichtung. Und der Tierpark unterstützt auch weltweit verschiedene Artenschutzprojekte. Das kann ich sehr begrüßen und es freut mich, dass sich diesbezüglich viel getan hat. Das Dschungelzelt und die Großvoliere sind wunderschön, das neu gestaltete Elefantenhaus grandios. An vielen Infoständen kann man sich über  Artenschutz informieren. Nicht nur im Sommer sondern auch in den anderen Jahreszeiten wo es etwas ruhiger hergeht kann man da die Tierwelt bestaunen und die Seele baumeln lassen. Es waren viele notwendige Bauarbeiten die letzten Monate. Das neue Mühlendorf ist jetzt zu bestaunen und die Polarwelt wieder zugänglich. An der Gastronomie gäbe es meiner Meinung nach noch etwas zu verbessern (Preise und Angebot) aber dann sucht man sich halt das passende raus. Hauptsächlich bin ich wegen der Tiere dort (über 750 Arten sind zu bestaunen). Ein schöner Ort in München, den ich gerne weiterempfehle. lg reiner b.",40,,
Erlebnisdatum: August 2018,Toller Ausflug ,Wirklich herrlich - wunderschöne und teils wundersame Parklandschaft und jeden Augenblick eine neue Tierbegegnung. Besonders faszinierend für uns  - die Orang Utans mit Ihrem Nachwuchs!,50,,Reiseart: mit der Familie
Erlebnisdatum: August 2018,Ein Traum,"Gepflegte Anlage, super ausgeschildert, viele Sitzmöglichkeiten, saubere Gehege, tolle Tiere von Kamelen bis Eisbären und empfehlenswert der neue Bauernhof. Sehr gut erreichbar, ob mit Auto, oder Öffis.",50,"Brixlegg, Österreich",Reiseart: als Paar
Erlebnisdatum: August 2018,Schöner Park an der Isar,"Für Kinder das reinste Paradies. Viele verschiedene Tiere, Streichelzoo und Spielplätze. Verschiedene Gastronomie, für jeden etwas dabei. Viel Schatten durch große Bäume.Auch an heißen Tagen ein Besuch wert, auch wenn sich viele Tiere sich in ihre Verstecke zurück ziehen. Ein gelungener Tag für jung und alt",40,"Unterfranken, Deutschland",
Erlebnisdatum: Oktober 2017,Einer der schönsten Tierparks!,"Wir lieben Zoos, die Tiere artgerecht halten. Hellabrunn hat ja einen weltweiten Ruf als erster Geozoo weltweit. Endlich haben auch wir es hierher geschafft.Besonders faziniert hat uns das Eisbärengehege.",50,"Leonberg, Deutschland",Reiseart: als Paar
Erlebnisdatum: August 2018,Sehr schöner Tierpark ,Ein schöner Tierpark zu familienfreundlichen Preisen. Schön angelegt auch bei Hitze gibt es ausreichend Schattenplätze wo man sich erholen kann.,50,"Neustadt in Holstein, Deutschland",Reiseart: mit der Familie
Erlebnisdatum: August 2018,Überschaubar aber schön angelegt,"Schön angelegter Tierpark, der auch bei Hitze viel Schatten bietet und dadurch gut zu besuchen ist. Schön angelegte Pfade laden zum Spazieren ein.",50,"Aachen, Deutschland",Reiseart: mit der Familie
Erlebnisdatum: Juli 2018,Schöner Zootag in München ,Immer einen Besuch wert.  Selbst in Ferien Zeiten selten zu voll. Riesen Auswahl an Tieren und Gehegen.  Sehr weitläufig.  Schön zu wandern.  Verpflegung und Toiletten überall.,50,"Catania, Italien",Reiseart: mit der Familie
Erlebnisdatum: August 2018,Sehr schöner Tierpark,Sehr schöner Tierpark. Teilweise etwas in die Jahre gekommen aber es wird stetig modernisiert. Insgesamt aber sehr schön.,50,"Stuttgart, Deutschland",Reiseart: als Paar
Erlebnisdatum: Juli 2018,Wunderbarer Tierpark,"An heißen Tagen kann man hier nette Stunden mit etwas Abkühlung verbinden: die vielen Bäume bieten eine optimale Beschattung und die kleinen Bäche kühlen die Luft zusätzlich.Einer der schönsten Tierparks, die ich kenne. Für Kinder kann man Leiterwagerl ausleihen.",50,"Linz, Österreich",Reiseart: mit Freunden
Erlebnisdatum: Juni 2018,Tierische Natur mitten in der Großstadt,"Da in der Besuch im Tierpark Hellabrunn letztes Jahr so gut gefallen hat, sind wir dieses Jahr noch einmal dort hin gefahren. Die riesige Artenvielfalt und die schönen Tiergehege, die Wege meist im Schatten und alles sehr Kinderfreundlich - was will man mehr?Leider haben wir dieses mal auch etwas zu berichten was uns sehr gestört hat. Das Restaurant war gut mit Mitarbeitern ausgestattet, die jedoch die hungernden Besucher nicht schnell genug bedienen konnten. Lange Schlangen vor dem Salatbuffet, lange Wartezeiten bei der warmen Essensausgabe und nicht funktionierende Zapfanlagen. Die Mitarbeiter wirkten alle überfordert und unfreundlich. Als wir dann alles auf unserem Tablett hatten mussten wir nur noch an der Kasse anstellen. Dauerte auch nur ca. 8 - 10 Minuten. Endlich am Tisch angekommen war dann das Essen kalt. Auf mehrfache Anfrage beim unfreundlichen Personal zeigte man uns die unscheinbare Mikrowelle. Aber die war nicht die beste. Nach 5 Minuten volle Power war das Essen auch nur lauwarm. Fazit: absolut enttäuschend und keinesfalls empfehlenswert.Ansonsten war es wieder sehr schön im Tierpark und ein Tagesausflug dort hin ist absolut zu empfehlen!",50,"Bischofswiesen, Deutschland",Reiseart: mit Freunden
Erlebnisdatum: Juli 2018,Großzügig und weitläufiger Tierpark,"Der Münchener Tierpark Hellabrunn wird gerade deutlich renoviert und modernisiert. Daher gibt es zwar einige Baustellen, jedoch sind die fertiggestellten Bereiche dafür umso schöner. Die Artenvielfalt ist gut, so dass für jeden Geschmack etwas dabei ist. Ob man nun den Erdmännchen beim buddeln, den Giraffen beim Fressen oder den Eisbären beim Schwimmen zuschauen möchte, hier ist es möglich.Besonders geeignet ist der Tierpark um Kindern die unendliche Schönheit unserer Tierwelt nahe zu bringen und dabei den Respekt vor der Natur zu lernen.Ein Erlebnis für Groß und Klein.",50,"Massenhausen, Deutschland",Reiseart: als Paar
Erlebnisdatum: Juli 2018,Tierpark,Immer wieder schön zu mal wir als Familie immer Jahres Karte haben. allein zum Spazieren lohnt es sich.,50,,Reiseart: mit der Familie
Erlebnisdatum: Juli 2018,Gelungener Tagesausflug,"Nach anfänglicher Skepsis lies ich mich von meinen Kindern überreden. Wieder so eine Ausstellung von nicht einheimischen Tieren. Meine Bedenken wurden sehr schnell zerstreut. Schöne Gehege, weitläufiges Terrain, viele kleine Imbisse zum Ausruhen. Und die ambassadors of biodiversity...einfach genial. Sehr freundliche und gute Informationen für die Kinder. Es war ein durchaus gelungener Tag. Die Preise sind auch noch erschwinglich und im Anschluss gabs noch eine kostenlose Abkühlung ind der Isar direkt nebenan.",40,,Reiseart: mit der Familie
Erlebnisdatum: September 2017,Empfehlenswerter Tierpark,"Viel Zeit einplanen! Wer sich den Tierpark ansehen will, der braucht mindestens drei bis vier Stunden Zeit - extrem großes Areal, viele Tiere und am Ende des Zoos gibt es noch einen großen Spielplatz, den vor allem die Kleinen lieben werden!",50,"Wien, Österreich",Reiseart: mit der Familie
Erlebnisdatum: Juli 2018,Nett jedoch aus meiner Sicht überladen,"In einer schönen und waldigen Gegend liegt der Münchner Tierpark Hellabrunn. An Eintrittspreise bis 20€ hat man sich zwischenzeitlich gewöhnt und so sind die 15€ für die Tageskarte für München schon preisgünstig.Der Tierpark verfügt über eine große Artenvielfalt, die sich über einen gut ausgeschilderten Rundweg erkunden lässt. Leider führt dieser Rundweg leider an vielen Gehegen und Häusern vorbei, so dass man noch eine Menge Zusatzschilder beachten muss. Ein weiterer Nachteil ist, dass viele Tierarten un unterschiedlichen Stellen untergebracht sind. So findet man Schldkröten an mehreren Stelle, Pinguine sind an zwei unterschiedlichen Stellen zu finden, die Großkatzen und auch die Affen sind auf mehrere Stellen verteilt. Sicherlich hängt dies mit einer tiergerechten Umgestaltung und Erweiterung der Anlage zusammen, so dass auch mir als “Zooprofi“ große Schwierigkeiten in München entstehen.Auf keinen Fall möchte ich negativ klingen, der Tierpark geht bei Umbau- und Erweiterungsmaßnahmen sehr gut vor. Im Moment wird ein tolles Mühlendorf errichtet, in dem europäische Haus- und Nutzztierrassen ein neues Zuhause finden werden.Es bleibt also spannend, was der Tierpark in den nächsten Jahren zu bieten hat. Sicherlich ist Hellabrunn nicht der schönste Tierpark, einen Besuch sollte man sich jedoch nicht entgehen lassen.",40,"Mannheim, Deutschland",Reiseart: allein
Erlebnisdatum: Juni 2018,Schöner Tierpark,"während unseres München-Urlaubs haben wir auch fast einen Tag in Hellabrunn verbracht. Wir sind den empfohlenen Rundweg gegangen und waren zu Beginn eher etwas enttäuscht. Zu sehr 08/15, aber dann wurde es immer besser. Die zweite Hälfte ist moderner und interessanter (Urwald, Affen, Dschungel, Eisbären). Negativ empfanden wir die Bewirtung. Als wir zu unserem Essen alkoholfreies Münchner Weißbier wollten gab es das nicht. Münchner Bier ja, aber nicht alkoholfrei. Achtung!!! Alkoholfrei!!! in München!!! nur Clausthaler!!! Sakradi!!!",40,"Viernheim, Deutschland",Reiseart: als Paar
Erlebnisdatum: September 2017,Toller Tierpark,"Ein absolut schönes Ausflugsziel in München an der Isar. Schön für einen ausgiebigen Spaziergang, wir waren früher auch gerne mit unserem Sohn dort, viele interessante Tiere, gerade auch für Kinder.",50,"Bophut, Thailand",Reiseart: als Paar
Erlebnisdatum: Juni 2018,Sehr schön!,"Nach über 10 Jahren mal wieder hier gewesen.Sehr schöne und gepflegte Anlage.Großes Speise- und Getränkeangebot.Viele Tiere.Vorführungen, Fütterungen.Sollte man öfter machen.",50,"München, Deutschland",Reiseart: mit der Familie
Erlebnisdatum: Januar 2018,Ein Ort der Entspannung,"Besuchen Sie den Tierpark auch im Winter! Für uns ist dieser Ort im Winter fast magisch. Eine Ruhe, eine Stille, wenn die Tiere sich auf den Sommer vorbereiten.",40,"München, Deutschland",Reiseart: als Paar
Erlebnisdatum: Juni 2018,ein wunderschöner Tierpark,"der Tierpark ist einer der schönsten in denen ich je war.. nicht wegen der Größe oder der Artenvielfalt sonder einfach wegen der schönen Parkanlage.. man geht fast immer unter Bäumen bzw. wie durch einen Wald, die Tiere haben schöne gepflegt und auch entsprechend Große Gehege mit Platz zum Verstecken wenn sie Ruhe brauchen. Wir haben ungefähr 3-4 Stunden im Zoo verbracht und wie fast immer lohnt es sich bald aufzustehen.. wir waren pünktlich um 9 Uhr die ersten am Isar Eingang die reingelassen wurden (wochentags) und hatten fast eine Stunde lang so gut wie keine anderen Zoogäste gesehen. wir konnten in Ruhe wunderschöne Fotos machen und die Stille genießen. Also es lohnt sich bald dran zu sein.",50,"Linz, Österreich",Reiseart: als Paar
Erlebnisdatum: Juni 2018,Immer wieder gerne ,"Als Inhaber einer Familienkarte sind wir oft und gerne im Tierpark unterwegs. Die Kinder fühlen sich wohl, das Angebot an Spielplätzen ist gut. Die Preise für die Verpflegung vor Ort sind m.E. jedoch überhöht.",40,"München, Deutschland",Reiseart: mit der Familie
Erlebnisdatum: Juni 2018,Bei schönem Wetter ein echtes Highlight,"Für 15 € Eintrittspreis (Erwachsene) bekommt man wirklich etwas geboten. Man kann im Tierpark herrlich spazieren gehen und sieht in den weitläufigen Gehegen viele unterschiedliche Tierarten (Elefanten, Löwen, Erdmännchen, Flamingos, Löwen, Zebras, Pinguine, Pelikane, Eisbären, Giraffen, Bären und viele weitere). Für Jung und Alt ein Vergnügen, für Tierliebhaber ein Muss.",50,"Eschborn, Deutschland",Reiseart: allein
Erlebnisdatum: Juni 2018,Super Park für Kinder,"Super Park für Kinder. Der Park bietet in München eine Oase der Ruhe. Die vielen Bäume liefern viel Schatten, so ist auch an sonnigen Tagen genügend Schatten vorhanden. Bollerwagen kann man für 5 Euro mieten.",50,"Schwäbisch Hall, Deutschland",Reiseart: mit der Familie
Erlebnisdatum: Mai 2018,Überzogene Eintrittspreise unflexibel für Schüler,"Leider hatten wir heute eine sehr unangenehme Erfahrung mit der Preisgestaltung des Tierparks. Meine beiden Kinder im Alter von 15 und 17 Jahren hatten keinen Schülerausweis dabei ( mein Sohn besitzt das überhaupt nicht). Trotz Vorlage der Krankenversicherungskarte auf dem der Geburtstag darauf steht, wurde mir nicht der Schülerpreis ‚in den Pfingstferien‘ verrechnet sondern ich musste den teuren Erwachsenenpreis bezahlen. Die Kassiererin und das Infocenter haben sich auf keine Diskussion eingelassen. Sehr unflexibel und unprofessionell- darüber hinaus sehr Familien unfreundlich. Nicht zu empfehlen!!!!",10,"Neustift Im Stubaital, Österreich",
Erlebnisdatum: Mai 2018,Viel Platz!!!!,"Im Gegensatz zu manchem Zoo, ist das hier wirklich ein Park. Die Tiere haben viel Platz, was natürlich schon mal dazu führt, das man ein Tier im Gehege nicht sieht. Das finde ich ausgesprochen sympathisch!!So hat man als Besucher das Gefühl, die Tiere können sich zurückziehen wenn sie möchten. Die Biergärten sind wunderbar an der ausgeschilderten Hauptroute verteilt, so dass man immer wieder zwischendurch Rast machen kann. Auch die Preise für Essen und Getränke sind absolut in Ordnung.Möglichst bald hingehen, die Orang Utan Babys sind der Hit!!!",50,,Reiseart: als Paar
Erlebnisdatum: Mai 2018,Total überzeugt ,"Wir hatten einen wundervollen Tag im Tierpark. Das Gelände ist wahnsinnig groß und weitläufig und hat für jeden etwas zu bieten. Es gibt ausreichend Spielmöglichkeiten für Kinder, Tierfütterungen werden geboten und es sind auch an viel Ecken Restaurants und Toiletten zu finden. Es gibt eine wahnsinnige Vielfalt an Tieren, die auch in großen Gehegen leben.",50,"Dresden, Deutschland",Reiseart: mit Freunden
Erlebnisdatum: Mai 2018,Sehr verschlechtert,"Mittlerweile zeigt sich, dass ein Bauingenieur vielleicht nicht der Richtige auf Dauer ist, einen solchen Zoo zu führen. Tiergärtnerische Erfolge sind minimal, wieder starb ein Orangutan-Kind, aber dafür wird jetzt jeder Mist ins Englische übersetzt, oft findet sich gar kein deutschsprachiges Schild mehr (Globalisierungsanbiederei par exellence). Der Zoo ähnelt mehr und mehr einer riesigen Würstchenbude mit Tierbeiwerk, Hüttenzauber und Eventisierung, McZoo. Der ursprüngliche Charakter wird mehr und mehr verloren gehen, man braucht sich nur den Masterplan ansehen, da kann einem Angst und Bange werden. Schneehasen werden nahezu tierschutzwidrig gehalten, s. Süddeutsche Zeitungsartikel, Der das hier schreibt, ist selbst Tierarzt und ist schon weltweit auf tierischer Entdeckungsreise gewesen. Farewell Tierpark Hellabrunn, es geht bergab.",10,"Managua, Nicaragua",Reiseart: allein
Erlebnisdatum: Mai 2018,immer wieder sehr gerne und sehenswert,"Wir lieben die morgendlichen Zoobesuche, wir kommen um Punkt 9 Uhr und gehen durch den Zoo. Besonders im Frühjahr ist es wunderschön, da die vielen Tierkinder z sehen sind.Ganz besonders sind die 3 kleinen Orang Utan Kinder aus 2016 und 2017. Die sind sooooo süss. Die Baustelle Mühlendorf ist im vollen Gange, jedoch kein Problem für den Zoo-Besuch.  Wir können nur empfehlen, den Zoobesuch morgens zu starten, da alle Tiere noch ihr Frühstück zu sich nehmen und es einfach stiller ist im Zoo. Wir haben eine Jahreskarte und die ist einfach super.",50,"München, Deutschland",Reiseart: mit Freunden
Erlebnisdatum: Mai 2018,Schlechter Service bei Geschenkkarten,"Schlechter Service beim Eintritt des Tierparkes, da von Uns verlangt wurde, das wir uns trotz bezahltem Gutschein für eine Jahreskarte, an der Kasse für eine extra Eintrittskarte an der Kasse anstellen sollten.",10,"München, Deutschland",Reiseart: mit Freunden
Erlebnisdatum: Mai 2018,"gut zu erreichen, schön angelegt, ein Muss in München","Bei herrlichstem Wetter haben wir uns an einem Wochenende in eine der langen Schlangen an der Kasse angestellt, es ging aber recht flott. Der Eintritt ist happig, man sieht aber später, dass er in die Anlagen des Tierparks gesteckt wird. Wir haben bei heißem Wetter nur eine kleinen Teil in drei Stunden geschafft, aber dieser Teil war sehr schön. Angenehm sind auch die vielen Verpflegungsstationen. Zusammengefasst: Sehr schöner Zoo, wir kommen wieder! Unbedingt viel Zeit mitbringen oder mehrere Male kommen! Zu empfehlen ist unbedingt eine Anreise mit der U-Bahn!",50,"Kassel, Deutschland",Reiseart: als Paar
Erlebnisdatum: Februar 2018,Sehr schoen,"Auch dies muss man gesehen haben,allerdings sehr teuer  Eintritt.Aber es ist es wert ,dies alles zu sehen. ++++",50,"Chomutov, Tschechien",Reiseart: als Paar
Erlebnisdatum: Mai 2018,Ganz toller Tierpark,"Wir waren das erste Mal im Tierpark Hellabrunn und sind total begeistert. Alles ist wirklich sehr schön angelegt, die Tiere sind zum Greifen Nahe und haben (wie wir finden) richtig viel Platz. (Gerade im Vergleich zu uns bekannten anderen Zoos) Wir werden den Tierpark sicher wieder besuchen und einen schönen Tag genießen.",50,"Laichingen, Deutschland",Reiseart: als Paar
Erlebnisdatum: Juni 2017,Den Besuch wert,"Zoo informiert über Umweltprobleme wie Plastikmüll und geht mit gutem Beispiel in der Umsetzung voran, kein Plastikgeschirr mehr zB. Man kann immer noch mehr machen, aber der Anfang ist wichtig und der wird hier gemacht!Die Anlage ist wirklich schön, groß, gepflegt und ausreichend Ausruhmöglichkeiten mit Schatten sind geboten!Jetzt aber das Wichtigste - die Tiere! Kein Zoo der Welt könnte eine artgerechte Tierhaltung schaffen.. es ist nicht möglich, artgerecht ist nur die Natur, Eisbären kommen nun mal nicht in der Wüste vor.. Kamele nicht in der Arktis.. und Besucher gibt es in der Natur auch eher wenige bis keine! Und das macht sich egal in welchem Zoo natürlich auch an den ein oder anderen Tieren bemerkbar. Einige Tiere sehen sehr zufrieden aus, andere dagegen wirken teilnahmslos und (sehr) unglücklich. In München wie überall auf der Welt!Jeder muss mit sich selbst ausmachen ob und wie oft man hingeht. Ich denke aber die Tiere sind dankbar, wenn man so selten wie möglich hingeht und dann die Tage unter der Woche nutzt um einen ExtremAndrang am Wochenende zu vermeiden.",30,"München, Deutschland",Reiseart: mit der Familie
Erlebnisdatum: April 2018,Toller Erlebnistag,"Wir waren mit unserem Enkel dort und wir waren alle begeistert, sehr schöne, saubere Gehege, sehr weitläufig, jede Tierart hat ausreichend Platz, toll angelegt, genügend Ruheplätze, so stellt man sich einen Zoo vor. Die Restaurants nicht überteuert und die Qualität der Speisen passt.",50,"Innsbruck, Österreich",Reiseart: mit der Familie
Erlebnisdatum: April 2018,"Wunderschöner, unvergesslicher Aufenthalt!","Wir sind von dem Park einfach nur begeistert! Nur für 15 € Eintritt haben wir dort wunderbare 4 Stunden verbracht. Sehr gross, sehr sauber. Wir wollten diesen Park nicht verlassen! Es lag auch am super Wetter,was wir an dem Tag hatten.",50,"Bitburg, Deutschland",Reiseart: mit der Familie
Erlebnisdatum: April 2018,Schöner Ausflug ,"Wir waren für ein paar Tage in München zu Besuch und haben den Zoo Hellabrunn als Ausflugsziel gewählt. Ein sehr schöner Zoo, die Gehege sind artgerecht eingerichtet und die ganze Anlage ist sehr grün gestaltet. Auf jeden Fall ein Besuch wert!",50,,Reiseart: als Paar
Erlebnisdatum: April 2018,Toller Tag,"+viele tolle Tiere (alle Tiere sind natürlich toll, für uns besonders interessant die vielen verschiedenen Affen, Tiger, Löwen, Giraffen)+es gibt tolle Spielplätze, aber bei einem Tag ist die Zeit zu knapp+viele Tierpflegertermine u Fütterungen~die Fütterungen könnten allerdings etwas besser gestaltet werden+gut mit öffentlichen Verkehrsmitteln zu erreichen um den Staus zu entgehen+gute Gastronomie u preislich okay (nur Kaffee astronomisch teuer, Eur 4,5 für einen Latte macciato)",50,"Dornbirn, Österreich",Reiseart: mit der Familie
Erlebnisdatum: April 2018,Auf jeden Fall Einen Besuch wert,"Gute Parkmöglichkeit, moderate Preise, riesiges Gelände, nach Erdteilen aufgeteilt, ein Erlebnis, viele KInder",40,"Inning am Ammersee, Deutschland",Reiseart: mit der Familie
Erlebnisdatum: April 2018,Ein faszinierender Ort,Der Tierpark in München ist super strukturiert mit ausführlichen Informationen und effizient organisiert. Viele Münchener und Besucher kommen hierher um die Vielfältigkeit der Tierwelt zu bewundern.,50,"München, Deutschland",Reiseart: mit Freunden
Erlebnisdatum: April 2018,Toller Ausflug,"Absolut empfehlenswert. Den Tieren geht es hier wirklich gut,im Vergleich zu anderen Zoos. Leider waren wir an einem sonnigem Tag da und der Zoo war gnadenlos überlaufen.Das tao Restaurant ist empfehlenswert, geschmacklich gut und auch preislich im Rahmen.Leider gibt es im zoo gelaende zu wenig Toiletten.Der Eintritt ist mit 15 Euro absolut gerechtfertigt.",50,"Bacalar, Mexiko",Reiseart: mit der Familie
Erlebnisdatum: April 2018,Schöner Tierpark,"Toller Tierpark, Gut gepflegte Tieranlagen, Gut gepflegte Tiere, viele unterschiedliche Tiere, schöne große Anlage,  gutes Preis-Leistungsverhältnis",40,"München, Deutschland",Reiseart: mit der Familie
Erlebnisdatum: März 2018,Toll mit Hund,In diesem Tierpark sind bis auf die Indoor Tierhaeuser Hunde erlaubt und das ist wirklich klasse. Super für die ganze Familie,50,Bad Wildbad,Reiseart: mit der Familie
Erlebnisdatum: März 2018,Immer wieder schön,Einer meiner Lieblingszoos. Groß und wird immer verbessert. Besonders die Affen sind ein Highlight. Manche Gehege sollten aber erneuert werden,40,"Cuxhaven, Deutschland",Reiseart: mit der Familie
Erlebnisdatum: September 2017,"Doch, immer gerne wieder","Bereits zweimal waren wir im Urlaub im Zoo Hellabrunn in München. Es wären schon dreimal gewesen, aber leider fanden wir beim letzten mal keinen Parkplatz und die Schlangen an der Kasse waren so beängstigend lang, das wir geflohen sind. Nachdem wir beim nächsten Versuch endlich einen Parkplatz gefunden hatten, standen wir noch 15 Minuten in der Schlange für unsere Eintrittskarten. Ein stolzer Preis überrascht uns jedes mal, aber wir sind ja schließlich in München. Begeistert sind wir dann von der wunderschönen Atmosphäre und der gute Beschilderung der einzelnen Gehege. Na ja, doch ein gutes Preis Leistungsverhältnis beim Eintritt und auch im Cafe. Wir sind süchtig und werden es wieder tun, im nächsten Urlaub auf jeden Fall wieder Hellabrunn, denn wir wollen alles sehen.",40,"Schönebeck, Deutschland",Reiseart: mit der Familie
Erlebnisdatum: März 2018,Super,"Tolle Attraktionen, gute Imbissstände (gut verteilt), gutes Restaurant. Abwechslungsreiche Gestaltung der Tierwelt.Waren den ganzen Tag beschäftigt.",50,"Salzburg, Österreich",Reiseart: mit der Familie
Erlebnisdatum: November 2017,Immer gerne wieder,"Die Besuche vor allem mit unseren Enkelkindern sind immer wieder toll. Positiv vor allem, dass nun sukzessive die alten aus den 30er Jahren bestehenden alten Anlagen modern und tiergerecht modernisiert werden.",50,"Bruckmühl, Deutschland",Reiseart: mit der Familie
Erlebnisdatum: Februar 2018,Zu teuer,Leider gibt es da keine park Möglichkeiten und man muss als Zoo Gast auch noch Parkgebühren zahlen !! Ich finde den Eintritt zu teuer !!,10,"München, Deutschland",Reiseart: mit der Familie
Erlebnisdatum: Januar 2018,Ein echter Geo-Zoo,"Der Tierpark Hellabrunn wird seinem Ruf als Geo-Zoo absolut gerecht. Seit Jahrzehnten werden dort auch bedrohte Arten gezüchtet - in den letzten Jahren auch mit Erfolg: Eisbären!Das neue Polarium ist sehenswert, ein Dorf mit einheimischen Tieren im Entstehen (wie viele Kinder haben noch nie eine Kuh aus der Nähe gesehen?). Insgesamt ein gelungener Ausflug für Familien und andere Tierliebhaber.Sehr zu empfehlen!",50,"München, Deutschland",Reiseart: allein
Erlebnisdatum: Februar 2018,Für Zooliebhaber,Wunderschöne Atmosphäre auch bei winterlichen Temperaturen. Gute Beschilderung der einzelnen Gehege. Gutes Preis Leistungsverhältnis bei Eintritt und im Cafe.Polarfuchs und Schneehase sind zu bewundern. Im Bat Cave fliegen einem die Fledermäuse wortwörtlich um die Ohren.,50,Vienna,Reiseart: als Paar
Erlebnisdatum: September 2017,"Toller Tierpark, auch sehr schön für Touristen.","Toller Tierpark, auch sehr schön für Touristen. Waren schon 6  mal da. Ist immer wieder ein interessantes Erlebnis. Man braucht schon mindestens einen Tag, besser 2 Tage.",50,München,Reiseart: als Paar
Erlebnisdatum: November 2017,Sehr schöner Tierpark,Ein sehr schöner Tierpark der zum verweilen Einläd. Leider waren wir in der Ferienzeit dort und am Eingang waren sehr lange Schlangen. Etwas über 30min Wartezeit am Eingang. Im Park hat sich das ganze dann aber verlaufen was nicht auf das Erlebnis schlug. Wir werden wieder hin gehen!,50,"Karlsruhe, Deutschland",
Erlebnisdatum: Juni 2017,Sehr schöner Tierpark,"Der Tierpark Hellabrunn ist wunderschön gelegen. die Artenvielfalt ist riesig, die Tierhaltung scheint mir im Allgemeinen auf einem sehr hohen Niveau, die Präsentation der Tiere ist sowohl  Tier gerecht als auch Besucher freundlich. Ein Highlight für mich sind die Riesenschildkröten. Ich war bei meinem Besuch rundum zufrieden.",40,"Panama-Stadt, Panama",
Erlebnisdatum: Dezember 2017,sehenswert !!!,Hellabrunn ist immer wieder sehenswert. Besonders empfehlenswert sind die Spezialführungen - abends & nachts verhalten sich die Tiere anders als tagsüber.,50,"München, Deutschland",Reiseart: mit Freunden
Erlebnisdatum: Februar 2018,"Ein wirklich schönes Ausflugsziel, auch im Winter! EMPFEHLUNG!!!","Wir waren am Fschingsdienstag im Tierpark und es war einfach klasse, auch wenn wir nicht alle Tiere sehen konnten. Wir hatten Spass, es war schönes Wetter, wir waren draussen und so haben wir diesen Teil von München wieder einmal sehr genossen.Im Sommer kommen wir wieder!",50,"Tübingen, Deutschland",Reiseart: mit der Familie
Erlebnisdatum: Januar 2018,Der Münchner Geozoo ist sehenswert.,Der Münchner Geozoo ist immer einen Besuch wert. Jetzt nimmt er zusätzlich viele Millionen in die Hand um endgültig der sensationellste Geozoo der Welt zu werden.,50,"München, Deutschland",Reiseart: als Paar
Erlebnisdatum: Oktober 2017,Schöner Park,"Schöner und doch auch recht großer Zoo, der doch immer wieder Überraschte, Ein Besuch lohnt sich aufjedenfall, da er doch eine recht große Artenvielfalt aufzuweisen hat",40,"Schwarzenberg, Deutschland",Reiseart: als Paar
Erlebnisdatum: November 2017,Wir genießen jedesmal wieder den Zoobesuch,"Mindestens einmal im Jahr besuchen wir den Tierpark und es ist immer ein Genuss.  Nicht nur die Tiere, sondern auch die Gastronomie und großzügigen Gehege beeindrucken uns aufs Neue. Wir versuchen bei einer Städtereise auch den Zoo zu besuchen und der Münchner Zoo ist ohne Frage der gepflegteste und sehenswerteste unserer Besuche.",50,"Bad Reichenhall, Deutschland",Reiseart: als Paar
Erlebnisdatum: Juli 2017,immer wieder schön!,"schöner und großer Zoo, man kann sich hier den ganzen Tag aufhalten, vor allem mit Kindern immer wieder einen Besuch wert!",40,"München, Deutschland",
